player_id,player,date
325443,Viktor Gyökeres,15/7/2020
367284,Leo Østigård,15/7/2020
397099,Jordi Osei-Tutu,15/7/2020
14044,Andy Lonergan,30/7/2020
15930,David Martin,30/7/2020
34322,Sokratis Papastathopoulos,30/7/2020
35416,David McGoldrick,30/7/2020
35664,Mesut Özil,30/7/2020
36859,Leon Clarke,30/7/2020
37838,Dejan Lovren,30/7/2020
45333,James McCarthy,30/7/2020
46741,David Luiz,30/7/2020
50362,Fabian Delph,30/7/2020
51471,Mateo Kovacic,30/7/2020
52495,Chris Basham,30/7/2020
53360,Jay Rodríguez,30/7/2020
54383,John Fleck,30/7/2020
61842,Andros Townsend,30/7/2020
72476,Bernd Leno,30/7/2020
73547,Oliver Norwood,30/7/2020
74960,Martin Dúbravka,30/7/2020
88590,Shkodran Mustafi,30/7/2020
90466,Gylfi Sigurdsson,30/7/2020
95976,Alex McCarthy,30/7/2020
108354,Jordan Ayew,30/7/2020
111873,Emiliano Martínez,30/7/2020
112515,Marcos Alonso,30/7/2020
120565,Andre Gray,30/7/2020
121324,John Egan,30/7/2020
123682,Callum Wilson,30/7/2020
128901,Conor Coady,30/7/2020
128904,Ben Gibson,30/7/2020
129078,Nathan Redmond,30/7/2020
134294,Danny Ings,30/7/2020
146690,George Baldock,30/7/2020
148153,Lewis Dunk,30/7/2020
159372,Felipe Anderson,30/7/2020
167799,Pierre-Emile Højbjerg,30/7/2020
168157,Leander Dendoncker,30/7/2020
179184,Michy Batshuayi,30/7/2020
181579,James Ward-Prowse,30/7/2020
182877,Anthony Martial,30/7/2020
183288,Luke Shaw,30/7/2020
186590,John Stones,30/7/2020
192080,Nick Pope,30/7/2020
192279,Kepa Arrizabalaga,30/7/2020
201574,Angus Gunn,30/7/2020
203460,Jack Grealish,30/7/2020
204103,Adama Traoré,30/7/2020
204198,Romain Saïss,30/7/2020
207771,Louis Thompson,30/7/2020
214056,Daniel Amartey,30/7/2020
214928,Kean Bryan,30/7/2020
217115,Neal Maupay,30/7/2020
220491,Matt Macey,30/7/2020
225161,Rúben Neves,30/7/2020
240306,Bruno Fernandes,30/7/2020
243028,Jan Bednarek,30/7/2020
249089,Lewis Cook,30/7/2020
249126,Harry Winks,30/7/2020
256178,Joe Gomez,30/7/2020
256977,Daniel Podence,30/7/2020
258919,Dean Henderson,30/7/2020
258923,Marcus Rashford,30/7/2020
272642,Allan Saint-Maximin,30/7/2020
274839,Wilfred Ndidi,30/7/2020
277033,David Brooks,30/7/2020
282823,Alfie Whiteman,30/7/2020
283628,Tomáš Souček,30/7/2020
285033,Will Norris,30/7/2020
288948,Aston Oxborough,30/7/2020
291422,Lys Mousset,30/7/2020
293257,Matija Sarkic,30/7/2020
294057,James Maddison,30/7/2020
295330,Kelechi Iheanacho,30/7/2020
298477,Oli McBurnie,30/7/2020
300716,Kieran Tierney,30/7/2020
302215,Naby Keïta,30/7/2020
314353,Trent Alexander-Arnold,30/7/2020
314875,Jarrod Bowen,30/7/2020
315185,Jake Hesketh,30/7/2020
315779,Christian Pulisic,30/7/2020
318077,Lucas Torreira,30/7/2020
319301,Daniel James,30/7/2020
320141,Çağlar Söyüncü,30/7/2020
329813,João Virgínia,30/7/2020
340324,Eddie Nketiah,30/7/2020
343052,Nicolas Pépé,30/7/2020
343475,Ben Godfrey,30/7/2020
346779,Ché Adams,30/7/2020
348623,Mason Holgate,30/7/2020
357147,Diogo Dalot,30/7/2020
357658,Mark Travers,30/7/2020
390664,Jacob Lungi Sørensen,30/7/2020
392775,Ryan Sessegnon,30/7/2020
396174,Jimmy Dunne,30/7/2020
398065,Harvey Barnes,30/7/2020
403151,Robert Sánchez,30/7/2020
406635,Phil Foden,30/7/2020
413220,James Justin,30/7/2020
413403,Ezri Konsa,30/7/2020
433177,Bukayo Saka,30/7/2020
433186,Bali Mumba,30/7/2020
433188,Curtis Jones,30/7/2020
434223,Adam Idah,30/7/2020
444211,Will Smallbone,30/7/2020
447661,Douglas Luiz,30/7/2020
450936,Tanguy Ndombélé,30/7/2020
465830,Mattéo Guendouzi,30/7/2020
466794,Eric García,30/7/2020
468002,Ben Johnson,30/7/2020
469064,Gavin Kilkenny,30/7/2020
477758,Aaron Wan-Bissaka,30/7/2020
484387,Matty Longstaff,30/7/2020
487465,Pedro Neto,30/7/2020
503680,Neco Williams,30/7/2020
503733,Anthony Gordon,30/7/2020
504148,Tariq Lamptey,30/7/2020
505194,Luke Thomas,30/7/2020
531677,Di'Shon Bernard,30/7/2020
532826,Mason Greenwood,30/7/2020
547534,Josh Martin,30/7/2020
548470,Teden Mengi,30/7/2020
562254,Kyle Taylor,30/7/2020
571743,Armando Broja,30/7/2020
582078,Will Dennis,30/7/2020
584769,Dwight McNeil,30/7/2020
591193,Niels Nkounkou,30/7/2020
605498,Sebastian Soto,30/7/2020
611906,Nnamdi Ofoborh,30/7/2020
618901,Sam McCallum,30/7/2020
626724,João Pedro,30/7/2020
661053,Jarrad Branthwaite,30/7/2020
160438,Mohamed Elneny,4/8/2020
170934,Mario Lemina,4/8/2020
178614,Jean Michaël Seri,4/8/2020
75471,Yannick Bolasie,17/8/2020
87856,Roderick Miranda,17/8/2020
103427,Chris Smalling,25/8/2020
173859,Davide Zappacosta,25/8/2020
455917,Josh Eppiah,11/9/2020
503988,Alex Mighten,11/9/2020
543164,Rhys Norrington-Davies,11/9/2020
666136,Corey Panter,11/9/2020
264956,Jean-Kévin Augustin,16/9/2020
2857,Eldin Jakupovic,13/10/2020
3333,James Milner,13/10/2020
6636,Christian Fuchs,13/10/2020
10003,Wes Morgan,13/10/2020
13460,Lee Grant,13/10/2020
13520,Phil Jagielka,13/10/2020
14555,Scott Carson,13/10/2020
15773,Phil Bardsley,13/10/2020
15930,David Martin,13/10/2020
16911,Kasper Schmeichel,13/10/2020
17965,Hugo Lloris,13/10/2020
19948,Willy Caballero,13/10/2020
22614,Robert Snodgrass,13/10/2020
26267,Fernandinho,13/10/2020
26399,Sergio Agüero,13/10/2020
27486,Kiko Casilla,13/10/2020
27511,Gary Cahill,13/10/2020
29241,Thiago Silva,13/10/2020
29364,João Moutinho,13/10/2020
29692,Lukasz Fabianski,13/10/2020
29712,John Ruddy,13/10/2020
30690,Sergio Romero,13/10/2020
31835,Mark Noble,13/10/2020
33713,Theo Walcott,13/10/2020
34130,Tom Heaton,13/10/2020
34322,Sokratis Papastathopoulos,13/10/2020
35416,David McGoldrick,13/10/2020
35664,Mesut Özil,13/10/2020
36529,Kevin McDonald,13/10/2020
37304,Shane Long,13/10/2020
39381,Gareth Bale,13/10/2020
40204,Joe Hart,13/10/2020
40611,Ryan Bertrand,13/10/2020
40613,Jack Cork,13/10/2020
41416,James McArthur,13/10/2020
42412,Jonny Evans,13/10/2020
42710,Toby Alderweireld,13/10/2020
43530,Adam Lallana,13/10/2020
43763,Erik Pieters,13/10/2020
44068,Juan Mata,13/10/2020
44794,Henri Lansbury,13/10/2020
45026,Rui Patrício,13/10/2020
45333,James McCarthy,13/10/2020
45494,Wayne Hennessey,13/10/2020
45671,Cenk Tosun,13/10/2020
45882,Fabri,13/10/2020
46001,Moussa Sissoko,13/10/2020
46220,Pablo Hernández,13/10/2020
46405,Lovre Kalinic,13/10/2020
46741,David Luiz,13/10/2020
47713,Mamadou Sakho,13/10/2020
48002,Angelo Ogbonna,13/10/2020
48066,Andy Carroll,13/10/2020
48280,Edinson Cavani,13/10/2020
48870,Jonas Lössl,13/10/2020
49499,Georginio Wijnaldum,13/10/2020
49542,Billy Sharp,13/10/2020
49755,Dale Stephens,13/10/2020
50174,Danny Rose,13/10/2020
50201,Christian Benteke,13/10/2020
50362,Fabian Delph,13/10/2020
51152,Aleksandar Mitrović,13/10/2020
51321,Darren Randolph,13/10/2020
51471,Mateo Kovacic,13/10/2020
51540,Henri Saivet,13/10/2020
52119,Patrick van Aanholt,13/10/2020
52191,Stephen Henderson,13/10/2020
52495,Chris Basham,13/10/2020
52570,Fraser Forster,13/10/2020
52769,Willian,13/10/2020
53360,Jay Rodríguez,13/10/2020
53622,İlkay Gündoğan,13/10/2020
54383,John Fleck,13/10/2020
57079,Jack Rodwell,13/10/2020
57500,César Azpilicueta,13/10/2020
58864,Pierre-Emerick Aubameyang,13/10/2020
59377,David de Gea,13/10/2020
59641,Denis Odoi,13/10/2020
59866,Victor Moses,13/10/2020
60444,Thiago Alcántara,13/10/2020
60558,Maxime Le Marchand,13/10/2020
61560,Marc Albrighton,13/10/2020
61592,James Tomkins,13/10/2020
61651,Jordan Henderson,13/10/2020
61653,Conor Hourihane,13/10/2020
61697,Wes Foderingham,13/10/2020
61842,Andros Townsend,13/10/2020
62008,Stefan Johansen,13/10/2020
62121,Odion Ighalo,13/10/2020
62688,Scott Dann,13/10/2020
63200,Ashley Barnes,13/10/2020
64399,Vicente Guaita,13/10/2020
66100,Oriol Romeu,13/10/2020
66333,Ahmed Elmohamady,13/10/2020
66934,Cheikhou Kouyaté,13/10/2020
67252,Ryan Bennett,13/10/2020
67416,Neil Taylor,13/10/2020
67420,Luke Ayling,13/10/2020
68390,Séamus Coleman,13/10/2020
69015,Andriy Yarmolenko,13/10/2020
71271,Adrián San Miguel,13/10/2020
71292,Jonjo Shelvey,13/10/2020
72476,Bernd Leno,13/10/2020
73491,Danny Drinkwater,13/10/2020
73522,Matty James,13/10/2020
73547,Oliver Norwood,13/10/2020
73564,Jason Steele,13/10/2020
74300,Luka Milivojevic,13/10/2020
74683,Nemanja Matić,13/10/2020
74810,Ben Mee,13/10/2020
74960,Martin Dúbravka,13/10/2020
75067,Liam Cooper,13/10/2020
75458,Robin Olsen,13/10/2020
75471,Yannick Bolasie,13/10/2020
77100,Lucas Moura,13/10/2020
78959,Martin Kelly,13/10/2020
79027,Davy Pröpper,13/10/2020
82105,Joel Matip,13/10/2020
82442,Olivier Giroud,13/10/2020
82873,Pascal Groß,13/10/2020
85475,Federico Fernández,13/10/2020
85706,Enda Stevens,13/10/2020
86202,Antonio Rüdiger,13/10/2020
86792,Xherdan Shaqiri,13/10/2020
87856,Roderick Miranda,13/10/2020
88103,James Rodríguez,13/10/2020
88590,Shkodran Mustafi,13/10/2020
88755,Kevin De Bruyne,13/10/2020
89231,Jóhann Berg Gudmundsson,13/10/2020
90466,Gylfi Sigurdsson,13/10/2020
91317,Ashley Westwood,13/10/2020
91845,Heung-min Son,13/10/2020
91854,Barry Douglas,13/10/2020
92469,Matt Ritchie,13/10/2020
92571,Aaron Cresswell,13/10/2020
92572,Joel Ward,13/10/2020
92738,Mateusz Klich,13/10/2020
93176,Marcos Rojo,13/10/2020
93720,Alexandre Lacazette,13/10/2020
93905,Muhamed Besic,13/10/2020
94005,Sead Kolasinac,13/10/2020
95424,Kyle Walker,13/10/2020
95435,Connor Wickham,13/10/2020
95976,Alex McCarthy,13/10/2020
98240,Ciaran Clark,13/10/2020
99331,Jannik Vestergaard,13/10/2020
99397,Karl Darlow,13/10/2020
101500,Matej Vydra,13/10/2020
102017,Jorginho,13/10/2020
102258,Matthew Lowton,13/10/2020
104124,Michail Antonio,13/10/2020
105470,Alisson,13/10/2020
108354,Jordan Ayew,13/10/2020
108725,Chris Wood,13/10/2020
110867,Jed Steer,13/10/2020
111051,Nampalys Mendy,13/10/2020
111114,Kevin Long,13/10/2020
111195,Joël Veltman,13/10/2020
111422,Neeskens Kebano,13/10/2020
111455,Granit Xhaka,13/10/2020
111630,Erik Lamela,13/10/2020
111873,Emiliano Martínez,13/10/2020
112515,Marcos Alonso,13/10/2020
112988,Cédric Soares,13/10/2020
117996,Phil Jones,13/10/2020
118534,Michael Keane,13/10/2020
120629,Alphonse Areola,13/10/2020
121257,Adam Forshaw,13/10/2020
121324,John Egan,13/10/2020
121477,Craig Dawson,13/10/2020
122153,Paul Pogba,13/10/2020
123275,Tom Cairney,13/10/2020
123536,Simon Moore,13/10/2020
123682,Callum Wilson,13/10/2020
126412,Ouasim Bouy,13/10/2020
126422,Allan,13/10/2020
126664,Lucas Digne,13/10/2020
127032,Serge Aurier,13/10/2020
127187,Abdoulaye Doucouré,13/10/2020
128229,Robbie Brady,13/10/2020
128901,Conor Coady,13/10/2020
128909,Jack Robinson,13/10/2020
128969,Mathew Ryan,13/10/2020
129078,Nathan Redmond,13/10/2020
129588,Dennis Praet,13/10/2020
129604,Ezgjan Alioski,13/10/2020
130164,Jordan Pickford,13/10/2020
130765,Stuart Armstrong,13/10/2020
131505,Rodrigo,13/10/2020
131789,Roberto Firmino,13/10/2020
131978,Ross Barkley,13/10/2020
131996,Bertrand Traoré,13/10/2020
132098,Harry Kane,13/10/2020
134270,Dan Burn,13/10/2020
134294,Danny Ings,13/10/2020
134425,Raheem Sterling,13/10/2020
135343,Fabian Schär,13/10/2020
135853,Manuel Lanzini,13/10/2020
137745,Marçal,13/10/2020
139173,Achraf Lazaar,13/10/2020
139208,Virgil van Dijk,13/10/2020
140191,Ryan Fredericks,13/10/2020
141660,Jesse Lingard,13/10/2020
142310,Willy Boly,13/10/2020
142389,Mark Gillespie,13/10/2020
143424,Alex Oxlade-Chamberlain,13/10/2020
144028,Leandro Trossard,13/10/2020
145466,Tim Ream,13/10/2020
145988,Wilfried Zaha,13/10/2020
146164,Max Meyer,13/10/2020
146690,George Baldock,13/10/2020
146795,Ryan Fraser,13/10/2020
147094,José Izquierdo,13/10/2020
148153,Lewis Dunk,13/10/2020
148262,Jeff Hendrick,13/10/2020
148368,Divock Origi,13/10/2020
148455,Mohamed Salah,13/10/2020
149237,Anthony Knockaert,13/10/2020
149716,Ivan Cavaleiro,13/10/2020
156941,John Lundstram,13/10/2020
157490,Michael Hector,13/10/2020
157495,Benjamin Mendy,13/10/2020
157506,Jeffrey Schlupp,13/10/2020
157509,Kurt Zouma,13/10/2020
157672,Vladimír Coufal,13/10/2020
158764,Stuart Dallas,13/10/2020
160438,Mohamed Elneny,13/10/2020
162029,Javier Manquillo,13/10/2020
163744,Jack Stephens,13/10/2020
165793,Takumi Minamino,13/10/2020
167799,Pierre-Emile Højbjerg,13/10/2020
168157,Leander Dendoncker,13/10/2020
170321,Paul Dummett,13/10/2020
170527,Timo Werner,13/10/2020
170934,Mario Lemina,13/10/2020
171424,Riyad Mahrez,13/10/2020
171679,Matt Doherty,13/10/2020
173504,James Tarkowski,13/10/2020
173900,Hélder Costa,13/10/2020
174915,Islam Slimani,13/10/2020
175169,Bernard,13/10/2020
175446,Jonny Otto,13/10/2020
175722,Eric Dier,13/10/2020
176553,Aymeric Laporte,13/10/2020
177065,Florin Andone,13/10/2020
177476,Nathan Aké,13/10/2020
177862,Charly Musonda Jr.,13/10/2020
177907,Harry Maguire,13/10/2020
178614,Jean Michaël Seri,13/10/2020
179184,Michy Batshuayi,13/10/2020
181375,Sébastien Haller,13/10/2020
181380,Arthur Masuaku,13/10/2020
181579,James Ward-Prowse,13/10/2020
181778,Emerson,13/10/2020
182712,João Cancelo,13/10/2020
182877,Anthony Martial,13/10/2020
182894,Jean-Philippe Gbamin,13/10/2020
183288,Luke Shaw,13/10/2020
183318,Jamaal Lascelles,13/10/2020
183334,Patrick Bamford,13/10/2020
183720,Anwar El Ghazi,13/10/2020
184528,Emil Krafth,13/10/2020
184573,Victor Lindelöf,13/10/2020
186186,Bobby De Cordova-Reid,13/10/2020
186590,John Stones,13/10/2020
186901,Marek Rodák,13/10/2020
186997,Christian Atsu,13/10/2020
191217,Héctor Bellerín,13/10/2020
191614,Fred,13/10/2020
192080,Nick Pope,13/10/2020
192279,Kepa Arrizabalaga,13/10/2020
192765,Ben Davies,13/10/2020
193116,John McGinn,13/10/2020
193469,Björn Engels,13/10/2020
194460,Joe Bryan,13/10/2020
195488,Paulo Gazzaniga,13/10/2020
195633,Charlie Taylor,13/10/2020
196522,Dwight Gayle,13/10/2020
196948,Andreas Christensen,13/10/2020
197838,Jamie Vardy,13/10/2020
199527,Jacob Murphy,13/10/2020
200512,Sadio Mané,13/10/2020
201574,Angus Gunn,13/10/2020
202886,Ruben Loftus-Cheek,13/10/2020
203026,Danny Ward,13/10/2020
203460,Jack Grealish,13/10/2020
203853,Oleksandr Zinchenko,13/10/2020
204103,Adama Traoré,13/10/2020
204198,Romain Saïss,13/10/2020
205657,Rúnar Alex Rúnarsson,13/10/2020
206040,Raúl Jiménez,13/10/2020
206225,Isaac Hayden,13/10/2020
206746,Kenny Tete,13/10/2020
207929,Dele Alli,13/10/2020
208379,Christian Walton,13/10/2020
209212,Solly March,13/10/2020
210178,Pablo Marí,13/10/2020
212829,Jack O'Connell,13/10/2020
212847,Adam Webster,13/10/2020
213268,Alireza Jahanbakhsh,13/10/2020
214056,Daniel Amartey,13/10/2020
214928,Kean Bryan,13/10/2020
215118,Calum Chambers,13/10/2020
215876,Ricardo Pereira,13/10/2020
217111,Hakim Ziyech,13/10/2020
217115,Neal Maupay,13/10/2020
218087,Ben Osborn,13/10/2020
220491,Matt Macey,13/10/2020
220755,Matthew Pennington,13/10/2020
221025,André Gomes,13/10/2020
221624,Zack Steffen,13/10/2020
224884,Abdul Rahman Baba,13/10/2020
225083,N'Golo Kanté,13/10/2020
225161,Rúben Neves,13/10/2020
225693,Fabinho,13/10/2020
226968,Sam McQueen,13/10/2020
226973,Harrison Reed,13/10/2020
230784,Thomas Partey,13/10/2020
231572,Nélson Semedo,13/10/2020
233124,Kortney Hause,13/10/2020
234189,Trezeguet,13/10/2020
234803,Andrew Robertson,13/10/2020
236490,Ola Aina,13/10/2020
238223,Ederson,13/10/2020
240306,Bruno Fernandes,13/10/2020
241481,Jaïro Riedewald,13/10/2020
241641,Bernardo Silva,13/10/2020
242631,Alex Iwobi,13/10/2020
243028,Jan Bednarek,13/10/2020
243589,Josh Onomah,13/10/2020
246291,Diego Llorente,13/10/2020
246968,Ayoze Pérez,13/10/2020
249126,Harry Winks,13/10/2020
249565,Youri Tielemans,13/10/2020
250478,Matt Targett,13/10/2020
253341,Rob Holding,13/10/2020
253677,Tyrone Mings,13/10/2020
255626,Conor Shaughnessy,13/10/2020
255755,Alex Telles,13/10/2020
255916,DeAndre Yedlin,13/10/2020
256178,Joe Gomez,13/10/2020
256977,Daniel Podence,13/10/2020
258004,Rúben Dias,13/10/2020
258188,Rolando Aarons,13/10/2020
258878,Tosin Adarabioyo,13/10/2020
258883,Jonjoe Kenny,13/10/2020
258885,Max Lowe,13/10/2020
258919,Dean Henderson,13/10/2020
258923,Marcus Rashford,13/10/2020
260827,Joachim Andersen,13/10/2020
262226,Timothy Castagne,13/10/2020
272622,Issa Diop,13/10/2020
272642,Allan Saint-Maximin,13/10/2020
272999,Miguel Almirón,13/10/2020
274839,Wilfred Ndidi,13/10/2020
279455,Harry Wilson,13/10/2020
282429,Sergio Reguilón,13/10/2020
282823,Alfie Whiteman,13/10/2020
283628,Tomáš Souček,13/10/2020
284165,Steven Bergwijn,13/10/2020
285033,Will Norris,13/10/2020
285548,Fabián Balbuena,13/10/2020
285845,Ainsley Maitland-Niles,13/10/2020
286384,Eric Bailly,13/10/2020
288255,Donny van de Beek,13/10/2020
288259,Michael Verrips,13/10/2020
289446,Yerry Mina,13/10/2020
290951,Aboubakar Kamara,13/10/2020
291422,Lys Mousset,13/10/2020
292417,Demarai Gray,13/10/2020
293168,Filip Benkovic,13/10/2020
293283,Oskar Buur,13/10/2020
293569,Josh Brownhill,13/10/2020
294057,James Maddison,13/10/2020
295330,Kelechi Iheanacho,13/10/2020
296986,Tyler Roberts,13/10/2020
298477,Oli McBurnie,13/10/2020
300716,Kieran Tierney,13/10/2020
302215,Naby Keïta,13/10/2020
303254,Fikayo Tomori,13/10/2020
306024,Dominic Calvert-Lewin,13/10/2020
309400,Kai Havertz,13/10/2020
314210,Tom Davies,13/10/2020
314353,Trent Alexander-Arnold,13/10/2020
314875,Jarrod Bowen,13/10/2020
315131,Timothy Fosu-Mensah,13/10/2020
315185,Jake Hesketh,13/10/2020
315779,Christian Pulisic,13/10/2020
315969,Scott McTominay,13/10/2020
316125,Ben Chilwell,13/10/2020
319301,Daniel James,13/10/2020
319745,Dani Ceballos,13/10/2020
320141,Çağlar Söyüncü,13/10/2020
324358,Ollie Watkins,13/10/2020
324882,Marvelous Nakamba,13/10/2020
328784,Robin Koch,13/10/2020
329813,João Virgínia,13/10/2020
331726,Tammy Abraham,13/10/2020
333014,Sander Berge,13/10/2020
333241,Joelinton,13/10/2020
335721,Ben White,13/10/2020
337800,Gedson Fernandes,13/10/2020
338070,Konstantinos Tsimikas,13/10/2020
340322,Nathan Tella,13/10/2020
340324,Eddie Nketiah,13/10/2020
340325,Reiss Nelson,13/10/2020
340329,Joe Willock,13/10/2020
340460,Philippe Sandler,13/10/2020
340918,Caoimhín Kelleher,13/10/2020
340950,Diogo Jota,13/10/2020
341043,Harry Lewis,13/10/2020
341049,Cameron Carter-Vickers,13/10/2020
341051,Kyle Walker-Peters,13/10/2020
341317,Oliver Burke,13/10/2020
341429,Davinson Sánchez,13/10/2020
341501,Hamza Choudhury,13/10/2020
341647,Cengiz Ünder,13/10/2020
342046,Axel Tuanzebe,13/10/2020
343052,Nicolas Pépé,13/10/2020
343475,Ben Godfrey,13/10/2020
344015,Ben Woodburn,13/10/2020
345468,Andi Zeqiri,13/10/2020
346018,Jamal Lewis,13/10/2020
346478,Japhet Tanganga,13/10/2020
346483,Mason Mount,13/10/2020
346707,Sean Longstaff,13/10/2020
346779,Ché Adams,13/10/2020
348623,Mason Holgate,13/10/2020
348795,Giovani Lo Celso,13/10/2020
349701,Antonee Robinson,13/10/2020
351749,Kalvin Phillips,13/10/2020
354352,Frédéric Guilbert,13/10/2020
354361,Frank Anguissa,13/10/2020
357565,Rodri,13/10/2020
357656,Jayson Molumby,13/10/2020
357662,Declan Rice,13/10/2020
357885,Pablo Fornals,13/10/2020
360517,Jay-Roy Grot,13/10/2020
363205,Gabriel Jesus,13/10/2020
364258,Bernardo,13/10/2020
378710,Richarlison,13/10/2020
381362,Wesley Moraes,13/10/2020
392763,Ian Poveda,13/10/2020
392765,Emile Smith Rowe,13/10/2020
392768,Callum Hudson-Odoi,13/10/2020
392771,Ethan Ampadu,13/10/2020
396174,Jimmy Dunne,13/10/2020
398065,Harvey Barnes,13/10/2020
398184,Ferran Torres,13/10/2020
399369,Beni Baningime,13/10/2020
403151,Robert Sánchez,13/10/2020
406008,Yan Valery,13/10/2020
406040,Ademola Lookman,13/10/2020
406560,Rhian Brewster,13/10/2020
406635,Phil Foden,13/10/2020
410425,Yves Bissouma,13/10/2020
410436,Bailey Peacock-Farrell,13/10/2020
410708,Pascal Struijk,13/10/2020
411295,Raphinha,13/10/2020
411495,Max Sanders,13/10/2020
412660,Keinan Davis,13/10/2020
413032,Ibrahima Diallo,13/10/2020
413220,James Justin,13/10/2020
413403,Ezri Konsa,13/10/2020
417346,Jack Harrison,13/10/2020
421424,Jake Vokins,13/10/2020
421873,Elia Caprile,13/10/2020
423744,Billy Gilmour,13/10/2020
425334,Matty Cash,13/10/2020
427568,Aaron Ramsdale,13/10/2020
433177,Bukayo Saka,13/10/2020
433183,Tommy Doyle,13/10/2020
433188,Curtis Jones,13/10/2020
434207,Aaron Connolly,13/10/2020
435338,Gabriel,13/10/2020
442531,Edouard Mendy,13/10/2020
444208,Michael Obafemi,13/10/2020
444211,Will Smallbone,13/10/2020
447661,Douglas Luiz,13/10/2020
450936,Tanguy Ndombélé,13/10/2020
465717,Jayden Bogle,13/10/2020
466794,Eric García,13/10/2020
468002,Ben Johnson,13/10/2020
472423,Reece James,13/10/2020
475411,Wesley Fofana,13/10/2020
476237,Steven Alzate,13/10/2020
477758,Aaron Wan-Bissaka,13/10/2020
479999,Eberechi Eze,13/10/2020
484387,Matty Longstaff,13/10/2020
485424,Moussa Djenepo,13/10/2020
485583,Ki-Jana Hoever,13/10/2020
487465,Pedro Neto,13/10/2020
487469,Vitinha,13/10/2020
495666,William Saliba,13/10/2020
502070,George Wickens,13/10/2020
502074,Sylvester Jasper,13/10/2020
503680,Neco Williams,13/10/2020
503733,Anthony Gordon,13/10/2020
503977,Taylor Harwood-Bellis,13/10/2020
503980,Joe Gelhardt,13/10/2020
504148,Tariq Lamptey,13/10/2020
505194,Luke Thomas,13/10/2020
505653,Fábio Silva,13/10/2020
507254,Nathan Ferguson,13/10/2020
507700,Brandon Williams,13/10/2020
525247,Maximilian Kilman,13/10/2020
525287,Carlos Vinícius,13/10/2020
532824,Dan Langley,13/10/2020
532826,Mason Greenwood,13/10/2020
534033,Alexis Mac Allister,13/10/2020
534698,Robbie Gotts,13/10/2020
534700,Jamie Shackleton,13/10/2020
541231,Sepp van den Berg,13/10/2020
542586,Illan Meslier,13/10/2020
559794,Jack Clarke,13/10/2020
559800,Oliver Casey,13/10/2020
563963,Mohammed Salisu,13/10/2020
565822,Harvey Elliott,13/10/2020
578391,Rayan Aït-Nouri,13/10/2020
584769,Dwight McNeil,13/10/2020
591193,Niels Nkounkou,13/10/2020
596446,Leif Davis,13/10/2020
610849,Liam Delap,13/10/2020
611650,Sam Woods,13/10/2020
614084,Luke Matheson,13/10/2020
655488,Gabriel Martinelli,13/10/2020
661053,Jarrad Branthwaite,13/10/2020
676318,Facundo Pellistri,13/10/2020
696346,Jay Stansfield,13/10/2020
703470,Brandon Pierrick,13/10/2020
730893,Tyrick Mitchell,13/10/2020
746734,Kyron Gordon,13/10/2020
746777,Zak Brunt,13/10/2020
804040,George Broadbent,13/10/2020
9988,Michael Dawson,15/10/2020
12384,Alexander Tettey,15/10/2020
13572,Ben Foster,15/10/2020
27659,Martin Cranie,15/10/2020
29391,Michael McGovern,15/10/2020
33027,Tim Krul,15/10/2020
33873,Asmir Begovic,15/10/2020
35413,Lewis Grabban,15/10/2020
36291,Gaëtan Bong,15/10/2020
39372,Mario Vrancic,15/10/2020
44983,Dan Gosling,15/10/2020
45693,Glenn Murray,15/10/2020
45760,Marco Stiepermann,15/10/2020
45921,Luke Daniels,15/10/2020
46972,Teemu Pukki,15/10/2020
51733,Andrew Shinnie,15/10/2020
52576,Kazenga LuaLua,15/10/2020
55742,Harry Arter,15/10/2020
59606,Craig Cathcart,15/10/2020
61583,Eunan O'Kane,15/10/2020
61644,Jack Colback,15/10/2020
61841,Adam Smith,15/10/2020
62640,James Collins,15/10/2020
63494,Étienne Capoue,15/10/2020
65477,Troy Deeney,15/10/2020
66923,Luke Freeman,15/10/2020
73484,Tom Cleverley,15/10/2020
76467,Kiko Femenía,15/10/2020
77812,Christoph Zimmermann,15/10/2020
81512,Christian Kabasele,15/10/2020
82243,Moritz Leitner,15/10/2020
82863,Lukas Rupp,15/10/2020
87672,Junior Stanislas,15/10/2020
89461,Samba Sow,15/10/2020
90836,Steve Cook,15/10/2020
91059,Joshua King,15/10/2020
91340,James Shea,15/10/2020
92381,Sammy Ameobi,15/10/2020
93315,Henrik Dalsgaard,15/10/2020
93831,Tom Trybull,15/10/2020
102382,Michael Hefele,15/10/2020
104495,Lyle Taylor,15/10/2020
109751,Onel Hernández,15/10/2020
110868,Ryan Tunnicliffe,15/10/2020
120186,Daniel Bachmann,15/10/2020
120565,Andre Gray,15/10/2020
121238,George Moncur,15/10/2020
121385,Grant Hanley,15/10/2020
122077,Tobias Figueiredo,15/10/2020
125314,Pontus Jansson,15/10/2020
125685,Luke Berry,15/10/2020
126321,Carl Jenkinson,15/10/2020
126600,Kenny McLean,15/10/2020
126681,Abdoulaye Diallo,15/10/2020
128900,Nathaniel Chalobah,15/10/2020
128904,Ben Gibson,15/10/2020
134414,Tyler Blackett,15/10/2020
137704,Miguel Ángel Guerrero,15/10/2020
140579,Josip Drmic,15/10/2020
148367,Christian Nørgaard,15/10/2020
158623,Cyrus Christie,15/10/2020
158700,Tendayi Darikwa,15/10/2020
184129,Jordan Clark,15/10/2020
191056,Brice Samba,15/10/2020
192875,William Troost-Ekong,15/10/2020
203655,Cafú,15/10/2020
204102,Xavi Quintillà,15/10/2020
204294,Saman Ghoddos,15/10/2020
207014,Will Hughes,15/10/2020
207037,Dan Potts,15/10/2020
207742,Tom Lockyer,15/10/2020
208244,Brendan Galloway,15/10/2020
229826,Elliot Lee,15/10/2020
232964,Emiliano Marcondes,15/10/2020
236953,Sam Byram,15/10/2020
244338,Pelly Ruddock Mpanzu,15/10/2020
245072,Stipe Perica,15/10/2020
246351,Zach Clough,15/10/2020
249089,Lewis Cook,15/10/2020
249356,Jack Stacey,15/10/2020
249513,Diego Rico,15/10/2020
249873,Tariqe Fosu,15/10/2020
251664,Ivan Toney,15/10/2020
251845,Sergi Canós,15/10/2020
252345,Ken Sema,15/10/2020
255703,Harry Cornick,15/10/2020
255906,Scott McKenna,15/10/2020
258032,Yuri Ribeiro,15/10/2020
258889,Dominic Solanke,15/10/2020
258916,Kieran Dowell,15/10/2020
262749,David Raya,15/10/2020
262980,Jefferson Lerma,15/10/2020
265033,Nikolas Ioannou,15/10/2020
270171,Vitaly Janelt,15/10/2020
277033,David Brooks,15/10/2020
286949,Adam Masina,15/10/2020
287167,Joe Lolley,15/10/2020
288948,Aston Oxborough,15/10/2020
290532,Saïd Benrahma,15/10/2020
291544,Jordan Hugill,15/10/2020
295331,Isaac Success,15/10/2020
319859,Mathias Jensen,15/10/2020
320411,Philip Billing,15/10/2020
321247,Emiliano Buendía,15/10/2020
324223,James Bree,15/10/2020
332341,Todd Cantwell,15/10/2020
335245,Marc Navarro,15/10/2020
339556,Rico Henry,15/10/2020
340321,Josh Dasilva,15/10/2020
346472,Tom Dele-Bashiru,15/10/2020
355861,Arnaut Danjuma,15/10/2020
357658,Mark Travers,15/10/2020
371436,Francisco Sierralta,15/10/2020
372240,Mads Bech Sørensen,15/10/2020
376856,Charlie Goode,15/10/2020
383109,Przemyslaw Placheta,15/10/2020
390664,Jacob Lungi Sørensen,15/10/2020
391005,Mads Roerslev,15/10/2020
391719,Domingos Quina,15/10/2020
398402,Sam Surridge,15/10/2020
404584,Marcus Forss,15/10/2020
406638,Oliver Skipp,15/10/2020
410225,Ismaïla Sarr,15/10/2020
412596,Adam Parkes,15/10/2020
413039,Bryan Mbeumo,15/10/2020
415970,Joe Worrall,15/10/2020
419930,Jack Simpson,15/10/2020
425902,Ryan Yates,15/10/2020
433186,Bali Mumba,15/10/2020
434223,Adam Idah,15/10/2020
442248,Ethan Pinnock,15/10/2020
442337,Filip Stuparevic,15/10/2020
452707,Jordan Smith,15/10/2020
456292,Ellery Balcombe,15/10/2020
461617,Rodrigo Riquelme,15/10/2020
463610,Loïc Mbe Soh,15/10/2020
467599,Ben Wilmot,15/10/2020
469064,Gavin Kilkenny,15/10/2020
471690,Max Aarons,15/10/2020
480116,Lloyd Kelly,15/10/2020
480987,Chris Mepham,15/10/2020
503688,Dominic Thompson,15/10/2020
503795,Jeremy Ngakia,15/10/2020
503988,Alex Mighten,15/10/2020
505219,James Garner,15/10/2020
533916,Shandon Baptiste,15/10/2020
543164,Rhys Norrington-Davies,15/10/2020
547534,Josh Martin,15/10/2020
582078,Will Dennis,15/10/2020
611906,Nnamdi Ofoborh,15/10/2020
626724,João Pedro,15/10/2020
666136,Corey Panter,15/10/2020
178614,Jean Michaël Seri,15/12/2020
26399,Sergio Agüero,17/12/2020
34322,Sokratis Papastathopoulos,17/12/2020
35664,Mesut Özil,17/12/2020
39381,Gareth Bale,17/12/2020
41416,James McArthur,17/12/2020
43084,Gaetano Berardi,17/12/2020
45671,Cenk Tosun,17/12/2020
50174,Danny Rose,17/12/2020
50362,Fabian Delph,17/12/2020
52769,Willian,17/12/2020
57500,César Azpilicueta,17/12/2020
58864,Pierre-Emerick Aubameyang,17/12/2020
59377,David de Gea,17/12/2020
62008,Stefan Johansen,17/12/2020
62121,Odion Ighalo,17/12/2020
71271,Adrián San Miguel,17/12/2020
73547,Oliver Norwood,17/12/2020
74300,Luka Milivojevic,17/12/2020
74683,Nemanja Matić,17/12/2020
85177,Nathaniel Clyne,17/12/2020
86202,Antonio Rüdiger,17/12/2020
91845,Heung-min Son,17/12/2020
93720,Alexandre Lacazette,17/12/2020
94005,Sead Kolasinac,17/12/2020
99331,Jannik Vestergaard,17/12/2020
99397,Karl Darlow,17/12/2020
111455,Granit Xhaka,17/12/2020
111873,Emiliano Martínez,17/12/2020
112515,Marcos Alonso,17/12/2020
112988,Cédric Soares,17/12/2020
122153,Paul Pogba,17/12/2020
126664,Lucas Digne,17/12/2020
127032,Serge Aurier,17/12/2020
129604,Ezgjan Alioski,17/12/2020
131505,Rodrigo,17/12/2020
134425,Raheem Sterling,17/12/2020
141660,Jesse Lingard,17/12/2020
146164,Max Meyer,17/12/2020
146795,Ryan Fraser,17/12/2020
157509,Kurt Zouma,17/12/2020
157672,Vladimír Coufal,17/12/2020
167799,Pierre-Emile Højbjerg,17/12/2020
168157,Leander Dendoncker,17/12/2020
174915,Islam Slimani,17/12/2020
175722,Eric Dier,17/12/2020
177907,Harry Maguire,17/12/2020
181579,James Ward-Prowse,17/12/2020
181778,Emerson,17/12/2020
182877,Anthony Martial,17/12/2020
183334,Patrick Bamford,17/12/2020
191217,Héctor Bellerín,17/12/2020
191614,Fred,17/12/2020
192279,Kepa Arrizabalaga,17/12/2020
193116,John McGinn,17/12/2020
203460,Jack Grealish,17/12/2020
207929,Dele Alli,17/12/2020
217111,Hakim Ziyech,17/12/2020
221025,André Gomes,17/12/2020
225083,N'Golo Kanté,17/12/2020
233124,Kortney Hause,17/12/2020
234189,Trezeguet,17/12/2020
240306,Bruno Fernandes,17/12/2020
241641,Bernardo Silva,17/12/2020
243028,Jan Bednarek,17/12/2020
249126,Harry Winks,17/12/2020
249565,Youri Tielemans,17/12/2020
253341,Rob Holding,17/12/2020
255755,Alex Telles,17/12/2020
256977,Daniel Podence,17/12/2020
258004,Rúben Dias,17/12/2020
258878,Tosin Adarabioyo,17/12/2020
258883,Jonjoe Kenny,17/12/2020
272622,Issa Diop,17/12/2020
283628,Tomáš Souček,17/12/2020
288255,Donny van de Beek,17/12/2020
291422,Lys Mousset,17/12/2020
293283,Oskar Buur,17/12/2020
297212,Joe Rodon,17/12/2020
300716,Kieran Tierney,17/12/2020
303254,Fikayo Tomori,17/12/2020
306024,Dominic Calvert-Lewin,17/12/2020
315131,Timothy Fosu-Mensah,17/12/2020
315969,Scott McTominay,17/12/2020
335461,Renat Dadashov,17/12/2020
335721,Ben White,17/12/2020
340918,Caoimhín Kelleher,17/12/2020
341051,Kyle Walker-Peters,17/12/2020
341429,Davinson Sánchez,17/12/2020
346482,Dan Nlundulu,17/12/2020
346779,Ché Adams,17/12/2020
349701,Antonee Robinson,17/12/2020
351749,Kalvin Phillips,17/12/2020
354352,Frédéric Guilbert,17/12/2020
371814,Nathaniel Phillips,17/12/2020
392763,Ian Poveda,17/12/2020
392771,Ethan Ampadu,17/12/2020
397102,Josh Benson,17/12/2020
398184,Ferran Torres,17/12/2020
410708,Pascal Struijk,17/12/2020
413220,James Justin,17/12/2020
417346,Jack Harrison,17/12/2020
433188,Curtis Jones,17/12/2020
442531,Edouard Mendy,17/12/2020
450936,Tanguy Ndombélé,17/12/2020
472423,Reece James,17/12/2020
475411,Wesley Fofana,17/12/2020
487465,Pedro Neto,17/12/2020
495666,William Saliba,17/12/2020
503679,Rhys Williams,17/12/2020
503680,Neco Williams,17/12/2020
503749,Jacob Ramsey,17/12/2020
503770,Folarin Balogun,17/12/2020
505194,Luke Thomas,17/12/2020
511815,Owen Otasowie,17/12/2020
525247,Maximilian Kilman,17/12/2020
526258,Karlo Ziger,17/12/2020
542586,Illan Meslier,17/12/2020
547533,Miguel Azeez,17/12/2020
596446,Leif Davis,17/12/2020
670883,Dane Scarlett,17/12/2020
35413,Lewis Grabban,22/12/2020
82243,Moritz Leitner,22/12/2020
91059,Joshua King,22/12/2020
102382,Michael Hefele,22/12/2020
149237,Anthony Knockaert,22/12/2020
207014,Will Hughes,22/12/2020
251664,Ivan Toney,22/12/2020
262749,David Raya,22/12/2020
262980,Jefferson Lerma,22/12/2020
270171,Vitaly Janelt,22/12/2020
287167,Joe Lolley,22/12/2020
291544,Jordan Hugill,22/12/2020
319859,Mathias Jensen,22/12/2020
320411,Philip Billing,22/12/2020
321247,Emiliano Buendía,22/12/2020
332341,Todd Cantwell,22/12/2020
339556,Rico Henry,22/12/2020
372240,Mads Bech Sørensen,22/12/2020
376856,Charlie Goode,22/12/2020
390664,Jacob Lungi Sørensen,22/12/2020
404584,Marcus Forss,22/12/2020
410225,Ismaïla Sarr,22/12/2020
467599,Ben Wilmot,22/12/2020
471690,Max Aarons,22/12/2020
475188,Kiernan Dewsbury-Hall,22/12/2020
499604,Dion Pereira,22/12/2020
503795,Jeremy Ngakia,22/12/2020
505219,James Garner,22/12/2020
626724,João Pedro,22/12/2020
633530,Jordan Zemura,22/12/2020
684210,Jaidon Anthony,22/12/2020
412597,John Kitolano,31/12/2020
483344,Julian Schwarzer,5/1/2021
465606,Halil Dervişoğlu,6/1/2021
578292,Omar Rekik,13/1/2021
384461,Jakub Moder,19/1/2021
401604,Michal Karbownik,19/1/2021
190442,Alan Ruiz,8/2/2021
259917,Jhonatan Candia,8/2/2021
469776,Gastón Suso,8/2/2021
642521,Leonardo Marchi,8/2/2021
663077,Leonel Picco,8/2/2021
9988,Michael Dawson,10/3/2021
12384,Alexander Tettey,10/3/2021
13572,Ben Foster,10/3/2021
27659,Martin Cranie,10/3/2021
29391,Michael McGovern,10/3/2021
33027,Tim Krul,10/3/2021
33873,Asmir Begovic,10/3/2021
35413,Lewis Grabban,10/3/2021
36291,Gaëtan Bong,10/3/2021
37304,Shane Long,10/3/2021
37526,Winston Reid,10/3/2021
39037,Rob Elliot,10/3/2021
39372,Mario Vrancic,10/3/2021
44983,Dan Gosling,10/3/2021
45693,Glenn Murray,10/3/2021
45760,Marco Stiepermann,10/3/2021
45921,Luke Daniels,10/3/2021
46972,Teemu Pukki,10/3/2021
51226,Carlos Sánchez,10/3/2021
52576,Kazenga LuaLua,10/3/2021
55742,Harry Arter,10/3/2021
59606,Craig Cathcart,10/3/2021
61583,Eunan O'Kane,10/3/2021
61644,Jack Colback,10/3/2021
61841,Adam Smith,10/3/2021
62640,James Collins,10/3/2021
65477,Troy Deeney,10/3/2021
66923,Luke Freeman,10/3/2021
73484,Tom Cleverley,10/3/2021
73517,Ørjan Nyland,10/3/2021
74223,Jack Wilshere,10/3/2021
76467,Kiko Femenía,10/3/2021
77812,Christoph Zimmermann,10/3/2021
81512,Christian Kabasele,10/3/2021
82243,Moritz Leitner,10/3/2021
82863,Lukas Rupp,10/3/2021
87672,Junior Stanislas,10/3/2021
89461,Samba Sow,10/3/2021
90836,Steve Cook,10/3/2021
91340,James Shea,10/3/2021
92381,Sammy Ameobi,10/3/2021
93315,Henrik Dalsgaard,10/3/2021
102382,Michael Hefele,10/3/2021
104495,Lyle Taylor,10/3/2021
109751,Onel Hernández,10/3/2021
110868,Ryan Tunnicliffe,10/3/2021
120186,Daniel Bachmann,10/3/2021
120565,Andre Gray,10/3/2021
121238,George Moncur,10/3/2021
121385,Grant Hanley,10/3/2021
122077,Tobias Figueiredo,10/3/2021
125314,Pontus Jansson,10/3/2021
125685,Luke Berry,10/3/2021
126321,Carl Jenkinson,10/3/2021
126600,Kenny McLean,10/3/2021
126681,Abdoulaye Diallo,10/3/2021
128900,Nathaniel Chalobah,10/3/2021
128904,Ben Gibson,10/3/2021
134414,Tyler Blackett,10/3/2021
139173,Achraf Lazaar,10/3/2021
148367,Christian Nørgaard,10/3/2021
149237,Anthony Knockaert,10/3/2021
157368,Tom Ince,10/3/2021
158623,Cyrus Christie,10/3/2021
183302,Ben Pearson,10/3/2021
184129,Jordan Clark,10/3/2021
191056,Brice Samba,10/3/2021
192875,William Troost-Ekong,10/3/2021
203655,Cafú,10/3/2021
204102,Xavi Quintillà,10/3/2021
204294,Saman Ghoddos,10/3/2021
207014,Will Hughes,10/3/2021
207037,Dan Potts,10/3/2021
207742,Tom Lockyer,10/3/2021
208244,Brendan Galloway,10/3/2021
232964,Emiliano Marcondes,10/3/2021
236953,Sam Byram,10/3/2021
244338,Pelly Ruddock Mpanzu,10/3/2021
245072,Stipe Perica,10/3/2021
249089,Lewis Cook,10/3/2021
249356,Jack Stacey,10/3/2021
249513,Diego Rico,10/3/2021
249873,Tariqe Fosu,10/3/2021
251664,Ivan Toney,10/3/2021
251845,Sergi Canós,10/3/2021
252345,Ken Sema,10/3/2021
255703,Harry Cornick,10/3/2021
255906,Scott McKenna,10/3/2021
258032,Yuri Ribeiro,10/3/2021
258889,Dominic Solanke,10/3/2021
258916,Kieran Dowell,10/3/2021
261988,Filip Krovinovic,10/3/2021
262749,David Raya,10/3/2021
262980,Jefferson Lerma,10/3/2021
270171,Vitaly Janelt,10/3/2021
271098,Philip Zinckernagel,10/3/2021
277033,David Brooks,10/3/2021
286949,Adam Masina,10/3/2021
287167,Joe Lolley,10/3/2021
288948,Aston Oxborough,10/3/2021
291544,Jordan Hugill,10/3/2021
295331,Isaac Success,10/3/2021
295630,Dimitrios Giannoulis,10/3/2021
319859,Mathias Jensen,10/3/2021
319900,Elijah Adebayo,10/3/2021
320411,Philip Billing,10/3/2021
321247,Emiliano Buendía,10/3/2021
324223,James Bree,10/3/2021
332341,Todd Cantwell,10/3/2021
335245,Marc Navarro,10/3/2021
339556,Rico Henry,10/3/2021
340321,Josh Dasilva,10/3/2021
341049,Cameron Carter-Vickers,10/3/2021
345587,Luka Racic,10/3/2021
346472,Tom Dele-Bashiru,10/3/2021
355861,Arnaut Danjuma,10/3/2021
357658,Mark Travers,10/3/2021
371436,Francisco Sierralta,10/3/2021
372240,Mads Bech Sørensen,10/3/2021
376856,Charlie Goode,10/3/2021
383109,Przemyslaw Placheta,10/3/2021
390664,Jacob Lungi Sørensen,10/3/2021
391005,Mads Roerslev,10/3/2021
398402,Sam Surridge,10/3/2021
403564,Jon McCracken,10/3/2021
404584,Marcus Forss,10/3/2021
406638,Oliver Skipp,10/3/2021
410225,Ismaïla Sarr,10/3/2021
413039,Bryan Mbeumo,10/3/2021
415970,Joe Worrall,10/3/2021
425902,Ryan Yates,10/3/2021
433186,Bali Mumba,10/3/2021
434223,Adam Idah,10/3/2021
442248,Ethan Pinnock,10/3/2021
442337,Filip Stuparevic,10/3/2021
452707,Jordan Smith,10/3/2021
461617,Rodrigo Riquelme,10/3/2021
463610,Loïc Mbe Soh,10/3/2021
467599,Ben Wilmot,10/3/2021
469064,Gavin Kilkenny,10/3/2021
470596,Paris Maghoma,10/3/2021
471690,Max Aarons,10/3/2021
475188,Kiernan Dewsbury-Hall,10/3/2021
480116,Lloyd Kelly,10/3/2021
480987,Chris Mepham,10/3/2021
487924,Jan Zamburek,10/3/2021
499604,Dion Pereira,10/3/2021
503795,Jeremy Ngakia,10/3/2021
503988,Alex Mighten,10/3/2021
504042,Daniel Barden,10/3/2021
504966,Mason Barrett,10/3/2021
505219,James Garner,10/3/2021
533916,Shandon Baptiste,10/3/2021
542884,Alex Gilbert,10/3/2021
547534,Josh Martin,10/3/2021
566888,Thomas Dickson-Peters,10/3/2021
582078,Will Dennis,10/3/2021
587019,Fin Stevens,10/3/2021
591360,Derek Agyakwa,10/3/2021
596216,Max Haygarth,10/3/2021
605498,Sebastian Soto,10/3/2021
621993,Andrew Omobamidele,10/3/2021
626724,João Pedro,10/3/2021
633530,Jordan Zemura,10/3/2021
646996,Daniel Phillips,10/3/2021
655835,Christian Saydee,10/3/2021
666136,Corey Panter,10/3/2021
684210,Jaidon Anthony,10/3/2021
725703,Joseph Hungbo,10/3/2021
507472,Alexandre Jankewitz,17/3/2021
567576,Elliot Anderson,17/3/2021
2857,Eldin Jakupovic,18/3/2021
3333,James Milner,18/3/2021
6636,Christian Fuchs,18/3/2021
10003,Wes Morgan,18/3/2021
13460,Lee Grant,18/3/2021
13520,Phil Jagielka,18/3/2021
14555,Scott Carson,18/3/2021
15773,Phil Bardsley,18/3/2021
15930,David Martin,18/3/2021
16911,Kasper Schmeichel,18/3/2021
17965,Hugo Lloris,18/3/2021
19948,Willy Caballero,18/3/2021
26267,Fernandinho,18/3/2021
26399,Sergio Agüero,18/3/2021
27486,Kiko Casilla,18/3/2021
27511,Gary Cahill,18/3/2021
29241,Thiago Silva,18/3/2021
29364,João Moutinho,18/3/2021
29692,Lukasz Fabianski,18/3/2021
29712,John Ruddy,18/3/2021
30690,Sergio Romero,18/3/2021
31835,Mark Noble,18/3/2021
33713,Theo Walcott,18/3/2021
34130,Tom Heaton,18/3/2021
35416,David McGoldrick,18/3/2021
36529,Kevin McDonald,18/3/2021
39381,Gareth Bale,18/3/2021
40204,Joe Hart,18/3/2021
40611,Ryan Bertrand,18/3/2021
40613,Jack Cork,18/3/2021
41416,James McArthur,18/3/2021
42412,Jonny Evans,18/3/2021
42710,Toby Alderweireld,18/3/2021
43084,Gaetano Berardi,18/3/2021
43530,Adam Lallana,18/3/2021
43763,Erik Pieters,18/3/2021
44068,Juan Mata,18/3/2021
45026,Rui Patrício,18/3/2021
45333,James McCarthy,18/3/2021
45494,Wayne Hennessey,18/3/2021
45882,Fabri,18/3/2021
46001,Moussa Sissoko,18/3/2021
46220,Pablo Hernández,18/3/2021
46741,David Luiz,18/3/2021
47713,Mamadou Sakho,18/3/2021
48002,Angelo Ogbonna,18/3/2021
48066,Andy Carroll,18/3/2021
48280,Edinson Cavani,18/3/2021
49499,Georginio Wijnaldum,18/3/2021
49542,Billy Sharp,18/3/2021
49755,Dale Stephens,18/3/2021
50174,Danny Rose,18/3/2021
50201,Christian Benteke,18/3/2021
50362,Fabian Delph,18/3/2021
51152,Aleksandar Mitrović,18/3/2021
51321,Darren Randolph,18/3/2021
51471,Mateo Kovacic,18/3/2021
51540,Henri Saivet,18/3/2021
52119,Patrick van Aanholt,18/3/2021
52191,Stephen Henderson,18/3/2021
52495,Chris Basham,18/3/2021
52570,Fraser Forster,18/3/2021
52769,Willian,18/3/2021
53360,Jay Rodríguez,18/3/2021
53622,İlkay Gündoğan,18/3/2021
54383,John Fleck,18/3/2021
57079,Jack Rodwell,18/3/2021
57500,César Azpilicueta,18/3/2021
58864,Pierre-Emerick Aubameyang,18/3/2021
59377,David de Gea,18/3/2021
59641,Denis Odoi,18/3/2021
60444,Thiago Alcántara,18/3/2021
61560,Marc Albrighton,18/3/2021
61592,James Tomkins,18/3/2021
61651,Jordan Henderson,18/3/2021
61697,Wes Foderingham,18/3/2021
61842,Andros Townsend,18/3/2021
62688,Scott Dann,18/3/2021
63200,Ashley Barnes,18/3/2021
64399,Vicente Guaita,18/3/2021
66100,Oriol Romeu,18/3/2021
66333,Ahmed Elmohamady,18/3/2021
66934,Cheikhou Kouyaté,18/3/2021
67063,Danny Welbeck,18/3/2021
67416,Neil Taylor,18/3/2021
67420,Luke Ayling,18/3/2021
68390,Séamus Coleman,18/3/2021
69015,Andriy Yarmolenko,18/3/2021
71271,Adrián San Miguel,18/3/2021
71292,Jonjo Shelvey,18/3/2021
72476,Bernd Leno,18/3/2021
73547,Oliver Norwood,18/3/2021
73564,Jason Steele,18/3/2021
74300,Luka Milivojevic,18/3/2021
74683,Nemanja Matić,18/3/2021
74810,Ben Mee,18/3/2021
74960,Martin Dúbravka,18/3/2021
75067,Liam Cooper,18/3/2021
75458,Robin Olsen,18/3/2021
77100,Lucas Moura,18/3/2021
78959,Martin Kelly,18/3/2021
79027,Davy Pröpper,18/3/2021
82105,Joel Matip,18/3/2021
82442,Olivier Giroud,18/3/2021
82873,Pascal Groß,18/3/2021
85177,Nathaniel Clyne,18/3/2021
85475,Federico Fernández,18/3/2021
85706,Enda Stevens,18/3/2021
86202,Antonio Rüdiger,18/3/2021
86792,Xherdan Shaqiri,18/3/2021
88103,James Rodríguez,18/3/2021
88755,Kevin De Bruyne,18/3/2021
89231,Jóhann Berg Gudmundsson,18/3/2021
90466,Gylfi Sigurdsson,18/3/2021
91059,Joshua King,18/3/2021
91317,Ashley Westwood,18/3/2021
91845,Heung-min Son,18/3/2021
92469,Matt Ritchie,18/3/2021
92571,Aaron Cresswell,18/3/2021
92572,Joel Ward,18/3/2021
92738,Mateusz Klich,18/3/2021
93720,Alexandre Lacazette,18/3/2021
95424,Kyle Walker,18/3/2021
95435,Connor Wickham,18/3/2021
95976,Alex McCarthy,18/3/2021
98240,Ciaran Clark,18/3/2021
99331,Jannik Vestergaard,18/3/2021
99397,Karl Darlow,18/3/2021
101500,Matej Vydra,18/3/2021
102017,Jorginho,18/3/2021
102258,Matthew Lowton,18/3/2021
104124,Michail Antonio,18/3/2021
105470,Alisson,18/3/2021
108354,Jordan Ayew,18/3/2021
108725,Chris Wood,18/3/2021
110867,Jed Steer,18/3/2021
111051,Nampalys Mendy,18/3/2021
111114,Kevin Long,18/3/2021
111195,Joël Veltman,18/3/2021
111455,Granit Xhaka,18/3/2021
111630,Erik Lamela,18/3/2021
111873,Emiliano Martínez,18/3/2021
112515,Marcos Alonso,18/3/2021
112988,Cédric Soares,18/3/2021
117996,Phil Jones,18/3/2021
118534,Michael Keane,18/3/2021
120629,Alphonse Areola,18/3/2021
121257,Adam Forshaw,18/3/2021
121324,John Egan,18/3/2021
121477,Craig Dawson,18/3/2021
122153,Paul Pogba,18/3/2021
122155,Willian José,18/3/2021
123275,Tom Cairney,18/3/2021
123536,Simon Moore,18/3/2021
123682,Callum Wilson,18/3/2021
126412,Ouasim Bouy,18/3/2021
126422,Allan,18/3/2021
126664,Lucas Digne,18/3/2021
127032,Serge Aurier,18/3/2021
127187,Abdoulaye Doucouré,18/3/2021
128229,Robbie Brady,18/3/2021
128899,Jack Butland,18/3/2021
128901,Conor Coady,18/3/2021
128909,Jack Robinson,18/3/2021
128969,Mathew Ryan,18/3/2021
129078,Nathan Redmond,18/3/2021
129588,Dennis Praet,18/3/2021
129604,Ezgjan Alioski,18/3/2021
130164,Jordan Pickford,18/3/2021
130765,Stuart Armstrong,18/3/2021
131505,Rodrigo,18/3/2021
131789,Roberto Firmino,18/3/2021
131978,Ross Barkley,18/3/2021
131996,Bertrand Traoré,18/3/2021
132098,Harry Kane,18/3/2021
134270,Dan Burn,18/3/2021
134294,Danny Ings,18/3/2021
134425,Raheem Sterling,18/3/2021
135343,Fabian Schär,18/3/2021
135853,Manuel Lanzini,18/3/2021
137745,Marçal,18/3/2021
139208,Virgil van Dijk,18/3/2021
140191,Ryan Fredericks,18/3/2021
141660,Jesse Lingard,18/3/2021
142310,Willy Boly,18/3/2021
142389,Mark Gillespie,18/3/2021
143424,Alex Oxlade-Chamberlain,18/3/2021
144028,Leandro Trossard,18/3/2021
145466,Tim Ream,18/3/2021
145988,Wilfried Zaha,18/3/2021
146690,George Baldock,18/3/2021
146795,Ryan Fraser,18/3/2021
147094,José Izquierdo,18/3/2021
148153,Lewis Dunk,18/3/2021
148262,Jeff Hendrick,18/3/2021
148368,Divock Origi,18/3/2021
148455,Mohamed Salah,18/3/2021
149716,Ivan Cavaleiro,18/3/2021
152651,Terence Kongolo,18/3/2021
156941,John Lundstram,18/3/2021
157490,Michael Hector,18/3/2021
157495,Benjamin Mendy,18/3/2021
157506,Jeffrey Schlupp,18/3/2021
157509,Kurt Zouma,18/3/2021
157672,Vladimír Coufal,18/3/2021
158764,Stuart Dallas,18/3/2021
160438,Mohamed Elneny,18/3/2021
162029,Javier Manquillo,18/3/2021
163744,Jack Stephens,18/3/2021
165793,Takumi Minamino,18/3/2021
167799,Pierre-Emile Højbjerg,18/3/2021
168157,Leander Dendoncker,18/3/2021
170321,Paul Dummett,18/3/2021
170527,Timo Werner,18/3/2021
170934,Mario Lemina,18/3/2021
171424,Riyad Mahrez,18/3/2021
171679,Matt Doherty,18/3/2021
173504,James Tarkowski,18/3/2021
173900,Hélder Costa,18/3/2021
174094,Morgan Sanson,18/3/2021
175169,Bernard,18/3/2021
175446,Jonny Otto,18/3/2021
175722,Eric Dier,18/3/2021
176553,Aymeric Laporte,18/3/2021
177065,Florin Andone,18/3/2021
177476,Nathan Aké,18/3/2021
177862,Charly Musonda Jr.,18/3/2021
177907,Harry Maguire,18/3/2021
179184,Michy Batshuayi,18/3/2021
181380,Arthur Masuaku,18/3/2021
181579,James Ward-Prowse,18/3/2021
181778,Emerson,18/3/2021
182712,João Cancelo,18/3/2021
182877,Anthony Martial,18/3/2021
182894,Jean-Philippe Gbamin,18/3/2021
183288,Luke Shaw,18/3/2021
183318,Jamaal Lascelles,18/3/2021
183334,Patrick Bamford,18/3/2021
183720,Anwar El Ghazi,18/3/2021
184528,Emil Krafth,18/3/2021
184573,Victor Lindelöf,18/3/2021
186186,Bobby De Cordova-Reid,18/3/2021
186590,John Stones,18/3/2021
186901,Marek Rodák,18/3/2021
186997,Christian Atsu,18/3/2021
191217,Héctor Bellerín,18/3/2021
191614,Fred,18/3/2021
192080,Nick Pope,18/3/2021
192279,Kepa Arrizabalaga,18/3/2021
192765,Ben Davies,18/3/2021
193116,John McGinn,18/3/2021
193469,Björn Engels,18/3/2021
194460,Joe Bryan,18/3/2021
195633,Charlie Taylor,18/3/2021
196522,Dwight Gayle,18/3/2021
196948,Andreas Christensen,18/3/2021
197838,Jamie Vardy,18/3/2021
199527,Jacob Murphy,18/3/2021
200512,Sadio Mané,18/3/2021
202886,Ruben Loftus-Cheek,18/3/2021
203026,Danny Ward,18/3/2021
203460,Jack Grealish,18/3/2021
203853,Oleksandr Zinchenko,18/3/2021
204103,Adama Traoré,18/3/2021
204198,Romain Saïss,18/3/2021
205657,Rúnar Alex Rúnarsson,18/3/2021
205757,Dejan Iliev,18/3/2021
206040,Raúl Jiménez,18/3/2021
206225,Isaac Hayden,18/3/2021
206746,Kenny Tete,18/3/2021
207929,Dele Alli,18/3/2021
208379,Christian Walton,18/3/2021
209212,Solly March,18/3/2021
210178,Pablo Marí,18/3/2021
212829,Jack O'Connell,18/3/2021
212847,Adam Webster,18/3/2021
213268,Alireza Jahanbakhsh,18/3/2021
214056,Daniel Amartey,18/3/2021
214928,Kean Bryan,18/3/2021
215118,Calum Chambers,18/3/2021
215876,Ricardo Pereira,18/3/2021
217111,Hakim Ziyech,18/3/2021
217115,Neal Maupay,18/3/2021
218087,Ben Osborn,18/3/2021
221025,André Gomes,18/3/2021
221624,Zack Steffen,18/3/2021
225083,N'Golo Kanté,18/3/2021
225161,Rúben Neves,18/3/2021
225693,Fabinho,18/3/2021
226968,Sam McQueen,18/3/2021
226973,Harrison Reed,18/3/2021
230784,Thomas Partey,18/3/2021
231572,Nélson Semedo,18/3/2021
233124,Kortney Hause,18/3/2021
234189,Trezeguet,18/3/2021
234803,Andrew Robertson,18/3/2021
236490,Ola Aina,18/3/2021
238223,Ederson,18/3/2021
240306,Bruno Fernandes,18/3/2021
241481,Jaïro Riedewald,18/3/2021
241641,Bernardo Silva,18/3/2021
242631,Alex Iwobi,18/3/2021
243028,Jan Bednarek,18/3/2021
243589,Josh Onomah,18/3/2021
246291,Diego Llorente,18/3/2021
246968,Ayoze Pérez,18/3/2021
249126,Harry Winks,18/3/2021
249565,Youri Tielemans,18/3/2021
250478,Matt Targett,18/3/2021
253341,Rob Holding,18/3/2021
253677,Tyrone Mings,18/3/2021
255755,Alex Telles,18/3/2021
256178,Joe Gomez,18/3/2021
256977,Daniel Podence,18/3/2021
257097,Ben Davies,18/3/2021
258004,Rúben Dias,18/3/2021
258878,Tosin Adarabioyo,18/3/2021
258885,Max Lowe,18/3/2021
258919,Dean Henderson,18/3/2021
258923,Marcus Rashford,18/3/2021
260827,Joachim Andersen,18/3/2021
262226,Timothy Castagne,18/3/2021
272622,Issa Diop,18/3/2021
272642,Allan Saint-Maximin,18/3/2021
272999,Miguel Almirón,18/3/2021
274839,Wilfred Ndidi,18/3/2021
282429,Sergio Reguilón,18/3/2021
282823,Alfie Whiteman,18/3/2021
283628,Tomáš Souček,18/3/2021
284165,Steven Bergwijn,18/3/2021
285033,Will Norris,18/3/2021
285548,Fabián Balbuena,18/3/2021
286384,Eric Bailly,18/3/2021
287431,Alfie Mawson,18/3/2021
288255,Donny van de Beek,18/3/2021
289446,Yerry Mina,18/3/2021
290532,Saïd Benrahma,18/3/2021
291422,Lys Mousset,18/3/2021
293569,Josh Brownhill,18/3/2021
294057,James Maddison,18/3/2021
295330,Kelechi Iheanacho,18/3/2021
296986,Tyler Roberts,18/3/2021
297212,Joe Rodon,18/3/2021
298477,Oli McBurnie,18/3/2021
300716,Kieran Tierney,18/3/2021
302215,Naby Keïta,18/3/2021
306024,Dominic Calvert-Lewin,18/3/2021
309400,Kai Havertz,18/3/2021
312239,Percy Tau,18/3/2021
314210,Tom Davies,18/3/2021
314353,Trent Alexander-Arnold,18/3/2021
314875,Jarrod Bowen,18/3/2021
315779,Christian Pulisic,18/3/2021
315969,Scott McTominay,18/3/2021
316125,Ben Chilwell,18/3/2021
316264,Martin Ødegaard,18/3/2021
319301,Daniel James,18/3/2021
319745,Dani Ceballos,18/3/2021
320141,Çağlar Söyüncü,18/3/2021
324358,Ollie Watkins,18/3/2021
324882,Marvelous Nakamba,18/3/2021
328784,Robin Koch,18/3/2021
329813,João Virgínia,18/3/2021
331726,Tammy Abraham,18/3/2021
333014,Sander Berge,18/3/2021
333241,Joelinton,18/3/2021
335461,Renat Dadashov,18/3/2021
335721,Ben White,18/3/2021
338070,Konstantinos Tsimikas,18/3/2021
340322,Nathan Tella,18/3/2021
340324,Eddie Nketiah,18/3/2021
340325,Reiss Nelson,18/3/2021
340329,Joe Willock,18/3/2021
340460,Philippe Sandler,18/3/2021
340918,Caoimhín Kelleher,18/3/2021
340950,Diogo Jota,18/3/2021
341043,Harry Lewis,18/3/2021
341051,Kyle Walker-Peters,18/3/2021
341317,Oliver Burke,18/3/2021
341429,Davinson Sánchez,18/3/2021
341501,Hamza Choudhury,18/3/2021
341647,Cengiz Ünder,18/3/2021
342046,Axel Tuanzebe,18/3/2021
343052,Nicolas Pépé,18/3/2021
343475,Ben Godfrey,18/3/2021
344015,Ben Woodburn,18/3/2021
345468,Andi Zeqiri,18/3/2021
346018,Jamal Lewis,18/3/2021
346478,Japhet Tanganga,18/3/2021
346482,Dan Nlundulu,18/3/2021
346483,Mason Mount,18/3/2021
346707,Sean Longstaff,18/3/2021
346779,Ché Adams,18/3/2021
348623,Mason Holgate,18/3/2021
348795,Giovani Lo Celso,18/3/2021
349701,Antonee Robinson,18/3/2021
351749,Kalvin Phillips,18/3/2021
354361,Frank Anguissa,18/3/2021
357565,Rodri,18/3/2021
357662,Declan Rice,18/3/2021
357885,Pablo Fornals,18/3/2021
361260,Ozan Kabak,18/3/2021
363205,Gabriel Jesus,18/3/2021
371814,Nathaniel Phillips,18/3/2021
378710,Richarlison,18/3/2021
381362,Wesley Moraes,18/3/2021
384461,Jakub Moder,18/3/2021
392763,Ian Poveda,18/3/2021
392765,Emile Smith Rowe,18/3/2021
392768,Callum Hudson-Odoi,18/3/2021
392771,Ethan Ampadu,18/3/2021
392772,Marcel Lavinier,18/3/2021
396174,Jimmy Dunne,18/3/2021
398065,Harvey Barnes,18/3/2021
398184,Ferran Torres,18/3/2021
401604,Michal Karbownik,18/3/2021
403151,Robert Sánchez,18/3/2021
405686,Reda Khadra,18/3/2021
406040,Ademola Lookman,18/3/2021
406560,Rhian Brewster,18/3/2021
406635,Phil Foden,18/3/2021
410425,Yves Bissouma,18/3/2021
410436,Bailey Peacock-Farrell,18/3/2021
410708,Pascal Struijk,18/3/2021
411295,Raphinha,18/3/2021
412660,Keinan Davis,18/3/2021
413032,Ibrahima Diallo,18/3/2021
413220,James Justin,18/3/2021
413403,Ezri Konsa,18/3/2021
417346,Jack Harrison,18/3/2021
419025,Conor Coventry,18/3/2021
420002,Jean-Philippe Mateta,18/3/2021
421873,Elia Caprile,18/3/2021
423744,Billy Gilmour,18/3/2021
425334,Matty Cash,18/3/2021
427568,Aaron Ramsdale,18/3/2021
429014,Morgan Gibbs-White,18/3/2021
430824,Peter Gwargis,18/3/2021
431422,Nathan Trott,18/3/2021
433177,Bukayo Saka,18/3/2021
433188,Curtis Jones,18/3/2021
434207,Aaron Connolly,18/3/2021
435338,Gabriel,18/3/2021
442531,Edouard Mendy,18/3/2021
444208,Michael Obafemi,18/3/2021
444211,Will Smallbone,18/3/2021
447661,Douglas Luiz,18/3/2021
450936,Tanguy Ndombélé,18/3/2021
453824,Josh Maja,18/3/2021
465294,Allan Tchaptchet,18/3/2021
465717,Jayden Bogle,18/3/2021
466794,Eric García,18/3/2021
468002,Ben Johnson,18/3/2021
470597,Ben Cottrell,18/3/2021
470606,Leighton Clarkson,18/3/2021
472423,Reece James,18/3/2021
475411,Wesley Fofana,18/3/2021
476237,Steven Alzate,18/3/2021
477758,Aaron Wan-Bissaka,18/3/2021
479999,Eberechi Eze,18/3/2021
484387,Matty Longstaff,18/3/2021
485424,Moussa Djenepo,18/3/2021
485583,Ki-Jana Hoever,18/3/2021
486100,Jake Walker,18/3/2021
487465,Pedro Neto,18/3/2021
487469,Vitinha,18/3/2021
495033,Nathan Bishop,18/3/2021
501156,Ákos Onódi,18/3/2021
503679,Rhys Williams,18/3/2021
503680,Neco Williams,18/3/2021
503749,Jacob Ramsey,18/3/2021
503980,Joe Gelhardt,18/3/2021
504148,Tariq Lamptey,18/3/2021
504386,Emmanuel Longelo,18/3/2021
505194,Luke Thomas,18/3/2021
505653,Fábio Silva,18/3/2021
507254,Nathan Ferguson,18/3/2021
507700,Brandon Williams,18/3/2021
511813,Sidnei Tavares,18/3/2021
511815,Owen Otasowie,18/3/2021
525247,Maximilian Kilman,18/3/2021
525287,Carlos Vinícius,18/3/2021
528888,Tyrese Francois,18/3/2021
530223,Mungo Bridge,18/3/2021
530732,Vontae Daley-Campbell,18/3/2021
530879,Kayne Ramsay,18/3/2021
530915,Teddy Jenks,18/3/2021
532178,Sam Greenwood,18/3/2021
532826,Mason Greenwood,18/3/2021
534033,Alexis Mac Allister,18/3/2021
534700,Jamie Shackleton,18/3/2021
536835,Amad Diallo,18/3/2021
542586,Illan Meslier,18/3/2021
542690,Frederik Alves,18/3/2021
559130,Harrison Ashby,18/3/2021
559263,Fábio Carvalho,18/3/2021
559800,Oliver Casey,18/3/2021
559801,Niall Huggins,18/3/2021
563963,Mohammed Salisu,18/3/2021
568177,Cole Palmer,18/3/2021
575210,Harrison Sohna,18/3/2021
578391,Rayan Aït-Nouri,18/3/2021
581670,Louie Barry,18/3/2021
581683,Nile John,18/3/2021
584769,Dwight McNeil,18/3/2021
591193,Niels Nkounkou,18/3/2021
596446,Leif Davis,18/3/2021
597659,Charlie Cresswell,18/3/2021
610665,Caleb Watts,18/3/2021
610706,Jamal Baptiste,18/3/2021
623570,Iliman Ndiaye,18/3/2021
626888,Kaine Kesler-Hayden,18/3/2021
640026,Shola Shoretire,18/3/2021
645686,Lamare Bogarde,18/3/2021
646710,Sil Swinkels,18/3/2021
654173,Brad Young,18/3/2021
654177,Mamadou Sylla,18/3/2021
655488,Gabriel Martinelli,18/3/2021
655880,Mipo Odubeko,18/3/2021
663225,Tyler Onyango,18/3/2021
670846,Ben Chrisene,18/3/2021
687626,Moisés Caicedo,18/3/2021
696324,Billy Koumetio,18/3/2021
698097,Hayden Lindley,18/3/2021
698637,Arjan Raikhy,18/3/2021
703577,Kgaogelo Chauke,18/3/2021
728734,Alfie Devine,18/3/2021
730893,Tyrick Mitchell,18/3/2021
731738,Teddy Rowe,18/3/2021
734375,Jack Jenkins,18/3/2021
746554,Thierry Small,18/3/2021
807318,Ryan Finnigan,18/3/2021
488298,Maksim Paskotsi,27/3/2021
39381,Gareth Bale,25/5/2021
45494,Wayne Hennessey,25/5/2021
86792,Xherdan Shaqiri,25/5/2021
102017,Jorginho,25/5/2021
111455,Granit Xhaka,25/5/2021
135343,Fabian Schär,25/5/2021
181778,Emerson,25/5/2021
192765,Ben Davies,25/5/2021
203026,Danny Ward,25/5/2021
207742,Tom Lockyer,25/5/2021
277033,David Brooks,25/5/2021
296986,Tyler Roberts,25/5/2021
297212,Joe Rodon,25/5/2021
319301,Daniel James,25/5/2021
320141,Çağlar Söyüncü,25/5/2021
341647,Cengiz Ünder,25/5/2021
345468,Andi Zeqiri,25/5/2021
361260,Ozan Kabak,25/5/2021
392771,Ethan Ampadu,25/5/2021
480987,Chris Mepham,25/5/2021
503680,Neco Williams,25/5/2021
16911,Kasper Schmeichel,26/5/2021
42710,Toby Alderweireld,26/5/2021
46972,Teemu Pukki,26/5/2021
50201,Christian Benteke,26/5/2021
88755,Kevin De Bruyne,26/5/2021
99331,Jannik Vestergaard,26/5/2021
129588,Dennis Praet,26/5/2021
144028,Leandro Trossard,26/5/2021
148367,Christian Nørgaard,26/5/2021
167799,Pierre-Emile Højbjerg,26/5/2021
168157,Leander Dendoncker,26/5/2021
179184,Michy Batshuayi,26/5/2021
196948,Andreas Christensen,26/5/2021
249565,Youri Tielemans,26/5/2021
260827,Joachim Andersen,26/5/2021
262226,Timothy Castagne,26/5/2021
319859,Mathias Jensen,26/5/2021
404584,Marcus Forss,26/5/2021
33027,Tim Krul,27/5/2021
49499,Georginio Wijnaldum,27/5/2021
52119,Patrick van Aanholt,27/5/2021
69015,Andriy Yarmolenko,27/5/2021
111195,Joël Veltman,27/5/2021
120186,Daniel Bachmann,27/5/2021
129604,Ezgjan Alioski,27/5/2021
177476,Nathan Aké,27/5/2021
203853,Oleksandr Zinchenko,27/5/2021
288255,Donny van de Beek,27/5/2021
51471,Mateo Kovacic,28/5/2021
54383,John Fleck,28/5/2021
61651,Jordan Henderson,28/5/2021
75067,Liam Cooper,28/5/2021
95424,Kyle Walker,28/5/2021
101500,Matej Vydra,28/5/2021
121385,Grant Hanley,28/5/2021
128901,Conor Coady,28/5/2021
130164,Jordan Pickford,28/5/2021
130765,Stuart Armstrong,28/5/2021
132098,Harry Kane,28/5/2021
134425,Raheem Sterling,28/5/2021
141660,Jesse Lingard,28/5/2021
146795,Ryan Fraser,28/5/2021
157672,Vladimír Coufal,28/5/2021
177907,Harry Maguire,28/5/2021
181579,James Ward-Prowse,28/5/2021
183288,Luke Shaw,28/5/2021
186590,John Stones,28/5/2021
193116,John McGinn,28/5/2021
203460,Jack Grealish,28/5/2021
234803,Andrew Robertson,28/5/2021
253677,Tyrone Mings,28/5/2021
255906,Scott McKenna,28/5/2021
258919,Dean Henderson,28/5/2021
258923,Marcus Rashford,28/5/2021
283628,Tomáš Souček,28/5/2021
300716,Kieran Tierney,28/5/2021
306024,Dominic Calvert-Lewin,28/5/2021
314353,Trent Alexander-Arnold,28/5/2021
315969,Scott McTominay,28/5/2021
316125,Ben Chilwell,28/5/2021
324358,Ollie Watkins,28/5/2021
335721,Ben White,28/5/2021
343475,Ben Godfrey,28/5/2021
346483,Mason Mount,28/5/2021
346779,Ché Adams,28/5/2021
351749,Kalvin Phillips,28/5/2021
357662,Declan Rice,28/5/2021
406635,Phil Foden,28/5/2021
423744,Billy Gilmour,28/5/2021
427568,Aaron Ramsdale,28/5/2021
433177,Bukayo Saka,28/5/2021
472423,Reece James,28/5/2021
532826,Mason Greenwood,28/5/2021
29692,Lukasz Fabianski,31/5/2021
57500,César Azpilicueta,31/5/2021
59377,David de Gea,31/5/2021
60444,Thiago Alcántara,31/5/2021
74960,Martin Dúbravka,31/5/2021
75458,Robin Olsen,31/5/2021
92738,Mateusz Klich,31/5/2021
125314,Pontus Jansson,31/5/2021
176553,Aymeric Laporte,31/5/2021
184528,Emil Krafth,31/5/2021
184573,Victor Lindelöf,31/5/2021
186901,Marek Rodák,31/5/2021
204103,Adama Traoré,31/5/2021
243028,Jan Bednarek,31/5/2021
246291,Diego Llorente,31/5/2021
252345,Ken Sema,31/5/2021
357565,Rodri,31/5/2021
383109,Przemyslaw Placheta,31/5/2021
384461,Jakub Moder,31/5/2021
398184,Ferran Torres,31/5/2021
403151,Robert Sánchez,31/5/2021
466794,Eric García,31/5/2021
17965,Hugo Lloris,1/6/2021
29364,João Moutinho,1/6/2021
45026,Rui Patrício,1/6/2021
46001,Moussa Sissoko,1/6/2021
53622,İlkay Gündoğan,1/6/2021
72476,Bernd Leno,1/6/2021
82442,Olivier Giroud,1/6/2021
86202,Antonio Rüdiger,1/6/2021
122153,Paul Pogba,1/6/2021
126664,Lucas Digne,1/6/2021
157509,Kurt Zouma,1/6/2021
170527,Timo Werner,1/6/2021
182712,João Cancelo,1/6/2021
225083,N'Golo Kanté,1/6/2021
225161,Rúben Neves,1/6/2021
231572,Nélson Semedo,1/6/2021
240306,Bruno Fernandes,1/6/2021
241641,Bernardo Silva,1/6/2021
258004,Rúben Dias,1/6/2021
309400,Kai Havertz,1/6/2021
328784,Robin Koch,1/6/2021
340950,Diogo Jota,1/6/2021
15930,David Martin,3/6/2021
31835,Mark Noble,3/6/2021
37526,Winston Reid,3/6/2021
48002,Angelo Ogbonna,3/6/2021
51321,Darren Randolph,3/6/2021
92571,Aaron Cresswell,3/6/2021
104124,Michail Antonio,3/6/2021
135853,Manuel Lanzini,3/6/2021
140191,Ryan Fredericks,3/6/2021
181380,Arthur Masuaku,3/6/2021
272622,Issa Diop,3/6/2021
285548,Fabián Balbuena,3/6/2021
290532,Saïd Benrahma,3/6/2021
314875,Jarrod Bowen,3/6/2021
357885,Pablo Fornals,3/6/2021
468002,Ben Johnson,3/6/2021
542690,Frederik Alves,3/6/2021
2857,Eldin Jakupovic,8/6/2021
3333,James Milner,8/6/2021
6636,Christian Fuchs,8/6/2021
10003,Wes Morgan,8/6/2021
13460,Lee Grant,8/6/2021
13520,Phil Jagielka,8/6/2021
15773,Phil Bardsley,8/6/2021
19948,Willy Caballero,8/6/2021
26267,Fernandinho,8/6/2021
26399,Sergio Agüero,8/6/2021
27486,Kiko Casilla,8/6/2021
27511,Gary Cahill,8/6/2021
29241,Thiago Silva,8/6/2021
29712,John Ruddy,8/6/2021
30690,Sergio Romero,8/6/2021
33713,Theo Walcott,8/6/2021
34130,Tom Heaton,8/6/2021
35416,David McGoldrick,8/6/2021
36529,Kevin McDonald,8/6/2021
37304,Shane Long,8/6/2021
40204,Joe Hart,8/6/2021
40611,Ryan Bertrand,8/6/2021
40613,Jack Cork,8/6/2021
41416,James McArthur,8/6/2021
42412,Jonny Evans,8/6/2021
43084,Gaetano Berardi,8/6/2021
43530,Adam Lallana,8/6/2021
43763,Erik Pieters,8/6/2021
44068,Juan Mata,8/6/2021
45333,James McCarthy,8/6/2021
45882,Fabri,8/6/2021
46220,Pablo Hernández,8/6/2021
46741,David Luiz,8/6/2021
47713,Mamadou Sakho,8/6/2021
48066,Andy Carroll,8/6/2021
48280,Edinson Cavani,8/6/2021
49542,Billy Sharp,8/6/2021
49755,Dale Stephens,8/6/2021
50174,Danny Rose,8/6/2021
50362,Fabian Delph,8/6/2021
51152,Aleksandar Mitrović,8/6/2021
51540,Henri Saivet,8/6/2021
52191,Stephen Henderson,8/6/2021
52495,Chris Basham,8/6/2021
52570,Fraser Forster,8/6/2021
52769,Willian,8/6/2021
53360,Jay Rodríguez,8/6/2021
57079,Jack Rodwell,8/6/2021
58864,Pierre-Emerick Aubameyang,8/6/2021
59641,Denis Odoi,8/6/2021
61560,Marc Albrighton,8/6/2021
61583,Eunan O'Kane,8/6/2021
61592,James Tomkins,8/6/2021
61653,Conor Hourihane,8/6/2021
61697,Wes Foderingham,8/6/2021
61842,Andros Townsend,8/6/2021
62008,Stefan Johansen,8/6/2021
62688,Scott Dann,8/6/2021
63200,Ashley Barnes,8/6/2021
64399,Vicente Guaita,8/6/2021
66100,Oriol Romeu,8/6/2021
66333,Ahmed Elmohamady,8/6/2021
66923,Luke Freeman,8/6/2021
66934,Cheikhou Kouyaté,8/6/2021
67063,Danny Welbeck,8/6/2021
67416,Neil Taylor,8/6/2021
67420,Luke Ayling,8/6/2021
68390,Séamus Coleman,8/6/2021
71271,Adrián San Miguel,8/6/2021
71292,Jonjo Shelvey,8/6/2021
73522,Matty James,8/6/2021
73547,Oliver Norwood,8/6/2021
73564,Jason Steele,8/6/2021
74300,Luka Milivojevic,8/6/2021
74683,Nemanja Matić,8/6/2021
74810,Ben Mee,8/6/2021
77100,Lucas Moura,8/6/2021
78959,Martin Kelly,8/6/2021
79027,Davy Pröpper,8/6/2021
82105,Joel Matip,8/6/2021
82873,Pascal Groß,8/6/2021
85177,Nathaniel Clyne,8/6/2021
85475,Federico Fernández,8/6/2021
85706,Enda Stevens,8/6/2021
88103,James Rodríguez,8/6/2021
89231,Jóhann Berg Gudmundsson,8/6/2021
90466,Gylfi Sigurdsson,8/6/2021
91059,Joshua King,8/6/2021
91317,Ashley Westwood,8/6/2021
91845,Heung-min Son,8/6/2021
91854,Barry Douglas,8/6/2021
92469,Matt Ritchie,8/6/2021
92572,Joel Ward,8/6/2021
93720,Alexandre Lacazette,8/6/2021
93905,Muhamed Besic,8/6/2021
95435,Connor Wickham,8/6/2021
95976,Alex McCarthy,8/6/2021
98240,Ciaran Clark,8/6/2021
99397,Karl Darlow,8/6/2021
102258,Matthew Lowton,8/6/2021
105470,Alisson,8/6/2021
108354,Jordan Ayew,8/6/2021
108725,Chris Wood,8/6/2021
110867,Jed Steer,8/6/2021
111051,Nampalys Mendy,8/6/2021
111114,Kevin Long,8/6/2021
111422,Neeskens Kebano,8/6/2021
111630,Erik Lamela,8/6/2021
111873,Emiliano Martínez,8/6/2021
112515,Marcos Alonso,8/6/2021
112988,Cédric Soares,8/6/2021
116648,Marcus Bettinelli,8/6/2021
117996,Phil Jones,8/6/2021
118534,Michael Keane,8/6/2021
119269,Shane Duffy,8/6/2021
120629,Alphonse Areola,8/6/2021
121257,Adam Forshaw,8/6/2021
121324,John Egan,8/6/2021
122155,Willian José,8/6/2021
123275,Tom Cairney,8/6/2021
123536,Simon Moore,8/6/2021
123682,Callum Wilson,8/6/2021
126412,Ouasim Bouy,8/6/2021
126422,Allan,8/6/2021
127032,Serge Aurier,8/6/2021
127187,Abdoulaye Doucouré,8/6/2021
128229,Robbie Brady,8/6/2021
128898,Jamal Blackman,8/6/2021
128899,Jack Butland,8/6/2021
128904,Ben Gibson,8/6/2021
128909,Jack Robinson,8/6/2021
128969,Mathew Ryan,8/6/2021
129078,Nathan Redmond,8/6/2021
131505,Rodrigo,8/6/2021
131789,Roberto Firmino,8/6/2021
131978,Ross Barkley,8/6/2021
131996,Bertrand Traoré,8/6/2021
134270,Dan Burn,8/6/2021
134294,Danny Ings,8/6/2021
137745,Marçal,8/6/2021
139208,Virgil van Dijk,8/6/2021
142310,Willy Boly,8/6/2021
142389,Mark Gillespie,8/6/2021
143424,Alex Oxlade-Chamberlain,8/6/2021
145466,Tim Ream,8/6/2021
145988,Wilfried Zaha,8/6/2021
146690,George Baldock,8/6/2021
147094,José Izquierdo,8/6/2021
148153,Lewis Dunk,8/6/2021
148262,Jeff Hendrick,8/6/2021
148368,Divock Origi,8/6/2021
148455,Mohamed Salah,8/6/2021
149237,Anthony Knockaert,8/6/2021
149716,Ivan Cavaleiro,8/6/2021
152651,Terence Kongolo,8/6/2021
156941,John Lundstram,8/6/2021
157490,Michael Hector,8/6/2021
157495,Benjamin Mendy,8/6/2021
157506,Jeffrey Schlupp,8/6/2021
158623,Cyrus Christie,8/6/2021
158764,Stuart Dallas,8/6/2021
160438,Mohamed Elneny,8/6/2021
162029,Javier Manquillo,8/6/2021
163744,Jack Stephens,8/6/2021
165793,Takumi Minamino,8/6/2021
170321,Paul Dummett,8/6/2021
170934,Mario Lemina,8/6/2021
171424,Riyad Mahrez,8/6/2021
171679,Matt Doherty,8/6/2021
173504,James Tarkowski,8/6/2021
173900,Hélder Costa,8/6/2021
174094,Morgan Sanson,8/6/2021
175169,Bernard,8/6/2021
175446,Jonny Otto,8/6/2021
175722,Eric Dier,8/6/2021
177065,Florin Andone,8/6/2021
177862,Charly Musonda Jr.,8/6/2021
182877,Anthony Martial,8/6/2021
182894,Jean-Philippe Gbamin,8/6/2021
183318,Jamaal Lascelles,8/6/2021
183334,Patrick Bamford,8/6/2021
183720,Anwar El Ghazi,8/6/2021
186186,Bobby De Cordova-Reid,8/6/2021
186997,Christian Atsu,8/6/2021
191217,Héctor Bellerín,8/6/2021
191614,Fred,8/6/2021
192080,Nick Pope,8/6/2021
192279,Kepa Arrizabalaga,8/6/2021
192611,Joel Pereira,8/6/2021
193469,Björn Engels,8/6/2021
194460,Joe Bryan,8/6/2021
195633,Charlie Taylor,8/6/2021
196522,Dwight Gayle,8/6/2021
197838,Jamie Vardy,8/6/2021
199527,Jacob Murphy,8/6/2021
200512,Sadio Mané,8/6/2021
201574,Angus Gunn,8/6/2021
202886,Ruben Loftus-Cheek,8/6/2021
204198,Romain Saïss,8/6/2021
205657,Rúnar Alex Rúnarsson,8/6/2021
205757,Dejan Iliev,8/6/2021
206040,Raúl Jiménez,8/6/2021
206225,Isaac Hayden,8/6/2021
206746,Kenny Tete,8/6/2021
207929,Dele Alli,8/6/2021
208379,Christian Walton,8/6/2021
209212,Solly March,8/6/2021
210178,Pablo Marí,8/6/2021
212829,Jack O'Connell,8/6/2021
212847,Adam Webster,8/6/2021
213268,Alireza Jahanbakhsh,8/6/2021
214056,Daniel Amartey,8/6/2021
214928,Kean Bryan,8/6/2021
215118,Calum Chambers,8/6/2021
215876,Ricardo Pereira,8/6/2021
217111,Hakim Ziyech,8/6/2021
217115,Neal Maupay,8/6/2021
218087,Ben Osborn,8/6/2021
220755,Matthew Pennington,8/6/2021
221025,André Gomes,8/6/2021
221624,Zack Steffen,8/6/2021
225452,Patrick Roberts,8/6/2021
225693,Fabinho,8/6/2021
226049,Freddie Woodman,8/6/2021
226968,Sam McQueen,8/6/2021
226973,Harrison Reed,8/6/2021
230784,Thomas Partey,8/6/2021
233124,Kortney Hause,8/6/2021
234189,Trezeguet,8/6/2021
236490,Ola Aina,8/6/2021
236510,Sheyi Ojo,8/6/2021
238223,Ederson,8/6/2021
241481,Jaïro Riedewald,8/6/2021
242631,Alex Iwobi,8/6/2021
243589,Josh Onomah,8/6/2021
246968,Ayoze Pérez,8/6/2021
249126,Harry Winks,8/6/2021
250478,Matt Targett,8/6/2021
253341,Rob Holding,8/6/2021
255755,Alex Telles,8/6/2021
256178,Joe Gomez,8/6/2021
256977,Daniel Podence,8/6/2021
257097,Ben Davies,8/6/2021
258878,Tosin Adarabioyo,8/6/2021
258885,Max Lowe,8/6/2021
272642,Allan Saint-Maximin,8/6/2021
272999,Miguel Almirón,8/6/2021
274839,Wilfred Ndidi,8/6/2021
282429,Sergio Reguilón,8/6/2021
282823,Alfie Whiteman,8/6/2021
284165,Steven Bergwijn,8/6/2021
285033,Will Norris,8/6/2021
285845,Ainsley Maitland-Niles,8/6/2021
286384,Eric Bailly,8/6/2021
286919,Josh Sims,8/6/2021
287431,Alfie Mawson,8/6/2021
289446,Yerry Mina,8/6/2021
291422,Lys Mousset,8/6/2021
293569,Josh Brownhill,8/6/2021
294057,James Maddison,8/6/2021
295330,Kelechi Iheanacho,8/6/2021
298477,Oli McBurnie,8/6/2021
302215,Naby Keïta,8/6/2021
307497,Matt Clarke,8/6/2021
312239,Percy Tau,8/6/2021
314210,Tom Davies,8/6/2021
315185,Jake Hesketh,8/6/2021
315779,Christian Pulisic,8/6/2021
316264,Martin Ødegaard,8/6/2021
316551,Jake Clarke-Salter,8/6/2021
319745,Dani Ceballos,8/6/2021
324882,Marvelous Nakamba,8/6/2021
325443,Viktor Gyökeres,8/6/2021
329813,João Virgínia,8/6/2021
331726,Tammy Abraham,8/6/2021
333014,Sander Berge,8/6/2021
333241,Joelinton,8/6/2021
335461,Renat Dadashov,8/6/2021
338070,Konstantinos Tsimikas,8/6/2021
340322,Nathan Tella,8/6/2021
340324,Eddie Nketiah,8/6/2021
340325,Reiss Nelson,8/6/2021
340329,Joe Willock,8/6/2021
340460,Philippe Sandler,8/6/2021
340918,Caoimhín Kelleher,8/6/2021
341043,Harry Lewis,8/6/2021
341049,Cameron Carter-Vickers,8/6/2021
341051,Kyle Walker-Peters,8/6/2021
341317,Oliver Burke,8/6/2021
341429,Davinson Sánchez,8/6/2021
341501,Hamza Choudhury,8/6/2021
342046,Axel Tuanzebe,8/6/2021
342050,Nathan Baxter,8/6/2021
343052,Nicolas Pépé,8/6/2021
344009,Nathan Broadhead,8/6/2021
344015,Ben Woodburn,8/6/2021
346018,Jamal Lewis,8/6/2021
346478,Japhet Tanganga,8/6/2021
346482,Dan Nlundulu,8/6/2021
346707,Sean Longstaff,8/6/2021
348623,Mason Holgate,8/6/2021
348795,Giovani Lo Celso,8/6/2021
349701,Antonee Robinson,8/6/2021
354361,Frank Anguissa,8/6/2021
357656,Jayson Molumby,8/6/2021
363205,Gabriel Jesus,8/6/2021
367284,Leo Østigård,8/6/2021
371814,Nathaniel Phillips,8/6/2021
378710,Richarlison,8/6/2021
381362,Wesley Moraes,8/6/2021
392757,Marc Guéhi,8/6/2021
392763,Ian Poveda,8/6/2021
392765,Emile Smith Rowe,8/6/2021
392768,Callum Hudson-Odoi,8/6/2021
396174,Jimmy Dunne,8/6/2021
396859,Jamie Cumming,8/6/2021
397102,Josh Benson,8/6/2021
398065,Harvey Barnes,8/6/2021
399369,Beni Baningime,8/6/2021
401604,Michal Karbownik,8/6/2021
406008,Yan Valery,8/6/2021
406040,Ademola Lookman,8/6/2021
406558,Steven Sessegnon,8/6/2021
406560,Rhian Brewster,8/6/2021
406633,Nya Kirby,8/6/2021
406638,Oliver Skipp,8/6/2021
408563,Jerome Opoku,8/6/2021
410425,Yves Bissouma,8/6/2021
410436,Bailey Peacock-Farrell,8/6/2021
410708,Pascal Struijk,8/6/2021
411295,Raphinha,8/6/2021
412660,Keinan Davis,8/6/2021
413032,Ibrahima Diallo,8/6/2021
413220,James Justin,8/6/2021
413403,Ezri Konsa,8/6/2021
417346,Jack Harrison,8/6/2021
420002,Jean-Philippe Mateta,8/6/2021
421873,Elia Caprile,8/6/2021
425334,Matty Cash,8/6/2021
429014,Morgan Gibbs-White,8/6/2021
433188,Curtis Jones,8/6/2021
434207,Aaron Connolly,8/6/2021
435338,Gabriel,8/6/2021
442531,Edouard Mendy,8/6/2021
444208,Michael Obafemi,8/6/2021
444211,Will Smallbone,8/6/2021
447661,Douglas Luiz,8/6/2021
450936,Tanguy Ndombélé,8/6/2021
453824,Josh Maja,8/6/2021
462820,Andreas Söndergaard,8/6/2021
465717,Jayden Bogle,8/6/2021
475411,Wesley Fofana,8/6/2021
476237,Steven Alzate,8/6/2021
477758,Aaron Wan-Bissaka,8/6/2021
479999,Eberechi Eze,8/6/2021
484387,Matty Longstaff,8/6/2021
485424,Moussa Djenepo,8/6/2021
485583,Ki-Jana Hoever,8/6/2021
487465,Pedro Neto,8/6/2021
487469,Vitinha,8/6/2021
488362,Conor Gallagher,8/6/2021
503679,Rhys Williams,8/6/2021
503749,Jacob Ramsey,8/6/2021
503980,Joe Gelhardt,8/6/2021
504148,Tariq Lamptey,8/6/2021
505194,Luke Thomas,8/6/2021
505653,Fábio Silva,8/6/2021
507254,Nathan Ferguson,8/6/2021
507700,Brandon Williams,8/6/2021
511815,Owen Otasowie,8/6/2021
525247,Maximilian Kilman,8/6/2021
525287,Carlos Vinícius,8/6/2021
526873,Jake Eastwood,8/6/2021
533523,Haydon Roberts,8/6/2021
533913,Jordan Stevens,8/6/2021
534033,Alexis Mac Allister,8/6/2021
534698,Robbie Gotts,8/6/2021
534700,Jamie Shackleton,8/6/2021
536835,Amad Diallo,8/6/2021
542586,Illan Meslier,8/6/2021
559794,Jack Clarke,8/6/2021
563963,Mohammed Salisu,8/6/2021
568535,Theo Corbeanu,8/6/2021
578391,Rayan Aït-Nouri,8/6/2021
581598,Harvey White,8/6/2021
583189,Anthony Elanga,8/6/2021
584769,Dwight McNeil,8/6/2021
591193,Niels Nkounkou,8/6/2021
596446,Leif Davis,8/6/2021
607224,Hannibal,8/6/2021
611650,Sam Woods,8/6/2021
614084,Luke Matheson,8/6/2021
638649,Femi Seriki,8/6/2021
640245,Will Fish,8/6/2021
655488,Gabriel Martinelli,8/6/2021
659459,Carney Chukwuemeka,8/6/2021
661053,Jarrad Branthwaite,8/6/2021
665390,Jaden Philogene,8/6/2021
687626,Moisés Caicedo,8/6/2021
730893,Tyrick Mitchell,8/6/2021
746740,Daniel Jebbison,8/6/2021
365544,Pontus Dahlberg,9/6/2021
259917,Jhonatan Candia,11/6/2021
371436,Francisco Sierralta,11/6/2021
663077,Leonel Picco,11/6/2021
308801,Adalberto Peñaranda,17/6/2021
357397,Kazaiah Sterling,28/6/2021
9988,Michael Dawson,30/6/2021
13572,Ben Foster,30/6/2021
27659,Martin Cranie,30/6/2021
29391,Michael McGovern,30/6/2021
33873,Asmir Begovic,30/6/2021
35413,Lewis Grabban,30/6/2021
36291,Gaëtan Bong,30/6/2021
39037,Rob Elliot,30/6/2021
39372,Mario Vrancic,30/6/2021
44983,Dan Gosling,30/6/2021
45693,Glenn Murray,30/6/2021
45760,Marco Stiepermann,30/6/2021
45921,Luke Daniels,30/6/2021
51226,Carlos Sánchez,30/6/2021
52576,Kazenga LuaLua,30/6/2021
55742,Harry Arter,30/6/2021
59606,Craig Cathcart,30/6/2021
61644,Jack Colback,30/6/2021
61841,Adam Smith,30/6/2021
62640,James Collins,30/6/2021
65477,Troy Deeney,30/6/2021
73484,Tom Cleverley,30/6/2021
73517,Ørjan Nyland,30/6/2021
74223,Jack Wilshere,30/6/2021
76467,Kiko Femenía,30/6/2021
77812,Christoph Zimmermann,30/6/2021
81512,Christian Kabasele,30/6/2021
82243,Moritz Leitner,30/6/2021
82863,Lukas Rupp,30/6/2021
87672,Junior Stanislas,30/6/2021
89461,Samba Sow,30/6/2021
90836,Steve Cook,30/6/2021
91340,James Shea,30/6/2021
92381,Sammy Ameobi,30/6/2021
93315,Henrik Dalsgaard,30/6/2021
93831,Tom Trybull,30/6/2021
102382,Michael Hefele,30/6/2021
104495,Lyle Taylor,30/6/2021
109751,Onel Hernández,30/6/2021
110868,Ryan Tunnicliffe,30/6/2021
120565,Andre Gray,30/6/2021
121238,George Moncur,30/6/2021
121477,Craig Dawson,30/6/2021
122077,Tobias Figueiredo,30/6/2021
125685,Luke Berry,30/6/2021
126321,Carl Jenkinson,30/6/2021
126600,Kenny McLean,30/6/2021
126681,Abdoulaye Diallo,30/6/2021
128900,Nathaniel Chalobah,30/6/2021
134414,Tyler Blackett,30/6/2021
139173,Achraf Lazaar,30/6/2021
183302,Ben Pearson,30/6/2021
184129,Jordan Clark,30/6/2021
191056,Brice Samba,30/6/2021
192875,William Troost-Ekong,30/6/2021
203655,Cafú,30/6/2021
204294,Saman Ghoddos,30/6/2021
207014,Will Hughes,30/6/2021
207037,Dan Potts,30/6/2021
207771,Louis Thompson,30/6/2021
208244,Brendan Galloway,30/6/2021
229826,Elliot Lee,30/6/2021
232964,Emiliano Marcondes,30/6/2021
236953,Sam Byram,30/6/2021
244338,Pelly Ruddock Mpanzu,30/6/2021
245072,Stipe Perica,30/6/2021
249089,Lewis Cook,30/6/2021
249356,Jack Stacey,30/6/2021
249513,Diego Rico,30/6/2021
249873,Tariqe Fosu,30/6/2021
251664,Ivan Toney,30/6/2021
251845,Sergi Canós,30/6/2021
255703,Harry Cornick,30/6/2021
258032,Yuri Ribeiro,30/6/2021
258889,Dominic Solanke,30/6/2021
258916,Kieran Dowell,30/6/2021
262749,David Raya,30/6/2021
262980,Jefferson Lerma,30/6/2021
270171,Vitaly Janelt,30/6/2021
271098,Philip Zinckernagel,30/6/2021
286949,Adam Masina,30/6/2021
287167,Joe Lolley,30/6/2021
288948,Aston Oxborough,30/6/2021
291544,Jordan Hugill,30/6/2021
295331,Isaac Success,30/6/2021
319900,Elijah Adebayo,30/6/2021
320411,Philip Billing,30/6/2021
321247,Emiliano Buendía,30/6/2021
324223,James Bree,30/6/2021
332341,Todd Cantwell,30/6/2021
335245,Marc Navarro,30/6/2021
339556,Rico Henry,30/6/2021
340321,Josh Dasilva,30/6/2021
345587,Luka Racic,30/6/2021
346472,Tom Dele-Bashiru,30/6/2021
355861,Arnaut Danjuma,30/6/2021
357658,Mark Travers,30/6/2021
364409,Gabriel Osho,30/6/2021
372240,Mads Bech Sørensen,30/6/2021
376856,Charlie Goode,30/6/2021
383109,Przemyslaw Placheta,30/6/2021
390664,Jacob Lungi Sørensen,30/6/2021
391005,Mads Roerslev,30/6/2021
398402,Sam Surridge,30/6/2021
410225,Ismaïla Sarr,30/6/2021
413039,Bryan Mbeumo,30/6/2021
415970,Joe Worrall,30/6/2021
425713,Akin Famewo,30/6/2021
425902,Ryan Yates,30/6/2021
426326,Anderson Arroyo,30/6/2021
433186,Bali Mumba,30/6/2021
434223,Adam Idah,30/6/2021
442248,Ethan Pinnock,30/6/2021
442337,Filip Stuparevic,30/6/2021
452707,Jordan Smith,30/6/2021
456292,Ellery Balcombe,30/6/2021
463610,Loïc Mbe Soh,30/6/2021
467599,Ben Wilmot,30/6/2021
469064,Gavin Kilkenny,30/6/2021
470607,Brennan Johnson,30/6/2021
471690,Max Aarons,30/6/2021
480116,Lloyd Kelly,30/6/2021
487924,Jan Zamburek,30/6/2021
499604,Dion Pereira,30/6/2021
503688,Dominic Thompson,30/6/2021
503795,Jeremy Ngakia,30/6/2021
503988,Alex Mighten,30/6/2021
504042,Daniel Barden,30/6/2021
532464,Daniel Adshead,30/6/2021
533916,Shandon Baptiste,30/6/2021
538006,Kwasi Sibo,30/6/2021
547534,Josh Martin,30/6/2021
582078,Will Dennis,30/6/2021
587019,Fin Stevens,30/6/2021
605498,Sebastian Soto,30/6/2021
611906,Nnamdi Ofoborh,30/6/2021
618901,Sam McCallum,30/6/2021
621993,Andrew Omobamidele,30/6/2021
626724,João Pedro,30/6/2021
633530,Jordan Zemura,30/6/2021
648699,Brennan Camp,30/6/2021
666136,Corey Panter,30/6/2021
684210,Jaidon Anthony,30/6/2021
102017,Jorginho,15/7/2021
120186,Daniel Bachmann,15/7/2021
130164,Jordan Pickford,15/7/2021
167799,Pierre-Emile Højbjerg,15/7/2021
177907,Harry Maguire,15/7/2021
181778,Emerson,15/7/2021
183288,Luke Shaw,15/7/2021
203853,Oleksandr Zinchenko,15/7/2021
351749,Kalvin Phillips,15/7/2021
357662,Declan Rice,15/7/2021
111873,Emiliano Martínez,16/7/2021
272999,Miguel Almirón,16/7/2021
406608,Thierno Ballo,13/8/2021
486144,Jakub Stolarczyk,13/8/2021
503241,Reece Hannam,13/8/2021
503976,Dynel Simeu,13/8/2021
503981,Tino Livramento,13/8/2021
587002,Myles Peart-Harris,13/8/2021
587003,Lewis Bate,13/8/2021
605757,Zan-Luk Leban,13/8/2021
624948,Mattie Pollock,13/8/2021
630523,Martin Svidersky,13/8/2021
668495,Marcelo Flores,13/8/2021
711247,Kwadwo Baah,13/8/2021
849429,Tete Yengi,1/10/2021
45671,Cenk Tosun,5/10/2021
60444,Thiago Alcántara,5/10/2021
72476,Bernd Leno,5/10/2021
86202,Antonio Rüdiger,5/10/2021
90466,Gylfi Sigurdsson,5/10/2021
93720,Alexandre Lacazette,5/10/2021
94005,Sead Kolasinac,5/10/2021
112515,Marcos Alonso,5/10/2021
120186,Daniel Bachmann,5/10/2021
120629,Alphonse Areola,5/10/2021
131789,Roberto Firmino,5/10/2021
131978,Ross Barkley,5/10/2021
142310,Willy Boly,5/10/2021
148367,Christian Nørgaard,5/10/2021
157495,Benjamin Mendy,5/10/2021
163744,Jack Stephens,5/10/2021
166240,Jürgen Locadia,5/10/2021
170527,Timo Werner,5/10/2021
181579,James Ward-Prowse,5/10/2021
182877,Anthony Martial,5/10/2021
196948,Andreas Christensen,5/10/2021
199527,Jacob Murphy,5/10/2021
203460,Jack Grealish,5/10/2021
210178,Pablo Marí,5/10/2021
225161,Rúben Neves,5/10/2021
244192,Pierluigi Gollini,5/10/2021
251664,Ivan Toney,5/10/2021
251845,Sergi Canós,5/10/2021
262749,David Raya,5/10/2021
270171,Vitaly Janelt,5/10/2021
272622,Issa Diop,5/10/2021
283628,Tomáš Souček,5/10/2021
286384,Eric Bailly,5/10/2021
288255,Donny van de Beek,5/10/2021
290532,Saïd Benrahma,5/10/2021
292417,Demarai Gray,5/10/2021
294057,James Maddison,5/10/2021
316125,Ben Chilwell,5/10/2021
318523,Romain Perraud,5/10/2021
328658,Kristoffer Ajer,5/10/2021
335721,Ben White,5/10/2021
338070,Konstantinos Tsimikas,5/10/2021
339556,Rico Henry,5/10/2021
340324,Eddie Nketiah,5/10/2021
340329,Joe Willock,5/10/2021
344596,Malang Sarr,5/10/2021
346018,Jamal Lewis,5/10/2021
346314,Trevoh Chalobah,5/10/2021
346478,Japhet Tanganga,5/10/2021
348795,Giovani Lo Celso,5/10/2021
357885,Pablo Fornals,5/10/2021
361260,Ozan Kabak,5/10/2021
374139,Junior Firpo,5/10/2021
381967,Albert Sambi Lokonga,5/10/2021
392757,Marc Guéhi,5/10/2021
392765,Emile Smith Rowe,5/10/2021
401173,Jadon Sancho,5/10/2021
403151,Robert Sánchez,5/10/2021
406638,Oliver Skipp,5/10/2021
410225,Ismaïla Sarr,5/10/2021
411295,Raphinha,5/10/2021
420002,Jean-Philippe Mateta,5/10/2021
421637,Frank Onyeka,5/10/2021
423744,Billy Gilmour,5/10/2021
427568,Aaron Ramsdale,5/10/2021
442531,Edouard Mendy,5/10/2021
450936,Tanguy Ndombélé,5/10/2021
463751,Marc Leonard,5/10/2021
472423,Reece James,5/10/2021
484551,Taylor Richards,5/10/2021
490307,Enock Mwepu,5/10/2021
503749,Jacob Ramsey,5/10/2021
503795,Jeremy Ngakia,5/10/2021
503858,Antef Tsoungui,5/10/2021
503981,Tino Livramento,5/10/2021
505194,Luke Thomas,5/10/2021
532541,Luke Cundle,5/10/2021
533662,Cameron Archer,5/10/2021
567597,Odeluga Offiah,5/10/2021
568005,Jeremy Sarmiento,5/10/2021
576121,Josh Wilson-Esbrand,5/10/2021
580809,Ed Turns,5/10/2021
581669,CJ Egan-Riley,5/10/2021
581681,Finley Burns,5/10/2021
583199,James McAtee,5/10/2021
586834,Jesurun Rak-Sakyi,5/10/2021
592474,Stuart McKinstry,5/10/2021
609883,Luke Mbete,5/10/2021
618494,Tyler Morton,5/10/2021
624258,Conor Bradley,5/10/2021
627248,Lewis Dobbin,5/10/2021
628451,Roméo Lavia,5/10/2021
646658,Aaron Ramsey,5/10/2021
648046,Evan Ferguson,5/10/2021
659459,Carney Chukwuemeka,5/10/2021
680806,Samuel Edozie,5/10/2021
711247,Kwadwo Baah,5/10/2021
724537,Andrew Moran,5/10/2021
730893,Tyrick Mitchell,5/10/2021
732119,Kaide Gordon,5/10/2021
742746,Caleb Chukwuemeka,5/10/2021
118375,Dardo Miloc,20/10/2021
190442,Alan Ruiz,20/10/2021
322190,Lucas Suárez,20/10/2021
469776,Gastón Suso,20/10/2021
594104,Gonzalo Goñi,20/10/2021
663077,Leonel Picco,20/10/2021
690718,Bruno Sepúlveda,20/10/2021
696719,Gastón Benavídez,20/10/2021
128229,Robbie Brady,28/10/2021
27511,Gary Cahill,24/11/2021
35413,Lewis Grabban,24/11/2021
35416,David McGoldrick,24/11/2021
35855,Cameron Jerome,24/11/2021
36291,Gaëtan Bong,24/11/2021
44794,Henri Lansbury,24/11/2021
45882,Fabri,24/11/2021
49542,Billy Sharp,24/11/2021
51152,Aleksandar Mitrović,24/11/2021
52495,Chris Basham,24/11/2021
54383,John Fleck,24/11/2021
59641,Denis Odoi,24/11/2021
61644,Jack Colback,24/11/2021
61653,Conor Hourihane,24/11/2021
61697,Wes Foderingham,24/11/2021
61841,Adam Smith,24/11/2021
66923,Luke Freeman,24/11/2021
73517,Ørjan Nyland,24/11/2021
73547,Oliver Norwood,24/11/2021
74768,Adlène Guédioura,24/11/2021
75458,Robin Olsen,24/11/2021
85706,Enda Stevens,24/11/2021
87672,Junior Stanislas,24/11/2021
90836,Steve Cook,24/11/2021
91340,James Shea,24/11/2021
104495,Lyle Taylor,24/11/2021
111422,Neeskens Kebano,24/11/2021
121324,John Egan,24/11/2021
122077,Tobias Figueiredo,24/11/2021
123275,Tom Cairney,24/11/2021
125685,Luke Berry,24/11/2021
126321,Carl Jenkinson,24/11/2021
128229,Robbie Brady,24/11/2021
128900,Nathaniel Chalobah,24/11/2021
128909,Jack Robinson,24/11/2021
145466,Tim Ream,24/11/2021
146690,George Baldock,24/11/2021
149237,Anthony Knockaert,24/11/2021
149716,Ivan Cavaleiro,24/11/2021
152651,Terence Kongolo,24/11/2021
157490,Michael Hector,24/11/2021
158623,Cyrus Christie,24/11/2021
176140,Rodrigo Ely,24/11/2021
178614,Jean Michaël Seri,24/11/2021
183302,Ben Pearson,24/11/2021
184129,Jordan Clark,24/11/2021
186186,Bobby De Cordova-Reid,24/11/2021
186901,Marek Rodák,24/11/2021
188077,Ryan Christie,24/11/2021
191056,Brice Samba,24/11/2021
192167,Mohamed Dräger,24/11/2021
194460,Joe Bryan,24/11/2021
195488,Paulo Gazzaniga,24/11/2021
203655,Cafú,24/11/2021
206746,Kenny Tete,24/11/2021
207037,Dan Potts,24/11/2021
207742,Tom Lockyer,24/11/2021
212829,Jack O'Connell,24/11/2021
218087,Ben Osborn,24/11/2021
226973,Harrison Reed,24/11/2021
232964,Emiliano Marcondes,24/11/2021
239949,Jamal Lowe,24/11/2021
242284,Ethan Horvath,24/11/2021
243589,Josh Onomah,24/11/2021
244338,Pelly Ruddock Mpanzu,24/11/2021
249089,Lewis Cook,24/11/2021
249356,Jack Stacey,24/11/2021
255703,Harry Cornick,24/11/2021
255906,Scott McKenna,24/11/2021
257097,Ben Davies,24/11/2021
258005,João Carvalho,24/11/2021
258011,Xande Silva,24/11/2021
258878,Tosin Adarabioyo,24/11/2021
258885,Max Lowe,24/11/2021
258889,Dominic Solanke,24/11/2021
262980,Jefferson Lerma,24/11/2021
264220,Reece Burke,24/11/2021
271098,Philip Zinckernagel,24/11/2021
277033,David Brooks,24/11/2021
278166,Amari'i Bell,24/11/2021
279455,Harry Wilson,24/11/2021
287167,Joe Lolley,24/11/2021
287431,Alfie Mawson,24/11/2021
288259,Michael Verrips,24/11/2021
291422,Lys Mousset,24/11/2021
298477,Oli McBurnie,24/11/2021
305274,Fred Onyedinma,24/11/2021
314378,Admiral Muskwe,24/11/2021
319900,Elijah Adebayo,24/11/2021
320411,Philip Billing,24/11/2021
324223,James Bree,24/11/2021
333014,Sander Berge,24/11/2021
341317,Oliver Burke,24/11/2021
347619,Allan Campbell,24/11/2021
349701,Antonee Robinson,24/11/2021
357658,Mark Travers,24/11/2021
364409,Gabriel Osho,24/11/2021
391719,Domingos Quina,24/11/2021
397099,Jordi Osei-Tutu,24/11/2021
406558,Steven Sessegnon,24/11/2021
406560,Rhian Brewster,24/11/2021
415970,Joe Worrall,24/11/2021
425902,Ryan Yates,24/11/2021
429014,Morgan Gibbs-White,24/11/2021
452707,Jordan Smith,24/11/2021
463610,Loïc Mbe Soh,24/11/2021
465717,Jayden Bogle,24/11/2021
469064,Gavin Kilkenny,24/11/2021
470607,Brennan Johnson,24/11/2021
480116,Lloyd Kelly,24/11/2021
480987,Chris Mepham,24/11/2021
483348,Djed Spence,24/11/2021
491596,Braian Ojeda,24/11/2021
496661,Elliot Thorpe,24/11/2021
499604,Dion Pereira,24/11/2021
503743,Morgan Rogers,24/11/2021
503988,Alex Mighten,24/11/2021
505219,James Garner,24/11/2021
526873,Jake Eastwood,24/11/2021
528888,Tyrese Francois,24/11/2021
543164,Rhys Norrington-Davies,24/11/2021
559263,Fábio Carvalho,24/11/2021
582078,Will Dennis,24/11/2021
596446,Leif Davis,24/11/2021
623570,Iliman Ndiaye,24/11/2021
633530,Jordan Zemura,24/11/2021
655177,Zeno Ibsen Rossi,24/11/2021
684210,Jaidon Anthony,24/11/2021
696346,Jay Stansfield,24/11/2021
735571,Rodrigo Muniz,24/11/2021
2857,Eldin Jakupovic,23/12/2021
3333,James Milner,23/12/2021
8198,Cristiano Ronaldo,23/12/2021
13460,Lee Grant,23/12/2021
13572,Ben Foster,23/12/2021
14044,Andy Lonergan,23/12/2021
14086,Ashley Young,23/12/2021
14221,Aaron Lennon,23/12/2021
14555,Scott Carson,23/12/2021
15773,Phil Bardsley,23/12/2021
15930,David Martin,23/12/2021
16911,Kasper Schmeichel,23/12/2021
17965,Hugo Lloris,23/12/2021
19948,Willy Caballero,23/12/2021
26267,Fernandinho,23/12/2021
29241,Thiago Silva,23/12/2021
29364,João Moutinho,23/12/2021
29391,Michael McGovern,23/12/2021
29692,Lukasz Fabianski,23/12/2021
29712,John Ruddy,23/12/2021
31835,Mark Noble,23/12/2021
33027,Tim Krul,23/12/2021
33713,Theo Walcott,23/12/2021
33873,Asmir Begovic,23/12/2021
34130,Tom Heaton,23/12/2021
37304,Shane Long,23/12/2021
39037,Rob Elliot,23/12/2021
40611,Ryan Bertrand,23/12/2021
40613,Jack Cork,23/12/2021
41416,James McArthur,23/12/2021
42412,Jonny Evans,23/12/2021
43530,Adam Lallana,23/12/2021
43763,Erik Pieters,23/12/2021
44068,Juan Mata,23/12/2021
44983,Dan Gosling,23/12/2021
45494,Wayne Hennessey,23/12/2021
45671,Cenk Tosun,23/12/2021
46001,Moussa Sissoko,23/12/2021
46972,Teemu Pukki,23/12/2021
48002,Angelo Ogbonna,23/12/2021
48280,Edinson Cavani,23/12/2021
49755,Dale Stephens,23/12/2021
50174,Danny Rose,23/12/2021
50201,Christian Benteke,23/12/2021
50362,Fabian Delph,23/12/2021
51321,Darren Randolph,23/12/2021
51471,Mateo Kovacic,23/12/2021
52059,Zanka,23/12/2021
52570,Fraser Forster,23/12/2021
53360,Jay Rodríguez,23/12/2021
53622,İlkay Gündoğan,23/12/2021
57500,César Azpilicueta,23/12/2021
58864,Pierre-Emerick Aubameyang,23/12/2021
59377,David de Gea,23/12/2021
59606,Craig Cathcart,23/12/2021
60444,Thiago Alcántara,23/12/2021
60577,Nicolas N'Koulou,23/12/2021
61560,Marc Albrighton,23/12/2021
61592,James Tomkins,23/12/2021
61651,Jordan Henderson,23/12/2021
61842,Andros Townsend,23/12/2021
63200,Ashley Barnes,23/12/2021
64399,Vicente Guaita,23/12/2021
66100,Oriol Romeu,23/12/2021
66934,Cheikhou Kouyaté,23/12/2021
67063,Danny Welbeck,23/12/2021
67420,Luke Ayling,23/12/2021
68390,Séamus Coleman,23/12/2021
69015,Andriy Yarmolenko,23/12/2021
71271,Adrián San Miguel,23/12/2021
71292,Jonjo Shelvey,23/12/2021
72476,Bernd Leno,23/12/2021
73484,Tom Cleverley,23/12/2021
73564,Jason Steele,23/12/2021
74300,Luka Milivojevic,23/12/2021
74683,Nemanja Matić,23/12/2021
74810,Ben Mee,23/12/2021
74943,Juraj Kucka,23/12/2021
74960,Martin Dúbravka,23/12/2021
75067,Liam Cooper,23/12/2021
76467,Kiko Femenía,23/12/2021
77100,Lucas Moura,23/12/2021
77812,Christoph Zimmermann,23/12/2021
78959,Martin Kelly,23/12/2021
80197,Salomón Rondón,23/12/2021
81512,Christian Kabasele,23/12/2021
82105,Joel Matip,23/12/2021
82863,Lukas Rupp,23/12/2021
82873,Pascal Groß,23/12/2021
85177,Nathaniel Clyne,23/12/2021
85475,Federico Fernández,23/12/2021
85864,Loris Karius,23/12/2021
86202,Antonio Rüdiger,23/12/2021
88755,Kevin De Bruyne,23/12/2021
89231,Jóhann Berg Gudmundsson,23/12/2021
90466,Gylfi Sigurdsson,23/12/2021
91059,Joshua King,23/12/2021
91317,Ashley Westwood,23/12/2021
91845,Heung-min Son,23/12/2021
92469,Matt Ritchie,23/12/2021
92571,Aaron Cresswell,23/12/2021
92572,Joel Ward,23/12/2021
92738,Mateusz Klich,23/12/2021
93720,Alexandre Lacazette,23/12/2021
94005,Sead Kolasinac,23/12/2021
95424,Kyle Walker,23/12/2021
95976,Alex McCarthy,23/12/2021
96341,Romelu Lukaku,23/12/2021
98240,Ciaran Clark,23/12/2021
99331,Jannik Vestergaard,23/12/2021
99397,Karl Darlow,23/12/2021
101500,Matej Vydra,23/12/2021
102017,Jorginho,23/12/2021
102258,Matthew Lowton,23/12/2021
104124,Michail Antonio,23/12/2021
105470,Alisson,23/12/2021
108354,Jordan Ayew,23/12/2021
108725,Chris Wood,23/12/2021
110867,Jed Steer,23/12/2021
111051,Nampalys Mendy,23/12/2021
111114,Kevin Long,23/12/2021
111195,Joël Veltman,23/12/2021
111455,Granit Xhaka,23/12/2021
111873,Emiliano Martínez,23/12/2021
112515,Marcos Alonso,23/12/2021
112988,Cédric Soares,23/12/2021
116648,Marcus Bettinelli,23/12/2021
117996,Phil Jones,23/12/2021
118534,Michael Keane,23/12/2021
119269,Shane Duffy,23/12/2021
120186,Daniel Bachmann,23/12/2021
120629,Alphonse Areola,23/12/2021
121257,Adam Forshaw,23/12/2021
121385,Grant Hanley,23/12/2021
121477,Craig Dawson,23/12/2021
122153,Paul Pogba,23/12/2021
123682,Callum Wilson,23/12/2021
125314,Pontus Jansson,23/12/2021
126422,Allan,23/12/2021
126600,Kenny McLean,23/12/2021
126664,Lucas Digne,23/12/2021
127187,Abdoulaye Doucouré,23/12/2021
128899,Jack Butland,23/12/2021
128901,Conor Coady,23/12/2021
128904,Ben Gibson,23/12/2021
129078,Nathan Redmond,23/12/2021
130164,Jordan Pickford,23/12/2021
130765,Stuart Armstrong,23/12/2021
131505,Rodrigo,23/12/2021
131789,Roberto Firmino,23/12/2021
131978,Ross Barkley,23/12/2021
131996,Bertrand Traoré,23/12/2021
132098,Harry Kane,23/12/2021
134270,Dan Burn,23/12/2021
134277,Julian Jeanvier,23/12/2021
134294,Danny Ings,23/12/2021
134425,Raheem Sterling,23/12/2021
135343,Fabian Schär,23/12/2021
135853,Manuel Lanzini,23/12/2021
137745,Marçal,23/12/2021
139208,Virgil van Dijk,23/12/2021
140191,Ryan Fredericks,23/12/2021
141660,Jesse Lingard,23/12/2021
142310,Willy Boly,23/12/2021
142389,Mark Gillespie,23/12/2021
143424,Alex Oxlade-Chamberlain,23/12/2021
144028,Leandro Trossard,23/12/2021
145988,Wilfried Zaha,23/12/2021
146795,Ryan Fraser,23/12/2021
148153,Lewis Dunk,23/12/2021
148262,Jeff Hendrick,23/12/2021
148367,Christian Nørgaard,23/12/2021
148368,Divock Origi,23/12/2021
148455,Mohamed Salah,23/12/2021
148928,Saúl Ñíguez,23/12/2021
157495,Benjamin Mendy,23/12/2021
157506,Jeffrey Schlupp,23/12/2021
157509,Kurt Zouma,23/12/2021
157672,Vladimír Coufal,23/12/2021
158764,Stuart Dallas,23/12/2021
160438,Mohamed Elneny,23/12/2021
162029,Javier Manquillo,23/12/2021
163744,Jack Stephens,23/12/2021
164770,Raphaël Varane,23/12/2021
165793,Takumi Minamino,23/12/2021
166240,Jürgen Locadia,23/12/2021
167799,Pierre-Emile Højbjerg,23/12/2021
168157,Leander Dendoncker,23/12/2021
170321,Paul Dummett,23/12/2021
170527,Timo Werner,23/12/2021
171424,Riyad Mahrez,23/12/2021
171679,Matt Doherty,23/12/2021
173504,James Tarkowski,23/12/2021
174094,Morgan Sanson,23/12/2021
175446,Jonny Otto,23/12/2021
175722,Eric Dier,23/12/2021
176553,Aymeric Laporte,23/12/2021
177476,Nathan Aké,23/12/2021
177862,Charly Musonda Jr.,23/12/2021
177907,Harry Maguire,23/12/2021
181380,Arthur Masuaku,23/12/2021
181579,James Ward-Prowse,23/12/2021
182712,João Cancelo,23/12/2021
182877,Anthony Martial,23/12/2021
182894,Jean-Philippe Gbamin,23/12/2021
183288,Luke Shaw,23/12/2021
183318,Jamaal Lascelles,23/12/2021
183334,Patrick Bamford,23/12/2021
183720,Anwar El Ghazi,23/12/2021
184528,Emil Krafth,23/12/2021
184573,Victor Lindelöf,23/12/2021
186590,John Stones,23/12/2021
186644,Mohamed Elyounoussi,23/12/2021
191614,Fred,23/12/2021
192080,Nick Pope,23/12/2021
192279,Kepa Arrizabalaga,23/12/2021
192765,Ben Davies,23/12/2021
192875,William Troost-Ekong,23/12/2021
193116,John McGinn,23/12/2021
195633,Charlie Taylor,23/12/2021
196522,Dwight Gayle,23/12/2021
196722,Remi Matthews,23/12/2021
196948,Andreas Christensen,23/12/2021
197838,Jamie Vardy,23/12/2021
198589,Lewis Baker,23/12/2021
199527,Jacob Murphy,23/12/2021
200512,Sadio Mané,23/12/2021
201574,Angus Gunn,23/12/2021
202886,Ruben Loftus-Cheek,23/12/2021
203026,Danny Ward,23/12/2021
203460,Jack Grealish,23/12/2021
203853,Oleksandr Zinchenko,23/12/2021
204103,Adama Traoré,23/12/2021
204198,Romain Saïss,23/12/2021
204294,Saman Ghoddos,23/12/2021
206040,Raúl Jiménez,23/12/2021
206225,Isaac Hayden,23/12/2021
207014,Will Hughes,23/12/2021
207929,Dele Alli,23/12/2021
209212,Solly March,23/12/2021
210178,Pablo Marí,23/12/2021
212847,Adam Webster,23/12/2021
214056,Daniel Amartey,23/12/2021
214666,Connor Roberts,23/12/2021
215118,Calum Chambers,23/12/2021
215876,Ricardo Pereira,23/12/2021
217111,Hakim Ziyech,23/12/2021
217115,Neal Maupay,23/12/2021
221025,André Gomes,23/12/2021
221624,Zack Steffen,23/12/2021
225083,N'Golo Kanté,23/12/2021
225161,Rúben Neves,23/12/2021
225693,Fabinho,23/12/2021
226049,Freddie Woodman,23/12/2021
226968,Sam McQueen,23/12/2021
230784,Thomas Partey,23/12/2021
231572,Nélson Semedo,23/12/2021
233124,Kortney Hause,23/12/2021
234189,Trezeguet,23/12/2021
234781,Maxwel Cornet,23/12/2021
234803,Andrew Robertson,23/12/2021
236471,Ozan Tufan,23/12/2021
236953,Sam Byram,23/12/2021
238223,Ederson,23/12/2021
240306,Bruno Fernandes,23/12/2021
241481,Jaïro Riedewald,23/12/2021
241641,Bernardo Silva,23/12/2021
242631,Alex Iwobi,23/12/2021
243028,Jan Bednarek,23/12/2021
244192,Pierluigi Gollini,23/12/2021
246291,Diego Llorente,23/12/2021
246968,Ayoze Pérez,23/12/2021
249126,Harry Winks,23/12/2021
249565,Youri Tielemans,23/12/2021
249873,Tariqe Fosu,23/12/2021
249994,José Sá,23/12/2021
250426,Adam Armstrong,23/12/2021
250478,Matt Targett,23/12/2021
251664,Ivan Toney,23/12/2021
251845,Sergi Canós,23/12/2021
252345,Ken Sema,23/12/2021
253341,Rob Holding,23/12/2021
253677,Tyrone Mings,23/12/2021
255755,Alex Telles,23/12/2021
256178,Joe Gomez,23/12/2021
256977,Daniel Podence,23/12/2021
257805,Mathias Normann,23/12/2021
258004,Rúben Dias,23/12/2021
258883,Jonjoe Kenny,23/12/2021
258916,Kieran Dowell,23/12/2021
258919,Dean Henderson,23/12/2021
258923,Marcus Rashford,23/12/2021
260827,Joachim Andersen,23/12/2021
262226,Timothy Castagne,23/12/2021
262749,David Raya,23/12/2021
270171,Vitaly Janelt,23/12/2021
272622,Issa Diop,23/12/2021
272642,Allan Saint-Maximin,23/12/2021
272999,Miguel Almirón,23/12/2021
274839,Wilfred Ndidi,23/12/2021
282429,Sergio Reguilón,23/12/2021
283628,Tomáš Souček,23/12/2021
284165,Steven Bergwijn,23/12/2021
284857,Marc Cucurella,23/12/2021
285033,Will Norris,23/12/2021
285845,Ainsley Maitland-Niles,23/12/2021
286384,Eric Bailly,23/12/2021
286949,Adam Masina,23/12/2021
288255,Donny van de Beek,23/12/2021
289446,Yerry Mina,23/12/2021
289846,Ashley Fletcher,23/12/2021
290532,Saïd Benrahma,23/12/2021
291739,Milot Rashica,23/12/2021
292246,Hee-chan Hwang,23/12/2021
292417,Demarai Gray,23/12/2021
293168,Filip Benkovic,23/12/2021
293200,Nikola Vlašić,23/12/2021
293283,Oskar Buur,23/12/2021
293569,Josh Brownhill,23/12/2021
294057,James Maddison,23/12/2021
295330,Kelechi Iheanacho,23/12/2021
295630,Dimitrios Giannoulis,23/12/2021
296986,Tyler Roberts,23/12/2021
297212,Joe Rodon,23/12/2021
300716,Kieran Tierney,23/12/2021
302215,Naby Keïta,23/12/2021
306024,Dominic Calvert-Lewin,23/12/2021
309400,Kai Havertz,23/12/2021
314210,Tom Davies,23/12/2021
314353,Trent Alexander-Arnold,23/12/2021
314875,Jarrod Bowen,23/12/2021
315779,Christian Pulisic,23/12/2021
315969,Scott McTominay,23/12/2021
316125,Ben Chilwell,23/12/2021
316264,Martin Ødegaard,23/12/2021
318523,Romain Perraud,23/12/2021
319301,Daniel James,23/12/2021
319859,Mathias Jensen,23/12/2021
320141,Çağlar Söyüncü,23/12/2021
321247,Emiliano Buendía,23/12/2021
324358,Ollie Watkins,23/12/2021
324882,Marvelous Nakamba,23/12/2021
327755,Jarosław Jach,23/12/2021
328658,Kristoffer Ajer,23/12/2021
328784,Robin Koch,23/12/2021
331560,Takehiro Tomiyasu,23/12/2021
332341,Todd Cantwell,23/12/2021
333241,Joelinton,23/12/2021
335721,Ben White,23/12/2021
337333,Alex Král,23/12/2021
338070,Konstantinos Tsimikas,23/12/2021
339556,Rico Henry,23/12/2021
340321,Josh Dasilva,23/12/2021
340322,Nathan Tella,23/12/2021
340324,Eddie Nketiah,23/12/2021
340329,Joe Willock,23/12/2021
340918,Caoimhín Kelleher,23/12/2021
340950,Diogo Jota,23/12/2021
341043,Harry Lewis,23/12/2021
341051,Kyle Walker-Peters,23/12/2021
341429,Davinson Sánchez,23/12/2021
341501,Hamza Choudhury,23/12/2021
342046,Axel Tuanzebe,23/12/2021
343052,Nicolas Pépé,23/12/2021
343475,Ben Godfrey,23/12/2021
344152,Odsonne Édouard,23/12/2021
344596,Malang Sarr,23/12/2021
344605,Boubakary Soumaré,23/12/2021
345587,Luka Racic,23/12/2021
346018,Jamal Lewis,23/12/2021
346314,Trevoh Chalobah,23/12/2021
346478,Japhet Tanganga,23/12/2021
346483,Mason Mount,23/12/2021
346707,Sean Longstaff,23/12/2021
346779,Ché Adams,23/12/2021
348623,Mason Holgate,23/12/2021
348795,Giovani Lo Celso,23/12/2021
351749,Kalvin Phillips,23/12/2021
355915,Cristian Romero,23/12/2021
357119,Ibrahima Konaté,23/12/2021
357147,Diogo Dalot,23/12/2021
357565,Rodri,23/12/2021
357662,Declan Rice,23/12/2021
357885,Pablo Fornals,23/12/2021
361260,Ozan Kabak,23/12/2021
363205,Gabriel Jesus,23/12/2021
365172,Patson Daka,23/12/2021
371436,Francisco Sierralta,23/12/2021
371814,Nathaniel Phillips,23/12/2021
372240,Mads Bech Sørensen,23/12/2021
374139,Junior Firpo,23/12/2021
376856,Charlie Goode,23/12/2021
377393,Pierre Lees-Melou,23/12/2021
378710,Richarlison,23/12/2021
379807,Lyanco,23/12/2021
381967,Albert Sambi Lokonga,23/12/2021
383109,Przemyslaw Placheta,23/12/2021
384461,Jakub Moder,23/12/2021
387626,Leon Bailey,23/12/2021
388165,Yoane Wissa,23/12/2021
390664,Jacob Lungi Sørensen,23/12/2021
391005,Mads Roerslev,23/12/2021
392757,Marc Guéhi,23/12/2021
392765,Emile Smith Rowe,23/12/2021
392768,Callum Hudson-Odoi,23/12/2021
392775,Ryan Sessegnon,23/12/2021
393325,Josh Sargent,23/12/2021
398065,Harvey Barnes,23/12/2021
398184,Ferran Torres,23/12/2021
401173,Jadon Sancho,23/12/2021
403151,Robert Sánchez,23/12/2021
404584,Marcus Forss,23/12/2021
406008,Yan Valery,23/12/2021
406040,Ademola Lookman,23/12/2021
406635,Phil Foden,23/12/2021
406638,Oliver Skipp,23/12/2021
409106,Peter Etebo,23/12/2021
410225,Ismaïla Sarr,23/12/2021
410425,Yves Bissouma,23/12/2021
410708,Pascal Struijk,23/12/2021
411295,Raphinha,23/12/2021
412660,Keinan Davis,23/12/2021
412669,Francisco Trincão,23/12/2021
413032,Ibrahima Diallo,23/12/2021
413039,Bryan Mbeumo,23/12/2021
413220,James Justin,23/12/2021
413403,Ezri Konsa,23/12/2021
415646,Bruno Jordão,23/12/2021
417346,Jack Harrison,23/12/2021
418561,Kristoffer Klaesson,23/12/2021
420002,Jean-Philippe Mateta,23/12/2021
421637,Frank Onyeka,23/12/2021
423744,Billy Gilmour,23/12/2021
425334,Matty Cash,23/12/2021
427568,Aaron Ramsdale,23/12/2021
428016,Brandon Austin,23/12/2021
433177,Bukayo Saka,23/12/2021
433180,Elijah Dixon-Bonner,23/12/2021
433186,Bali Mumba,23/12/2021
433188,Curtis Jones,23/12/2021
433976,Tudor Băluță,23/12/2021
434207,Aaron Connolly,23/12/2021
434223,Adam Idah,23/12/2021
435338,Gabriel,23/12/2021
442248,Ethan Pinnock,23/12/2021
442531,Edouard Mendy,23/12/2021
444211,Will Smallbone,23/12/2021
447661,Douglas Luiz,23/12/2021
448854,Emmanuel Dennis,23/12/2021
450936,Tanguy Ndombélé,23/12/2021
451677,Christos Tzolis,23/12/2021
453704,Álvaro Fernández,23/12/2021
459463,Cucho Hernández,23/12/2021
462832,Mads Bidstrup,23/12/2021
463527,Kjell Scherpen,23/12/2021
468002,Ben Johnson,23/12/2021
469050,Nathan Collins,23/12/2021
471690,Max Aarons,23/12/2021
472423,Reece James,23/12/2021
474701,Crysencio Summerville,23/12/2021
475188,Kiernan Dewsbury-Hall,23/12/2021
475411,Wesley Fofana,23/12/2021
476237,Steven Alzate,23/12/2021
476344,Emerson Royal,23/12/2021
477758,Aaron Wan-Bissaka,23/12/2021
479999,Eberechi Eze,23/12/2021
484551,Taylor Richards,23/12/2021
485424,Moussa Djenepo,23/12/2021
485583,Ki-Jana Hoever,23/12/2021
487465,Pedro Neto,23/12/2021
487924,Jan Zamburek,23/12/2021
488362,Conor Gallagher,23/12/2021
490307,Enock Mwepu,23/12/2021
502065,Aji Alese,23/12/2021
503680,Neco Williams,23/12/2021
503688,Dominic Thompson,23/12/2021
503733,Anthony Gordon,23/12/2021
503749,Jacob Ramsey,23/12/2021
503770,Folarin Balogun,23/12/2021
503795,Jeremy Ngakia,23/12/2021
503980,Joe Gelhardt,23/12/2021
503981,Tino Livramento,23/12/2021
504148,Tariq Lamptey,23/12/2021
505194,Luke Thomas,23/12/2021
505653,Fábio Silva,23/12/2021
507254,Nathan Ferguson,23/12/2021
507700,Brandon Williams,23/12/2021
511550,Ellis Simms,23/12/2021
511802,Rocky Bushiri,23/12/2021
525247,Maximilian Kilman,23/12/2021
530807,Dilan Markanday,23/12/2021
531957,Cody Drameh,23/12/2021
532178,Sam Greenwood,23/12/2021
532826,Mason Greenwood,23/12/2021
533523,Haydon Roberts,23/12/2021
533662,Cameron Archer,23/12/2021
533916,Shandon Baptiste,23/12/2021
534033,Alexis Mac Allister,23/12/2021
534700,Jamie Shackleton,23/12/2021
535955,Nuno Tavares,23/12/2021
536835,Amad Diallo,23/12/2021
537382,Bryan Gil,23/12/2021
542586,Illan Meslier,23/12/2021
548470,Teden Mengi,23/12/2021
551001,Owen Beck,23/12/2021
554098,Keenan Appiah-Forson,23/12/2021
559794,Jack Clarke,23/12/2021
561452,Dan Chesters,23/12/2021
563963,Mohammed Salisu,23/12/2021
565822,Harvey Elliott,23/12/2021
566723,Michael Olise,23/12/2021
568177,Cole Palmer,23/12/2021
571743,Armando Broja,23/12/2021
578391,Rayan Aït-Nouri,23/12/2021
581674,Charlie Patino,23/12/2021
581675,Harvey Vale,23/12/2021
583189,Anthony Elanga,23/12/2021
584769,Dwight McNeil,23/12/2021
587019,Fin Stevens,23/12/2021
597659,Charlie Cresswell,23/12/2021
599739,Xavier Simons,23/12/2021
607224,Hannibal,23/12/2021
614082,Liam McCarron,23/12/2021
621193,Kasey McAteer,23/12/2021
621993,Andrew Omobamidele,23/12/2021
626724,João Pedro,23/12/2021
635336,Imrân Louza,23/12/2021
640026,Shola Shoretire,23/12/2021
655488,Gabriel Martinelli,23/12/2021
659459,Carney Chukwuemeka,23/12/2021
661053,Jarrad Branthwaite,23/12/2021
665390,Jaden Philogene,23/12/2021
668265,Kayky,23/12/2021
670857,Jude Soonsup-Bell,23/12/2021
670877,Sonny Perkins,23/12/2021
686837,Charlie Savage,23/12/2021
686845,Zidane Iqbal,23/12/2021
696326,Max Woltman,23/12/2021
698164,Freddie Potts,23/12/2021
707164,Harvey Blair,23/12/2021
711247,Kwadwo Baah,23/12/2021
716276,Yerson Mosquera,23/12/2021
730893,Tyrick Mitchell,23/12/2021
486604,Vitezslav Jaros,28/12/2021
484387,Matty Longstaff,31/12/2021
429563,Patrik Gunnarsson,3/1/2022
429790,Luka Ilic,5/1/2022
381362,Wesley Moraes,6/1/2022
638649,Femi Seriki,6/1/2022
484994,Ulrick Eneme-Ella,7/1/2022
578292,Omar Rekik,7/1/2022
857818,Yáser Asprilla,18/1/2022
427691,Thanawat Suengchitthawon,19/1/2022
555074,Oliwier Zych,3/2/2022
618986,Alexander Díaz,8/2/2022
445096,Iker Pozo,22/3/2022
46001,Moussa Sissoko,29/3/2022
59377,David de Gea,29/3/2022
72476,Bernd Leno,29/3/2022
74300,Luka Milivojevic,29/3/2022
77100,Lucas Moura,29/3/2022
80444,Philippe Coutinho,29/3/2022
96341,Romelu Lukaku,29/3/2022
108725,Chris Wood,29/3/2022
111051,Nampalys Mendy,29/3/2022
118534,Michael Keane,29/3/2022
120629,Alphonse Areola,29/3/2022
134270,Dan Burn,29/3/2022
146795,Ryan Fraser,29/3/2022
148367,Christian Nørgaard,29/3/2022
148928,Saúl Ñíguez,29/3/2022
157509,Kurt Zouma,29/3/2022
164770,Raphaël Varane,29/3/2022
170527,Timo Werner,29/3/2022
177476,Nathan Aké,29/3/2022
177907,Harry Maguire,29/3/2022
192765,Ben Davies,29/3/2022
207929,Dele Alli,29/3/2022
214056,Daniel Amartey,29/3/2022
217111,Hakim Ziyech,29/3/2022
228645,Wout Weghorst,29/3/2022
244192,Pierluigi Gollini,29/3/2022
246968,Ayoze Pérez,29/3/2022
249994,José Sá,29/3/2022
250426,Adam Armstrong,29/3/2022
251664,Ivan Toney,29/3/2022
253341,Rob Holding,29/3/2022
256178,Joe Gomez,29/3/2022
257805,Mathias Normann,29/3/2022
258923,Marcus Rashford,29/3/2022
270171,Vitaly Janelt,29/3/2022
292246,Hee-chan Hwang,29/3/2022
293200,Nikola Vlašić,29/3/2022
306024,Dominic Calvert-Lewin,29/3/2022
333241,Joelinton,29/3/2022
337333,Alex Král,29/3/2022
339556,Rico Henry,29/3/2022
340918,Caoimhín Kelleher,29/3/2022
343475,Ben Godfrey,29/3/2022
344596,Malang Sarr,29/3/2022
346314,Trevoh Chalobah,29/3/2022
351749,Kalvin Phillips,29/3/2022
355915,Cristian Romero,29/3/2022
357147,Diogo Dalot,29/3/2022
361260,Ozan Kabak,29/3/2022
363205,Gabriel Jesus,29/3/2022
377393,Pierre Lees-Melou,29/3/2022
378710,Richarlison,29/3/2022
384461,Jakub Moder,29/3/2022
387626,Leon Bailey,29/3/2022
392757,Marc Guéhi,29/3/2022
392765,Emile Smith Rowe,29/3/2022
392768,Callum Hudson-Odoi,29/3/2022
401173,Jadon Sancho,29/3/2022
403151,Robert Sánchez,29/3/2022
404842,Vitaliy Mykolenko,29/3/2022
406635,Phil Foden,29/3/2022
410425,Yves Bissouma,29/3/2022
410708,Pascal Struijk,29/3/2022
411295,Raphinha,29/3/2022
420002,Jean-Philippe Mateta,29/3/2022
423744,Billy Gilmour,29/3/2022
424015,Nathan Patterson,29/3/2022
431755,Dejan Kulusevski,29/3/2022
435338,Gabriel,29/3/2022
451677,Christos Tzolis,29/3/2022
468002,Ben Johnson,29/3/2022
475188,Kiernan Dewsbury-Hall,29/3/2022
477758,Aaron Wan-Bissaka,29/3/2022
480692,Luis Díaz,29/3/2022
486477,Edo Kayembe,29/3/2022
488362,Conor Gallagher,29/3/2022
503733,Anthony Gordon,29/3/2022
503749,Jacob Ramsey,29/3/2022
503769,Arthur Okonkwo,29/3/2022
503980,Joe Gelhardt,29/3/2022
503981,Tino Livramento,29/3/2022
505653,Fábio Silva,29/3/2022
525247,Maximilian Kilman,29/3/2022
533916,Shandon Baptiste,29/3/2022
563963,Mohammed Salisu,29/3/2022
565822,Harvey Elliott,29/3/2022
566723,Michael Olise,29/3/2022
571743,Armando Broja,29/3/2022
581674,Charlie Patino,29/3/2022
583189,Anthony Elanga,29/3/2022
583199,James McAtee,29/3/2022
618494,Tyler Morton,29/3/2022
655488,Gabriel Martinelli,29/3/2022
695454,Chiquinho,29/3/2022
730893,Tyrick Mitchell,29/3/2022
22614,Robert Snodgrass,13/5/2022
27511,Gary Cahill,13/5/2022
35413,Lewis Grabban,13/5/2022
35416,David McGoldrick,13/5/2022
35855,Cameron Jerome,13/5/2022
36291,Gaëtan Bong,13/5/2022
44794,Henri Lansbury,13/5/2022
45882,Fabri,13/5/2022
49542,Billy Sharp,13/5/2022
51152,Aleksandar Mitrović,13/5/2022
52495,Chris Basham,13/5/2022
54383,John Fleck,13/5/2022
55742,Harry Arter,13/5/2022
61644,Jack Colback,13/5/2022
61653,Conor Hourihane,13/5/2022
61697,Wes Foderingham,13/5/2022
61841,Adam Smith,13/5/2022
73547,Oliver Norwood,13/5/2022
85706,Enda Stevens,13/5/2022
87672,Junior Stanislas,13/5/2022
90836,Steve Cook,13/5/2022
91340,James Shea,13/5/2022
110867,Jed Steer,13/5/2022
111422,Neeskens Kebano,13/5/2022
121254,Adam Davies,13/5/2022
121324,John Egan,13/5/2022
122077,Tobias Figueiredo,13/5/2022
123275,Tom Cairney,13/5/2022
125685,Luke Berry,13/5/2022
128229,Robbie Brady,13/5/2022
128900,Nathaniel Chalobah,13/5/2022
128909,Jack Robinson,13/5/2022
145466,Tim Ream,13/5/2022
146690,George Baldock,13/5/2022
149237,Anthony Knockaert,13/5/2022
149716,Ivan Cavaleiro,13/5/2022
152651,Terence Kongolo,13/5/2022
157490,Michael Hector,13/5/2022
178614,Jean Michaël Seri,13/5/2022
183302,Ben Pearson,13/5/2022
184129,Jordan Clark,13/5/2022
186186,Bobby De Cordova-Reid,13/5/2022
186901,Marek Rodák,13/5/2022
188077,Ryan Christie,13/5/2022
191056,Brice Samba,13/5/2022
194460,Joe Bryan,13/5/2022
195488,Paulo Gazzaniga,13/5/2022
203655,Cafú,13/5/2022
206746,Kenny Tete,13/5/2022
207037,Dan Potts,13/5/2022
207742,Tom Lockyer,13/5/2022
212829,Jack O'Connell,13/5/2022
218087,Ben Osborn,13/5/2022
226049,Freddie Woodman,13/5/2022
226973,Harrison Reed,13/5/2022
232964,Emiliano Marcondes,13/5/2022
239949,Jamal Lowe,13/5/2022
242284,Ethan Horvath,13/5/2022
243589,Josh Onomah,13/5/2022
244338,Pelly Ruddock Mpanzu,13/5/2022
249089,Lewis Cook,13/5/2022
249356,Jack Stacey,13/5/2022
255703,Harry Cornick,13/5/2022
255906,Scott McKenna,13/5/2022
257097,Ben Davies,13/5/2022
258011,Xande Silva,13/5/2022
258878,Tosin Adarabioyo,13/5/2022
258885,Max Lowe,13/5/2022
258889,Dominic Solanke,13/5/2022
262980,Jefferson Lerma,13/5/2022
264220,Reece Burke,13/5/2022
271098,Philip Zinckernagel,13/5/2022
275590,Kieffer Moore,13/5/2022
277033,David Brooks,13/5/2022
278166,Amari'i Bell,13/5/2022
279455,Harry Wilson,13/5/2022
287167,Joe Lolley,13/5/2022
287431,Alfie Mawson,13/5/2022
298477,Oli McBurnie,13/5/2022
305274,Fred Onyedinma,13/5/2022
314378,Admiral Muskwe,13/5/2022
319900,Elijah Adebayo,13/5/2022
320411,Philip Billing,13/5/2022
324223,James Bree,13/5/2022
325887,Filip Uremovic,13/5/2022
332341,Todd Cantwell,13/5/2022
333014,Sander Berge,13/5/2022
347619,Allan Campbell,13/5/2022
349701,Antonee Robinson,13/5/2022
357658,Mark Travers,13/5/2022
364409,Gabriel Osho,13/5/2022
371814,Nathaniel Phillips,13/5/2022
376856,Charlie Goode,13/5/2022
392777,Jonathan Panzo,13/5/2022
398402,Sam Surridge,13/5/2022
406560,Rhian Brewster,13/5/2022
412660,Keinan Davis,13/5/2022
415970,Joe Worrall,13/5/2022
417348,Richie Laryea,13/5/2022
425902,Ryan Yates,13/5/2022
429014,Morgan Gibbs-White,13/5/2022
452707,Jordan Smith,13/5/2022
463610,Loïc Mbe Soh,13/5/2022
465717,Jayden Bogle,13/5/2022
469064,Gavin Kilkenny,13/5/2022
470607,Brennan Johnson,13/5/2022
480116,Lloyd Kelly,13/5/2022
480987,Chris Mepham,13/5/2022
483348,Djed Spence,13/5/2022
488656,Siriki Dembélé,13/5/2022
491596,Braian Ojeda,13/5/2022
496661,Elliot Thorpe,13/5/2022
503680,Neco Williams,13/5/2022
503743,Morgan Rogers,13/5/2022
503988,Alex Mighten,13/5/2022
505219,James Garner,13/5/2022
526873,Jake Eastwood,13/5/2022
528888,Tyrese Francois,13/5/2022
531679,Ethan Laird,13/5/2022
543164,Rhys Norrington-Davies,13/5/2022
559263,Fábio Carvalho,13/5/2022
582078,Will Dennis,13/5/2022
594276,Tiago Çukur,13/5/2022
596446,Leif Davis,13/5/2022
611793,James Hill,13/5/2022
623570,Iliman Ndiaye,13/5/2022
633530,Jordan Zemura,13/5/2022
684210,Jaidon Anthony,13/5/2022
735571,Rodrigo Muniz,13/5/2022
746740,Daniel Jebbison,13/5/2022
118375,Dardo Miloc,24/5/2022
236734,Axel Werner,24/5/2022
322190,Lucas Suárez,24/5/2022
376710,Mauro Pittón,24/5/2022
556046,Sebastián Lomónaco,24/5/2022
594104,Gonzalo Goñi,24/5/2022
618986,Alexander Díaz,24/5/2022
642521,Leonardo Marchi,24/5/2022
663077,Leonel Picco,24/5/2022
2857,Eldin Jakupovic,15/6/2022
3333,James Milner,15/6/2022
8198,Cristiano Ronaldo,15/6/2022
13460,Lee Grant,15/6/2022
13572,Ben Foster,15/6/2022
14044,Andy Lonergan,15/6/2022
14086,Ashley Young,15/6/2022
14221,Aaron Lennon,15/6/2022
14555,Scott Carson,15/6/2022
15773,Phil Bardsley,15/6/2022
15930,David Martin,15/6/2022
16911,Kasper Schmeichel,15/6/2022
17965,Hugo Lloris,15/6/2022
19948,Willy Caballero,15/6/2022
26267,Fernandinho,15/6/2022
29241,Thiago Silva,15/6/2022
29364,João Moutinho,15/6/2022
29391,Michael McGovern,15/6/2022
29692,Lukasz Fabianski,15/6/2022
29712,John Ruddy,15/6/2022
31835,Mark Noble,15/6/2022
33027,Tim Krul,15/6/2022
33713,Theo Walcott,15/6/2022
33873,Asmir Begovic,15/6/2022
34130,Tom Heaton,15/6/2022
37304,Shane Long,15/6/2022
39037,Rob Elliot,15/6/2022
40611,Ryan Bertrand,15/6/2022
40613,Jack Cork,15/6/2022
41416,James McArthur,15/6/2022
42412,Jonny Evans,15/6/2022
43530,Adam Lallana,15/6/2022
43763,Erik Pieters,15/6/2022
44068,Juan Mata,15/6/2022
44983,Dan Gosling,15/6/2022
45494,Wayne Hennessey,15/6/2022
45671,Cenk Tosun,15/6/2022
46001,Moussa Sissoko,15/6/2022
46972,Teemu Pukki,15/6/2022
48002,Angelo Ogbonna,15/6/2022
48280,Edinson Cavani,15/6/2022
48870,Jonas Lössl,15/6/2022
49755,Dale Stephens,15/6/2022
50174,Danny Rose,15/6/2022
50201,Christian Benteke,15/6/2022
50362,Fabian Delph,15/6/2022
51321,Darren Randolph,15/6/2022
51471,Mateo Kovacic,15/6/2022
52059,Zanka,15/6/2022
52570,Fraser Forster,15/6/2022
53360,Jay Rodríguez,15/6/2022
53622,İlkay Gündoğan,15/6/2022
57500,César Azpilicueta,15/6/2022
59377,David de Gea,15/6/2022
59606,Craig Cathcart,15/6/2022
60444,Thiago Alcántara,15/6/2022
60577,Nicolas N'Koulou,15/6/2022
61560,Marc Albrighton,15/6/2022
61592,James Tomkins,15/6/2022
61651,Jordan Henderson,15/6/2022
61842,Andros Townsend,15/6/2022
63200,Ashley Barnes,15/6/2022
64399,Vicente Guaita,15/6/2022
66100,Oriol Romeu,15/6/2022
66934,Cheikhou Kouyaté,15/6/2022
67063,Danny Welbeck,15/6/2022
67420,Luke Ayling,15/6/2022
68390,Séamus Coleman,15/6/2022
69015,Andriy Yarmolenko,15/6/2022
69633,Christian Eriksen,15/6/2022
71271,Adrián San Miguel,15/6/2022
71292,Jonjo Shelvey,15/6/2022
72476,Bernd Leno,15/6/2022
73484,Tom Cleverley,15/6/2022
73564,Jason Steele,15/6/2022
74300,Luka Milivojevic,15/6/2022
74683,Nemanja Matić,15/6/2022
74810,Ben Mee,15/6/2022
74943,Juraj Kucka,15/6/2022
74960,Martin Dúbravka,15/6/2022
75067,Liam Cooper,15/6/2022
75458,Robin Olsen,15/6/2022
76467,Kiko Femenía,15/6/2022
77100,Lucas Moura,15/6/2022
77812,Christoph Zimmermann,15/6/2022
78959,Martin Kelly,15/6/2022
80197,Salomón Rondón,15/6/2022
80444,Philippe Coutinho,15/6/2022
81512,Christian Kabasele,15/6/2022
82105,Joel Matip,15/6/2022
82863,Lukas Rupp,15/6/2022
82873,Pascal Groß,15/6/2022
85177,Nathaniel Clyne,15/6/2022
85475,Federico Fernández,15/6/2022
85864,Loris Karius,15/6/2022
86202,Antonio Rüdiger,15/6/2022
88755,Kevin De Bruyne,15/6/2022
89231,Jóhann Berg Gudmundsson,15/6/2022
91059,Joshua King,15/6/2022
91317,Ashley Westwood,15/6/2022
91845,Heung-min Son,15/6/2022
92469,Matt Ritchie,15/6/2022
92571,Aaron Cresswell,15/6/2022
92572,Joel Ward,15/6/2022
92738,Mateusz Klich,15/6/2022
93720,Alexandre Lacazette,15/6/2022
95424,Kyle Walker,15/6/2022
95810,Kieran Trippier,15/6/2022
95976,Alex McCarthy,15/6/2022
96341,Romelu Lukaku,15/6/2022
98240,Ciaran Clark,15/6/2022
99331,Jannik Vestergaard,15/6/2022
99397,Karl Darlow,15/6/2022
101500,Matej Vydra,15/6/2022
102017,Jorginho,15/6/2022
102258,Matthew Lowton,15/6/2022
104124,Michail Antonio,15/6/2022
105470,Alisson,15/6/2022
108354,Jordan Ayew,15/6/2022
108725,Chris Wood,15/6/2022
111051,Nampalys Mendy,15/6/2022
111114,Kevin Long,15/6/2022
111195,Joël Veltman,15/6/2022
111455,Granit Xhaka,15/6/2022
111873,Emiliano Martínez,15/6/2022
112515,Marcos Alonso,15/6/2022
112988,Cédric Soares,15/6/2022
116648,Marcus Bettinelli,15/6/2022
117996,Phil Jones,15/6/2022
118534,Michael Keane,15/6/2022
119269,Shane Duffy,15/6/2022
120186,Daniel Bachmann,15/6/2022
120629,Alphonse Areola,15/6/2022
121257,Adam Forshaw,15/6/2022
121385,Grant Hanley,15/6/2022
121477,Craig Dawson,15/6/2022
122153,Paul Pogba,15/6/2022
123682,Callum Wilson,15/6/2022
125314,Pontus Jansson,15/6/2022
126422,Allan,15/6/2022
126600,Kenny McLean,15/6/2022
126664,Lucas Digne,15/6/2022
127187,Abdoulaye Doucouré,15/6/2022
128899,Jack Butland,15/6/2022
128901,Conor Coady,15/6/2022
128904,Ben Gibson,15/6/2022
129078,Nathan Redmond,15/6/2022
130164,Jordan Pickford,15/6/2022
130765,Stuart Armstrong,15/6/2022
131505,Rodrigo,15/6/2022
131789,Roberto Firmino,15/6/2022
131978,Ross Barkley,15/6/2022
131996,Bertrand Traoré,15/6/2022
132098,Harry Kane,15/6/2022
134270,Dan Burn,15/6/2022
134277,Julian Jeanvier,15/6/2022
134294,Danny Ings,15/6/2022
134425,Raheem Sterling,15/6/2022
135343,Fabian Schär,15/6/2022
135853,Manuel Lanzini,15/6/2022
137745,Marçal,15/6/2022
139208,Virgil van Dijk,15/6/2022
140191,Ryan Fredericks,15/6/2022
141660,Jesse Lingard,15/6/2022
142310,Willy Boly,15/6/2022
142389,Mark Gillespie,15/6/2022
143424,Alex Oxlade-Chamberlain,15/6/2022
144028,Leandro Trossard,15/6/2022
145988,Wilfried Zaha,15/6/2022
146795,Ryan Fraser,15/6/2022
148153,Lewis Dunk,15/6/2022
148367,Christian Nørgaard,15/6/2022
148368,Divock Origi,15/6/2022
148455,Mohamed Salah,15/6/2022
148928,Saúl Ñíguez,15/6/2022
157506,Jeffrey Schlupp,15/6/2022
157509,Kurt Zouma,15/6/2022
157672,Vladimír Coufal,15/6/2022
158764,Stuart Dallas,15/6/2022
160438,Mohamed Elneny,15/6/2022
162029,Javier Manquillo,15/6/2022
163744,Jack Stephens,15/6/2022
164770,Raphaël Varane,15/6/2022
165793,Takumi Minamino,15/6/2022
167799,Pierre-Emile Højbjerg,15/6/2022
168157,Leander Dendoncker,15/6/2022
170321,Paul Dummett,15/6/2022
170527,Timo Werner,15/6/2022
171424,Riyad Mahrez,15/6/2022
171679,Matt Doherty,15/6/2022
173504,James Tarkowski,15/6/2022
174094,Morgan Sanson,15/6/2022
175446,Jonny Otto,15/6/2022
175722,Eric Dier,15/6/2022
176553,Aymeric Laporte,15/6/2022
177476,Nathan Aké,15/6/2022
177862,Charly Musonda Jr.,15/6/2022
177907,Harry Maguire,15/6/2022
181380,Arthur Masuaku,15/6/2022
181579,James Ward-Prowse,15/6/2022
182712,João Cancelo,15/6/2022
183288,Luke Shaw,15/6/2022
183318,Jamaal Lascelles,15/6/2022
183334,Patrick Bamford,15/6/2022
183720,Anwar El Ghazi,15/6/2022
184528,Emil Krafth,15/6/2022
184573,Victor Lindelöf,15/6/2022
186590,John Stones,15/6/2022
186644,Mohamed Elyounoussi,15/6/2022
191614,Fred,15/6/2022
192080,Nick Pope,15/6/2022
192279,Kepa Arrizabalaga,15/6/2022
192765,Ben Davies,15/6/2022
192875,William Troost-Ekong,15/6/2022
193116,John McGinn,15/6/2022
195633,Charlie Taylor,15/6/2022
196522,Dwight Gayle,15/6/2022
196722,Remi Matthews,15/6/2022
196948,Andreas Christensen,15/6/2022
197838,Jamie Vardy,15/6/2022
199527,Jacob Murphy,15/6/2022
200512,Sadio Mané,15/6/2022
201574,Angus Gunn,15/6/2022
202886,Ruben Loftus-Cheek,15/6/2022
203026,Danny Ward,15/6/2022
203460,Jack Grealish,15/6/2022
203853,Oleksandr Zinchenko,15/6/2022
204198,Romain Saïss,15/6/2022
204294,Saman Ghoddos,15/6/2022
206040,Raúl Jiménez,15/6/2022
206225,Isaac Hayden,15/6/2022
207014,Will Hughes,15/6/2022
207929,Dele Alli,15/6/2022
209212,Solly March,15/6/2022
212847,Adam Webster,15/6/2022
214056,Daniel Amartey,15/6/2022
214666,Connor Roberts,15/6/2022
215118,Calum Chambers,15/6/2022
215876,Ricardo Pereira,15/6/2022
217111,Hakim Ziyech,15/6/2022
217115,Neal Maupay,15/6/2022
221025,André Gomes,15/6/2022
221624,Zack Steffen,15/6/2022
225083,N'Golo Kanté,15/6/2022
225161,Rúben Neves,15/6/2022
225693,Fabinho,15/6/2022
228645,Wout Weghorst,15/6/2022
230784,Thomas Partey,15/6/2022
231572,Nélson Semedo,15/6/2022
233124,Kortney Hause,15/6/2022
234781,Maxwel Cornet,15/6/2022
234803,Andrew Robertson,15/6/2022
236953,Sam Byram,15/6/2022
238223,Ederson,15/6/2022
240306,Bruno Fernandes,15/6/2022
241481,Jaïro Riedewald,15/6/2022
241641,Bernardo Silva,15/6/2022
242631,Alex Iwobi,15/6/2022
243028,Jan Bednarek,15/6/2022
244192,Pierluigi Gollini,15/6/2022
246291,Diego Llorente,15/6/2022
246968,Ayoze Pérez,15/6/2022
249126,Harry Winks,15/6/2022
249565,Youri Tielemans,15/6/2022
249873,Tariqe Fosu,15/6/2022
249994,José Sá,15/6/2022
250426,Adam Armstrong,15/6/2022
250478,Matt Targett,15/6/2022
251664,Ivan Toney,15/6/2022
251845,Sergi Canós,15/6/2022
252345,Ken Sema,15/6/2022
253341,Rob Holding,15/6/2022
253677,Tyrone Mings,15/6/2022
255744,Samir Caetano,15/6/2022
255755,Alex Telles,15/6/2022
256178,Joe Gomez,15/6/2022
256977,Daniel Podence,15/6/2022
257805,Mathias Normann,15/6/2022
258004,Rúben Dias,15/6/2022
258883,Jonjoe Kenny,15/6/2022
258916,Kieran Dowell,15/6/2022
258919,Dean Henderson,15/6/2022
258923,Marcus Rashford,15/6/2022
260827,Joachim Andersen,15/6/2022
262226,Timothy Castagne,15/6/2022
262749,David Raya,15/6/2022
270171,Vitaly Janelt,15/6/2022
272622,Issa Diop,15/6/2022
272642,Allan Saint-Maximin,15/6/2022
272999,Miguel Almirón,15/6/2022
274839,Wilfred Ndidi,15/6/2022
281404,Kenedy,15/6/2022
282429,Sergio Reguilón,15/6/2022
283628,Tomáš Souček,15/6/2022
284165,Steven Bergwijn,15/6/2022
284857,Marc Cucurella,15/6/2022
285033,Will Norris,15/6/2022
286384,Eric Bailly,15/6/2022
286949,Adam Masina,15/6/2022
288255,Donny van de Beek,15/6/2022
288948,Aston Oxborough,15/6/2022
289446,Yerry Mina,15/6/2022
290017,Hassane Kamara,15/6/2022
290532,Saïd Benrahma,15/6/2022
291739,Milot Rashica,15/6/2022
292246,Hee-chan Hwang,15/6/2022
292417,Demarai Gray,15/6/2022
293200,Nikola Vlašić,15/6/2022
293257,Matija Sarkic,15/6/2022
293569,Josh Brownhill,15/6/2022
294057,James Maddison,15/6/2022
295330,Kelechi Iheanacho,15/6/2022
295630,Dimitrios Giannoulis,15/6/2022
296986,Tyler Roberts,15/6/2022
297212,Joe Rodon,15/6/2022
300716,Kieran Tierney,15/6/2022
302215,Naby Keïta,15/6/2022
306024,Dominic Calvert-Lewin,15/6/2022
309400,Kai Havertz,15/6/2022
314210,Tom Davies,15/6/2022
314353,Trent Alexander-Arnold,15/6/2022
314875,Jarrod Bowen,15/6/2022
315779,Christian Pulisic,15/6/2022
315969,Scott McTominay,15/6/2022
316125,Ben Chilwell,15/6/2022
316264,Martin Ødegaard,15/6/2022
318523,Romain Perraud,15/6/2022
319301,Daniel James,15/6/2022
319859,Mathias Jensen,15/6/2022
320141,Çağlar Söyüncü,15/6/2022
321247,Emiliano Buendía,15/6/2022
324358,Ollie Watkins,15/6/2022
324882,Marvelous Nakamba,15/6/2022
327755,Jarosław Jach,15/6/2022
328658,Kristoffer Ajer,15/6/2022
328784,Robin Koch,15/6/2022
331560,Takehiro Tomiyasu,15/6/2022
333241,Joelinton,15/6/2022
335721,Ben White,15/6/2022
337333,Alex Král,15/6/2022
338070,Konstantinos Tsimikas,15/6/2022
339556,Rico Henry,15/6/2022
340321,Josh Dasilva,15/6/2022
340322,Nathan Tella,15/6/2022
340324,Eddie Nketiah,15/6/2022
340329,Joe Willock,15/6/2022
340918,Caoimhín Kelleher,15/6/2022
340950,Diogo Jota,15/6/2022
341043,Harry Lewis,15/6/2022
341049,Cameron Carter-Vickers,15/6/2022
341051,Kyle Walker-Peters,15/6/2022
341429,Davinson Sánchez,15/6/2022
341501,Hamza Choudhury,15/6/2022
343052,Nicolas Pépé,15/6/2022
343475,Ben Godfrey,15/6/2022
344015,Ben Woodburn,15/6/2022
344152,Odsonne Édouard,15/6/2022
344596,Malang Sarr,15/6/2022
344605,Boubakary Soumaré,15/6/2022
346018,Jamal Lewis,15/6/2022
346314,Trevoh Chalobah,15/6/2022
346478,Japhet Tanganga,15/6/2022
346482,Dan Nlundulu,15/6/2022
346483,Mason Mount,15/6/2022
346707,Sean Longstaff,15/6/2022
346779,Ché Adams,15/6/2022
348623,Mason Holgate,15/6/2022
351749,Kalvin Phillips,15/6/2022
354362,Rodrigo Bentancur,15/6/2022
355915,Cristian Romero,15/6/2022
357119,Ibrahima Konaté,15/6/2022
357147,Diogo Dalot,15/6/2022
357565,Rodri,15/6/2022
357662,Declan Rice,15/6/2022
357885,Pablo Fornals,15/6/2022
361260,Ozan Kabak,15/6/2022
363205,Gabriel Jesus,15/6/2022
365172,Patson Daka,15/6/2022
365544,Pontus Dahlberg,15/6/2022
371436,Francisco Sierralta,15/6/2022
372240,Mads Bech Sørensen,15/6/2022
374139,Junior Firpo,15/6/2022
377393,Pierre Lees-Melou,15/6/2022
378710,Richarlison,15/6/2022
379807,Lyanco,15/6/2022
381967,Albert Sambi Lokonga,15/6/2022
383109,Przemyslaw Placheta,15/6/2022
384461,Jakub Moder,15/6/2022
387626,Leon Bailey,15/6/2022
388165,Yoane Wissa,15/6/2022
390664,Jacob Lungi Sørensen,15/6/2022
391005,Mads Roerslev,15/6/2022
391719,Domingos Quina,15/6/2022
392757,Marc Guéhi,15/6/2022
392765,Emile Smith Rowe,15/6/2022
392768,Callum Hudson-Odoi,15/6/2022
392772,Marcel Lavinier,15/6/2022
392775,Ryan Sessegnon,15/6/2022
393325,Josh Sargent,15/6/2022
395239,Claudio Gomes,15/6/2022
397099,Jordi Osei-Tutu,15/6/2022
398065,Harvey Barnes,15/6/2022
401173,Jadon Sancho,15/6/2022
403151,Robert Sánchez,15/6/2022
404842,Vitaliy Mykolenko,15/6/2022
406008,Yan Valery,15/6/2022
406040,Ademola Lookman,15/6/2022
406635,Phil Foden,15/6/2022
406638,Oliver Skipp,15/6/2022
408562,Marlon Fossey,15/6/2022
410225,Ismaïla Sarr,15/6/2022
410425,Yves Bissouma,15/6/2022
410436,Bailey Peacock-Farrell,15/6/2022
410708,Pascal Struijk,15/6/2022
411295,Raphinha,15/6/2022
412669,Francisco Trincão,15/6/2022
413032,Ibrahima Diallo,15/6/2022
413039,Bryan Mbeumo,15/6/2022
413220,James Justin,15/6/2022
413403,Ezri Konsa,15/6/2022
417346,Jack Harrison,15/6/2022
418561,Kristoffer Klaesson,15/6/2022
419025,Conor Coventry,15/6/2022
420002,Jean-Philippe Mateta,15/6/2022
421637,Frank Onyeka,15/6/2022
423744,Billy Gilmour,15/6/2022
424015,Nathan Patterson,15/6/2022
424051,Samuel Kalu,15/6/2022
425334,Matty Cash,15/6/2022
425713,Akin Famewo,15/6/2022
427568,Aaron Ramsdale,15/6/2022
428016,Brandon Austin,15/6/2022
431755,Dejan Kulusevski,15/6/2022
433177,Bukayo Saka,15/6/2022
433188,Curtis Jones,15/6/2022
433976,Tudor Băluță,15/6/2022
433991,Ethan Galbraith,15/6/2022
434223,Adam Idah,15/6/2022
435338,Gabriel,15/6/2022
442248,Ethan Pinnock,15/6/2022
442531,Edouard Mendy,15/6/2022
444211,Will Smallbone,15/6/2022
444641,Louie Moulden,15/6/2022
447661,Douglas Luiz,15/6/2022
448854,Emmanuel Dennis,15/6/2022
451677,Christos Tzolis,15/6/2022
453704,Álvaro Fernández,15/6/2022
456292,Ellery Balcombe,15/6/2022
459463,Cucho Hernández,15/6/2022
468002,Ben Johnson,15/6/2022
469050,Nathan Collins,15/6/2022
470391,Jayden Braaf,15/6/2022
470597,Ben Cottrell,15/6/2022
470606,Leighton Clarkson,15/6/2022
471690,Max Aarons,15/6/2022
472423,Reece James,15/6/2022
474701,Crysencio Summerville,15/6/2022
475188,Kiernan Dewsbury-Hall,15/6/2022
475411,Wesley Fofana,15/6/2022
476237,Steven Alzate,15/6/2022
476344,Emerson Royal,15/6/2022
477758,Aaron Wan-Bissaka,15/6/2022
479999,Eberechi Eze,15/6/2022
480692,Luis Díaz,15/6/2022
484387,Matty Longstaff,15/6/2022
485424,Moussa Djenepo,15/6/2022
485583,Ki-Jana Hoever,15/6/2022
486477,Edo Kayembe,15/6/2022
487465,Pedro Neto,15/6/2022
488362,Conor Gallagher,15/6/2022
490307,Enock Mwepu,15/6/2022
493513,Karl Hein,15/6/2022
495033,Nathan Bishop,15/6/2022
502065,Aji Alese,15/6/2022
503679,Rhys Williams,15/6/2022
503688,Dominic Thompson,15/6/2022
503733,Anthony Gordon,15/6/2022
503749,Jacob Ramsey,15/6/2022
503768,Tyreece John-Jules,15/6/2022
503769,Arthur Okonkwo,15/6/2022
503795,Jeremy Ngakia,15/6/2022
503980,Joe Gelhardt,15/6/2022
503981,Tino Livramento,15/6/2022
504042,Daniel Barden,15/6/2022
504148,Tariq Lamptey,15/6/2022
505194,Luke Thomas,15/6/2022
505653,Fábio Silva,15/6/2022
507254,Nathan Ferguson,15/6/2022
507700,Brandon Williams,15/6/2022
511802,Rocky Bushiri,15/6/2022
520624,Bruno Guimarães,15/6/2022
525247,Maximilian Kilman,15/6/2022
532178,Sam Greenwood,15/6/2022
532464,Daniel Adshead,15/6/2022
532541,Luke Cundle,15/6/2022
533523,Haydon Roberts,15/6/2022
533916,Shandon Baptiste,15/6/2022
534033,Alexis Mac Allister,15/6/2022
534700,Jamie Shackleton,15/6/2022
535955,Nuno Tavares,15/6/2022
536835,Amad Diallo,15/6/2022
540687,Zak Swanson,15/6/2022
542586,Illan Meslier,15/6/2022
547533,Miguel Azeez,15/6/2022
547534,Josh Martin,15/6/2022
550829,Matej Kovar,15/6/2022
552655,Troy Parrott,15/6/2022
559794,Jack Clarke,15/6/2022
563963,Mohammed Salisu,15/6/2022
565821,Mika Biereth,15/6/2022
565822,Harvey Elliott,15/6/2022
566723,Michael Olise,15/6/2022
566802,Lewis Fiorini,15/6/2022
568005,Jeremy Sarmiento,15/6/2022
568177,Cole Palmer,15/6/2022
571743,Armando Broja,15/6/2022
576121,Josh Wilson-Esbrand,15/6/2022
578391,Rayan Aït-Nouri,15/6/2022
580765,Henry Lawrence,15/6/2022
581669,CJ Egan-Riley,15/6/2022
581683,Nile John,15/6/2022
583189,Anthony Elanga,15/6/2022
584769,Dwight McNeil,15/6/2022
585550,Gavin Bazunu,15/6/2022
587019,Fin Stevens,15/6/2022
597659,Charlie Cresswell,15/6/2022
605498,Sebastian Soto,15/6/2022
606718,Toti,15/6/2022
607224,Hannibal,15/6/2022
609883,Luke Mbete,15/6/2022
610649,Ryan Alebiosu,15/6/2022
610849,Liam Delap,15/6/2022
614082,Liam McCarron,15/6/2022
621993,Andrew Omobamidele,15/6/2022
624258,Conor Bradley,15/6/2022
624948,Mattie Pollock,15/6/2022
624967,Kion Etete,15/6/2022
626724,João Pedro,15/6/2022
626888,Kaine Kesler-Hayden,15/6/2022
628451,Roméo Lavia,15/6/2022
630523,Martin Svidersky,15/6/2022
635336,Imrân Louza,15/6/2022
640026,Shola Shoretire,15/6/2022
640432,Xavier Mbuyamba,15/6/2022
648046,Evan Ferguson,15/6/2022
655488,Gabriel Martinelli,15/6/2022
659459,Carney Chukwuemeka,15/6/2022
661053,Jarrad Branthwaite,15/6/2022
661208,Leo Hjelde,15/6/2022
668495,Marcelo Flores,15/6/2022
670877,Sonny Perkins,15/6/2022
672381,Jonathan Rowe,15/6/2022
680806,Samuel Edozie,15/6/2022
687626,Moisés Caicedo,15/6/2022
695454,Chiquinho,15/6/2022
696324,Billy Koumetio,15/6/2022
696589,Tim Iroegbunam,15/6/2022
711247,Kwadwo Baah,15/6/2022
711544,Jake O'Brien,15/6/2022
716276,Yerson Mosquera,15/6/2022
728733,Brooke Norton-Cuffy,15/6/2022
728734,Alfie Devine,15/6/2022
730893,Tyrick Mitchell,15/6/2022
732119,Kaide Gordon,15/6/2022
874080,Mason Burstow,15/6/2022
703626,Cameron Peupion,24/6/2022
337787,Connor Ronan,27/6/2022
511802,Rocky Bushiri,27/6/2022
725703,Joseph Hungbo,27/6/2022
21333,Aiden McGeady,30/6/2022
200777,Alex Pritchard,30/6/2022
225452,Patrick Roberts,30/6/2022
282939,Luke O'Nien,30/6/2022
307781,Lynden Gooch,30/6/2022
364828,Elliot Embleton,30/6/2022
447995,Ross Stewart,30/6/2022
515544,Trai Hume,30/6/2022
559801,Niall Huggins,30/6/2022
568006,Dennis Cirkin,30/6/2022
811778,Álvaro Carreras,1/7/2022
811779,Alejandro Garnacho,1/7/2022
724536,Josh Keeley,4/7/2022
526258,Karlo Ziger,5/7/2022
42198,Sone Aluko,29/7/2022
95795,Václav Hladký,29/7/2022
123551,Sam Morsy,29/7/2022
197791,Janoi Donacien,29/7/2022
201586,Greg Leigh,29/7/2022
208379,Christian Walton,29/7/2022
255731,Wes Burns,29/7/2022
255788,Cameron Burgess,29/7/2022
288323,Marcus Harness,29/7/2022
289846,Ashley Fletcher,29/7/2022
314366,Kyle Edwards,29/7/2022
314381,Adam Phillips,29/7/2022
349503,Conor Chaplin,29/7/2022
385412,Jordan Amissah,29/7/2022
385848,George Edmundson,29/7/2022
433329,Corrie Ndaba,29/7/2022
433818,Scott Twine,29/7/2022
456877,Rekeem Harper,29/7/2022
485546,Matt Penney,29/7/2022
499604,Dion Pereira,29/7/2022
511550,Ellis Simms,29/7/2022
527425,Luke Woolfenden,29/7/2022
535927,Luke McNally,29/7/2022
614700,Dara Costelloe,29/7/2022
696762,Jonathan Tomkinson,29/7/2022
724785,Liam Gibbs,29/7/2022
788283,Bobby Thomas,29/7/2022
203394,Andreas Pereira,19/8/2022
553469,Gabriel Sara,19/8/2022
556046,Sebastián Lomónaco,6/9/2022
618986,Alexander Díaz,6/9/2022
44794,Henri Lansbury,14/9/2022
49542,Billy Sharp,14/9/2022
52495,Chris Basham,14/9/2022
61697,Wes Foderingham,14/9/2022
73250,Mario Gaspar,14/9/2022
73484,Tom Cleverley,14/9/2022
85706,Enda Stevens,14/9/2022
91317,Ashley Westwood,14/9/2022
98240,Ciaran Clark,14/9/2022
102258,Matthew Lowton,14/9/2022
121254,Adam Davies,14/9/2022
128904,Ben Gibson,14/9/2022
128909,Jack Robinson,14/9/2022
206225,Isaac Hayden,14/9/2022
212829,Jack O'Connell,14/9/2022
214666,Connor Roberts,14/9/2022
218087,Ben Osborn,14/9/2022
220491,Matt Macey,14/9/2022
244338,Pelly Ruddock Mpanzu,14/9/2022
246963,Carlton Morris,14/9/2022
255703,Harry Cornick,14/9/2022
291544,Jordan Hugill,14/9/2022
307781,Lynden Gooch,14/9/2022
332341,Todd Cantwell,14/9/2022
340322,Nathan Tella,14/9/2022
341501,Hamza Choudhury,14/9/2022
346472,Tom Dele-Bashiru,14/9/2022
371021,Arijanet Murić,14/9/2022
371436,Francisco Sierralta,14/9/2022
375877,Vakoun Bayo,14/9/2022
385412,Jordan Amissah,14/9/2022
386786,Darko Churlinov,14/9/2022
393325,Josh Sargent,14/9/2022
406560,Rhian Brewster,14/9/2022
410225,Ismaïla Sarr,14/9/2022
433183,Tommy Doyle,14/9/2022
434223,Adam Idah,14/9/2022
447995,Ross Stewart,14/9/2022
468249,Vitinho,14/9/2022
471690,Max Aarons,14/9/2022
483974,Leon Dajaku,14/9/2022
485585,Ian Maatsen,14/9/2022
486477,Edo Kayembe,14/9/2022
491296,Anass Zaroury,14/9/2022
503686,Dan Ballard,14/9/2022
503977,Taylor Harwood-Bellis,14/9/2022
511550,Ellis Simms,14/9/2022
535927,Luke McNally,14/9/2022
536835,Amad Diallo,14/9/2022
543164,Rhys Norrington-Davies,14/9/2022
568006,Dennis Cirkin,14/9/2022
581669,CJ Egan-Riley,14/9/2022
583199,James McAtee,14/9/2022
621993,Andrew Omobamidele,14/9/2022
623570,Iliman Ndiaye,14/9/2022
626724,João Pedro,14/9/2022
646658,Aaron Ramsey,14/9/2022
654412,Abdoullah Ba,14/9/2022
715558,Marcelino Núñez,14/9/2022
724529,Tayo Adaramola,14/9/2022
743627,Jewison Bennette,14/9/2022
857818,Yáser Asprilla,14/9/2022
8198,Cristiano Ronaldo,15/9/2022
16306,Casemiro,15/9/2022
40611,Ryan Bertrand,15/9/2022
41416,James McArthur,15/9/2022
51152,Aleksandar Mitrović,15/9/2022
52059,Zanka,15/9/2022
61644,Jack Colback,15/9/2022
61842,Andros Townsend,15/9/2022
67063,Danny Welbeck,15/9/2022
67420,Luke Ayling,15/9/2022
68390,Séamus Coleman,15/9/2022
69633,Christian Eriksen,15/9/2022
71292,Jonjo Shelvey,15/9/2022
72476,Bernd Leno,15/9/2022
74300,Luka Milivojevic,15/9/2022
77100,Lucas Moura,15/9/2022
82873,Pascal Groß,15/9/2022
85177,Nathaniel Clyne,15/9/2022
90836,Steve Cook,15/9/2022
92738,Mateusz Klich,15/9/2022
95976,Alex McCarthy,15/9/2022
99331,Jannik Vestergaard,15/9/2022
110864,Sam Johnstone,15/9/2022
111422,Neeskens Kebano,15/9/2022
111455,Granit Xhaka,15/9/2022
118534,Michael Keane,15/9/2022
119269,Shane Duffy,15/9/2022
123275,Tom Cairney,15/9/2022
126422,Allan,15/9/2022
126665,Idrissa Gueye,15/9/2022
127032,Serge Aurier,15/9/2022
127187,Abdoulaye Doucouré,15/9/2022
128901,Conor Coady,15/9/2022
129588,Dennis Praet,15/9/2022
130164,Jordan Pickford,15/9/2022
135343,Fabian Schär,15/9/2022
143424,Alex Oxlade-Chamberlain,15/9/2022
144028,Leandro Trossard,15/9/2022
145466,Tim Ream,15/9/2022
148252,Remo Freuler,15/9/2022
157509,Kurt Zouma,15/9/2022
158764,Stuart Dallas,15/9/2022
167799,Pierre-Emile Højbjerg,15/9/2022
174094,Morgan Sanson,15/9/2022
175446,Jonny Otto,15/9/2022
177907,Harry Maguire,15/9/2022
181778,Emerson,15/9/2022
183288,Luke Shaw,15/9/2022
183334,Patrick Bamford,15/9/2022
184573,Victor Lindelöf,15/9/2022
186590,John Stones,15/9/2022
186901,Marek Rodák,15/9/2022
192080,Nick Pope,15/9/2022
198516,Harry Toffolo,15/9/2022
199527,Jacob Murphy,15/9/2022
202886,Ruben Loftus-Cheek,15/9/2022
203026,Danny Ward,15/9/2022
203394,Andreas Pereira,15/9/2022
203853,Oleksandr Zinchenko,15/9/2022
204103,Adama Traoré,15/9/2022
206040,Raúl Jiménez,15/9/2022
206746,Kenny Tete,15/9/2022
209212,Solly March,15/9/2022
214056,Daniel Amartey,15/9/2022
215876,Ricardo Pereira,15/9/2022
217111,Hakim Ziyech,15/9/2022
217115,Neal Maupay,15/9/2022
222209,Thomas Strakosha,15/9/2022
225122,Gonçalo Guedes,15/9/2022
231572,Nélson Semedo,15/9/2022
234781,Maxwel Cornet,15/9/2022
242631,Alex Iwobi,15/9/2022
243589,Josh Onomah,15/9/2022
246291,Diego Llorente,15/9/2022
246968,Ayoze Pérez,15/9/2022
249565,Youri Tielemans,15/9/2022
251664,Ivan Toney,15/9/2022
255906,Scott McKenna,15/9/2022
256178,Joe Gomez,15/9/2022
258878,Tosin Adarabioyo,15/9/2022
258919,Dean Henderson,15/9/2022
260827,Joachim Andersen,15/9/2022
272622,Issa Diop,15/9/2022
272642,Allan Saint-Maximin,15/9/2022
272999,Miguel Almirón,15/9/2022
274839,Wilfred Ndidi,15/9/2022
284857,Marc Cucurella,15/9/2022
288255,Donny van de Beek,15/9/2022
292808,Wout Faes,15/9/2022
293257,Matija Sarkic,15/9/2022
316264,Martin Ødegaard,15/9/2022
319859,Mathias Jensen,15/9/2022
320141,Çağlar Söyüncü,15/9/2022
329145,Diego Carlos,15/9/2022
331560,Takehiro Tomiyasu,15/9/2022
333241,Joelinton,15/9/2022
336869,Marc Roca,15/9/2022
339340,Tyrell Malacia,15/9/2022
340329,Joe Willock,15/9/2022
341051,Kyle Walker-Peters,15/9/2022
344152,Odsonne Édouard,15/9/2022
346707,Sean Longstaff,15/9/2022
346779,Ché Adams,15/9/2022
349066,Alexander Isak,15/9/2022
354362,Rodrigo Bentancur,15/9/2022
355915,Cristian Romero,15/9/2022
357147,Diogo Dalot,15/9/2022
357885,Pablo Fornals,15/9/2022
361093,Sven Botman,15/9/2022
361914,Nayef Aguerd,15/9/2022
363205,Gabriel Jesus,15/9/2022
366930,Sergio Gómez,15/9/2022
369567,Sasa Kalajdzic,15/9/2022
378710,Richarlison,15/9/2022
388165,Yoane Wissa,15/9/2022
392775,Ryan Sessegnon,15/9/2022
393323,Brenden Aaronson,15/9/2022
398402,Sam Surridge,15/9/2022
399434,Marcus Tavernier,15/9/2022
403151,Robert Sánchez,15/9/2022
406638,Oliver Skipp,15/9/2022
410708,Pascal Struijk,15/9/2022
413039,Bryan Mbeumo,15/9/2022
415970,Joe Worrall,15/9/2022
417346,Jack Harrison,15/9/2022
419025,Conor Coventry,15/9/2022
424015,Nathan Patterson,15/9/2022
425902,Ryan Yates,15/9/2022
429014,Morgan Gibbs-White,15/9/2022
431755,Dejan Kulusevski,15/9/2022
433177,Bukayo Saka,15/9/2022
433188,Curtis Jones,15/9/2022
444523,Lucas Paquetá,15/9/2022
447661,Douglas Luiz,15/9/2022
467563,Armel Bella-Kotchap,15/9/2022
468198,Joe Aribo,15/9/2022
469050,Nathan Collins,15/9/2022
470607,Brennan Johnson,15/9/2022
474701,Crysencio Summerville,15/9/2022
475188,Kiernan Dewsbury-Hall,15/9/2022
475411,Wesley Fofana,15/9/2022
476344,Emerson Royal,15/9/2022
476352,Renan Lodi,15/9/2022
477758,Aaron Wan-Bissaka,15/9/2022
479999,Eberechi Eze,15/9/2022
480116,Lloyd Kelly,15/9/2022
480692,Luis Díaz,15/9/2022
480762,Lisandro Martínez,15/9/2022
483348,Djed Spence,15/9/2022
485424,Moussa Djenepo,15/9/2022
485706,Amadou Onana,15/9/2022
487465,Pedro Neto,15/9/2022
488362,Conor Gallagher,15/9/2022
495666,William Saliba,15/9/2022
503680,Neco Williams,15/9/2022
503733,Anthony Gordon,15/9/2022
503980,Joe Gelhardt,15/9/2022
504849,Kaoru Mitoma,15/9/2022
505219,James Garner,15/9/2022
506189,Flynn Downes,15/9/2022
512354,Malcolm Ebiowei,15/9/2022
520624,Bruno Guimarães,15/9/2022
525247,Maximilian Kilman,15/9/2022
525287,Carlos Vinícius,15/9/2022
532178,Sam Greenwood,15/9/2022
534033,Alexis Mac Allister,15/9/2022
536507,Giulian Biancone,15/9/2022
537382,Bryan Gil,15/9/2022
537598,Fábio Vieira,15/9/2022
543387,Cheick Doucouré,15/9/2022
546543,Darwin Núñez,15/9/2022
557612,Sékou Mara,15/9/2022
559263,Fábio Carvalho,15/9/2022
560694,Lewis O'Brien,15/9/2022
565822,Harvey Elliott,15/9/2022
567576,Elliot Anderson,15/9/2022
568177,Cole Palmer,15/9/2022
571743,Armando Broja,15/9/2022
576024,Julián Alvarez,15/9/2022
578391,Rayan Aït-Nouri,15/9/2022
578539,Chris Richards,15/9/2022
583189,Anthony Elanga,15/9/2022
585550,Gavin Bazunu,15/9/2022
601883,Matheus Nunes,15/9/2022
602105,Antony,15/9/2022
614258,Levi Colwill,15/9/2022
628451,Roméo Lavia,15/9/2022
644401,Keane Lewis-Potter,15/9/2022
646738,Juan Larios,15/9/2022
648046,Evan Ferguson,15/9/2022
649020,Boubacar Traoré,15/9/2022
659459,Carney Chukwuemeka,15/9/2022
663264,Darko Gyabi,15/9/2022
680806,Samuel Edozie,15/9/2022
687626,Moisés Caicedo,15/9/2022
811779,Alejandro Garnacho,15/9/2022
556385,Destiny Udogie,27/9/2022
118375,Dardo Miloc,26/10/2022
376710,Mauro Pittón,26/10/2022
556046,Sebastián Lomónaco,26/10/2022
594104,Gonzalo Goñi,26/10/2022
618986,Alexander Díaz,26/10/2022
642521,Leonardo Marchi,26/10/2022
29391,Michael McGovern,27/10/2022
33027,Tim Krul,27/10/2022
35855,Cameron Jerome,27/10/2022
40613,Jack Cork,27/10/2022
44794,Henri Lansbury,27/10/2022
44983,Dan Gosling,27/10/2022
46972,Teemu Pukki,27/10/2022
49542,Billy Sharp,27/10/2022
52495,Chris Basham,27/10/2022
53360,Jay Rodríguez,27/10/2022
54383,John Fleck,27/10/2022
59606,Craig Cathcart,27/10/2022
61697,Wes Foderingham,27/10/2022
63200,Ashley Barnes,27/10/2022
66923,Luke Freeman,27/10/2022
67283,Ben Hamer,27/10/2022
73250,Mario Gaspar,27/10/2022
73484,Tom Cleverley,27/10/2022
73547,Oliver Norwood,27/10/2022
81512,Christian Kabasele,27/10/2022
85706,Enda Stevens,27/10/2022
89231,Jóhann Berg Gudmundsson,27/10/2022
91317,Ashley Westwood,27/10/2022
91340,James Shea,27/10/2022
98240,Ciaran Clark,27/10/2022
102258,Matthew Lowton,27/10/2022
109751,Onel Hernández,27/10/2022
111114,Kevin Long,27/10/2022
120186,Daniel Bachmann,27/10/2022
121254,Adam Davies,27/10/2022
121324,John Egan,27/10/2022
121385,Grant Hanley,27/10/2022
125685,Luke Berry,27/10/2022
126600,Kenny McLean,27/10/2022
128904,Ben Gibson,27/10/2022
128909,Jack Robinson,27/10/2022
146690,George Baldock,27/10/2022
169801,Cauley Woodrow,27/10/2022
184129,Jordan Clark,27/10/2022
192875,William Troost-Ekong,27/10/2022
195633,Charlie Taylor,27/10/2022
200777,Alex Pritchard,27/10/2022
201574,Angus Gunn,27/10/2022
206225,Isaac Hayden,27/10/2022
207037,Dan Potts,27/10/2022
207742,Tom Lockyer,27/10/2022
212829,Jack O'Connell,27/10/2022
214666,Connor Roberts,27/10/2022
218087,Ben Osborn,27/10/2022
220491,Matt Macey,27/10/2022
225452,Patrick Roberts,27/10/2022
233124,Kortney Hause,27/10/2022
236953,Sam Byram,27/10/2022
242284,Ethan Horvath,27/10/2022
242606,Josh Cullen,27/10/2022
244338,Pelly Ruddock Mpanzu,27/10/2022
246963,Carlton Morris,27/10/2022
252345,Ken Sema,27/10/2022
255703,Harry Cornick,27/10/2022
258885,Max Lowe,27/10/2022
258916,Kieran Dowell,27/10/2022
264220,Reece Burke,27/10/2022
278166,Amari'i Bell,27/10/2022
282939,Luke O'Nien,27/10/2022
285033,Will Norris,27/10/2022
289510,Samuel Bastien,27/10/2022
290017,Hassane Kamara,27/10/2022
291544,Jordan Hugill,27/10/2022
293569,Josh Brownhill,27/10/2022
295630,Dimitrios Giannoulis,27/10/2022
298477,Oli McBurnie,27/10/2022
305274,Fred Onyedinma,27/10/2022
307781,Lynden Gooch,27/10/2022
308278,Rey Manaj,27/10/2022
319900,Elijah Adebayo,27/10/2022
322702,Benson Manuel,27/10/2022
324223,James Bree,27/10/2022
332341,Todd Cantwell,27/10/2022
333014,Sander Berge,27/10/2022
340322,Nathan Tella,27/10/2022
340353,Maduka Okoye,27/10/2022
341501,Hamza Choudhury,27/10/2022
346472,Tom Dele-Bashiru,27/10/2022
346499,Danel Sinani,27/10/2022
347619,Allan Campbell,27/10/2022
364409,Gabriel Osho,27/10/2022
364828,Elliot Embleton,27/10/2022
371021,Arijanet Murić,27/10/2022
371436,Francisco Sierralta,27/10/2022
375877,Vakoun Bayo,27/10/2022
377468,Anel Ahmedhodzic,27/10/2022
385412,Jordan Amissah,27/10/2022
386786,Darko Churlinov,27/10/2022
390664,Jacob Lungi Sørensen,27/10/2022
393325,Josh Sargent,27/10/2022
403898,Jordan Beyer,27/10/2022
405686,Reda Khadra,27/10/2022
406560,Rhian Brewster,27/10/2022
410225,Ismaïla Sarr,27/10/2022
410436,Bailey Peacock-Farrell,27/10/2022
412660,Keinan Davis,27/10/2022
424051,Samuel Kalu,27/10/2022
433183,Tommy Doyle,27/10/2022
433818,Scott Twine,27/10/2022
434223,Adam Idah,27/10/2022
447995,Ross Stewart,27/10/2022
465606,Halil Dervişoğlu,27/10/2022
465717,Jayden Bogle,27/10/2022
468249,Vitinho,27/10/2022
471690,Max Aarons,27/10/2022
483974,Leon Dajaku,27/10/2022
485585,Ian Maatsen,27/10/2022
486477,Edo Kayembe,27/10/2022
490224,Ismaila Coulibaly,27/10/2022
491296,Anass Zaroury,27/10/2022
502065,Aji Alese,27/10/2022
503686,Dan Ballard,27/10/2022
503795,Jeremy Ngakia,27/10/2022
503977,Taylor Harwood-Bellis,27/10/2022
504042,Daniel Barden,27/10/2022
505548,Louie Watson,27/10/2022
511550,Ellis Simms,27/10/2022
515544,Trai Hume,27/10/2022
535927,Luke McNally,27/10/2022
536835,Amad Diallo,27/10/2022
543164,Rhys Norrington-Davies,27/10/2022
553469,Gabriel Sara,27/10/2022
559794,Jack Clarke,27/10/2022
559801,Niall Huggins,27/10/2022
568006,Dennis Cirkin,27/10/2022
581669,CJ Egan-Riley,27/10/2022
583199,James McAtee,27/10/2022
606576,Denis Franchi,27/10/2022
608175,Alfie Doughty,27/10/2022
614700,Dara Costelloe,27/10/2022
618901,Sam McCallum,27/10/2022
621993,Andrew Omobamidele,27/10/2022
623570,Iliman Ndiaye,27/10/2022
624948,Mattie Pollock,27/10/2022
626724,João Pedro,27/10/2022
635336,Imrân Louza,27/10/2022
646658,Aaron Ramsey,27/10/2022
654412,Abdoullah Ba,27/10/2022
659521,Edouard Michut,27/10/2022
672381,Jonathan Rowe,27/10/2022
696762,Jonathan Tomkinson,27/10/2022
715558,Marcelino Núñez,27/10/2022
724785,Liam Gibbs,27/10/2022
725703,Joseph Hungbo,27/10/2022
743627,Jewison Bennette,27/10/2022
746740,Daniel Jebbison,27/10/2022
857818,Yáser Asprilla,27/10/2022
2857,Eldin Jakupovic,3/11/2022
3333,James Milner,3/11/2022
8198,Cristiano Ronaldo,3/11/2022
14044,Andy Lonergan,3/11/2022
14086,Ashley Young,3/11/2022
14555,Scott Carson,3/11/2022
16306,Casemiro,3/11/2022
17965,Hugo Lloris,3/11/2022
19948,Willy Caballero,3/11/2022
29241,Thiago Silva,3/11/2022
29364,João Moutinho,3/11/2022
29692,Lukasz Fabianski,3/11/2022
33713,Theo Walcott,3/11/2022
33754,Alex Smithies,3/11/2022
33873,Asmir Begovic,3/11/2022
34130,Tom Heaton,3/11/2022
40611,Ryan Bertrand,3/11/2022
41416,James McArthur,3/11/2022
42412,Jonny Evans,3/11/2022
42460,Ivan Perišić,3/11/2022
43530,Adam Lallana,3/11/2022
44779,Diego Costa,3/11/2022
45494,Wayne Hennessey,3/11/2022
48002,Angelo Ogbonna,3/11/2022
51152,Aleksandar Mitrović,3/11/2022
51321,Darren Randolph,3/11/2022
51471,Mateo Kovacic,3/11/2022
52059,Zanka,3/11/2022
52570,Fraser Forster,3/11/2022
52769,Willian,3/11/2022
53622,İlkay Gündoğan,3/11/2022
55742,Harry Arter,3/11/2022
57500,César Azpilicueta,3/11/2022
58864,Pierre-Emerick Aubameyang,3/11/2022
59377,David de Gea,3/11/2022
60444,Thiago Alcántara,3/11/2022
61560,Marc Albrighton,3/11/2022
61592,James Tomkins,3/11/2022
61644,Jack Colback,3/11/2022
61651,Jordan Henderson,3/11/2022
61841,Adam Smith,3/11/2022
61842,Andros Townsend,3/11/2022
64399,Vicente Guaita,3/11/2022
66934,Cheikhou Kouyaté,3/11/2022
67063,Danny Welbeck,3/11/2022
67420,Luke Ayling,3/11/2022
68390,Séamus Coleman,3/11/2022
69633,Christian Eriksen,3/11/2022
71271,Adrián San Miguel,3/11/2022
71292,Jonjo Shelvey,3/11/2022
72476,Bernd Leno,3/11/2022
73564,Jason Steele,3/11/2022
74300,Luka Milivojevic,3/11/2022
74810,Ben Mee,3/11/2022
74960,Martin Dúbravka,3/11/2022
75067,Liam Cooper,3/11/2022
75458,Robin Olsen,3/11/2022
77100,Lucas Moura,3/11/2022
80197,Salomón Rondón,3/11/2022
80444,Philippe Coutinho,3/11/2022
82105,Joel Matip,3/11/2022
82873,Pascal Groß,3/11/2022
85177,Nathaniel Clyne,3/11/2022
85864,Loris Karius,3/11/2022
85941,Stefan Ortega,3/11/2022
87672,Junior Stanislas,3/11/2022
88755,Kevin De Bruyne,3/11/2022
90836,Steve Cook,3/11/2022
91845,Heung-min Son,3/11/2022
92469,Matt Ritchie,3/11/2022
92571,Aaron Cresswell,3/11/2022
92572,Joel Ward,3/11/2022
92738,Mateusz Klich,3/11/2022
93128,Kalidou Koulibaly,3/11/2022
95424,Kyle Walker,3/11/2022
95810,Kieran Trippier,3/11/2022
95976,Alex McCarthy,3/11/2022
99331,Jannik Vestergaard,3/11/2022
99397,Karl Darlow,3/11/2022
101118,Joel Robles,3/11/2022
102017,Jorginho,3/11/2022
104124,Michail Antonio,3/11/2022
104495,Lyle Taylor,3/11/2022
105470,Alisson,3/11/2022
108354,Jordan Ayew,3/11/2022
108725,Chris Wood,3/11/2022
110864,Sam Johnstone,3/11/2022
110867,Jed Steer,3/11/2022
111051,Nampalys Mendy,3/11/2022
111195,Joël Veltman,3/11/2022
111422,Neeskens Kebano,3/11/2022
111455,Granit Xhaka,3/11/2022
111819,Neto,3/11/2022
111873,Emiliano Martínez,3/11/2022
112988,Cédric Soares,3/11/2022
116648,Marcus Bettinelli,3/11/2022
117996,Phil Jones,3/11/2022
118534,Michael Keane,3/11/2022
119269,Shane Duffy,3/11/2022
120629,Alphonse Areola,3/11/2022
121257,Adam Forshaw,3/11/2022
121477,Craig Dawson,3/11/2022
123275,Tom Cairney,3/11/2022
123682,Callum Wilson,3/11/2022
125314,Pontus Jansson,3/11/2022
126664,Lucas Digne,3/11/2022
126665,Idrissa Gueye,3/11/2022
126710,Layvin Kurzawa,3/11/2022
127032,Serge Aurier,3/11/2022
127187,Abdoulaye Doucouré,3/11/2022
128899,Jack Butland,3/11/2022
128900,Nathaniel Chalobah,3/11/2022
128901,Conor Coady,3/11/2022
129588,Dennis Praet,3/11/2022
130164,Jordan Pickford,3/11/2022
130765,Stuart Armstrong,3/11/2022
131505,Rodrigo,3/11/2022
131789,Roberto Firmino,3/11/2022
132098,Harry Kane,3/11/2022
134270,Dan Burn,3/11/2022
134294,Danny Ings,3/11/2022
134425,Raheem Sterling,3/11/2022
135343,Fabian Schär,3/11/2022
135853,Manuel Lanzini,3/11/2022
139208,Virgil van Dijk,3/11/2022
140191,Ryan Fredericks,3/11/2022
141660,Jesse Lingard,3/11/2022
142310,Willy Boly,3/11/2022
142389,Mark Gillespie,3/11/2022
143424,Alex Oxlade-Chamberlain,3/11/2022
144028,Leandro Trossard,3/11/2022
145466,Tim Ream,3/11/2022
145988,Wilfried Zaha,3/11/2022
146795,Ryan Fraser,3/11/2022
148153,Lewis Dunk,3/11/2022
148252,Remo Freuler,3/11/2022
148367,Christian Nørgaard,3/11/2022
148455,Mohamed Salah,3/11/2022
157506,Jeffrey Schlupp,3/11/2022
157509,Kurt Zouma,3/11/2022
157672,Vladimír Coufal,3/11/2022
158764,Stuart Dallas,3/11/2022
160438,Mohamed Elneny,3/11/2022
162029,Javier Manquillo,3/11/2022
163744,Jack Stephens,3/11/2022
164770,Raphaël Varane,3/11/2022
167799,Pierre-Emile Højbjerg,3/11/2022
168157,Leander Dendoncker,3/11/2022
170321,Paul Dummett,3/11/2022
170646,Ludwig Augustinsson,3/11/2022
171424,Riyad Mahrez,3/11/2022
171679,Matt Doherty,3/11/2022
173504,James Tarkowski,3/11/2022
174094,Morgan Sanson,3/11/2022
175446,Jonny Otto,3/11/2022
175722,Eric Dier,3/11/2022
176553,Aymeric Laporte,3/11/2022
177476,Nathan Aké,3/11/2022
177907,Harry Maguire,3/11/2022
181579,James Ward-Prowse,3/11/2022
181778,Emerson,3/11/2022
181781,Léo Bonatini,3/11/2022
182712,João Cancelo,3/11/2022
182877,Anthony Martial,3/11/2022
182904,Clément Lenglet,3/11/2022
183288,Luke Shaw,3/11/2022
183293,Joe Rothwell,3/11/2022
183302,Ben Pearson,3/11/2022
183318,Jamaal Lascelles,3/11/2022
183321,Kevin Mbabu,3/11/2022
183334,Patrick Bamford,3/11/2022
184528,Emil Krafth,3/11/2022
184573,Victor Lindelöf,3/11/2022
186186,Bobby De Cordova-Reid,3/11/2022
186590,John Stones,3/11/2022
186644,Mohamed Elyounoussi,3/11/2022
186901,Marek Rodák,3/11/2022
188077,Ryan Christie,3/11/2022
191614,Fred,3/11/2022
192080,Nick Pope,3/11/2022
192279,Kepa Arrizabalaga,3/11/2022
192765,Ben Davies,3/11/2022
193116,John McGinn,3/11/2022
197838,Jamie Vardy,3/11/2022
198516,Harry Toffolo,3/11/2022
199527,Jacob Murphy,3/11/2022
202886,Ruben Loftus-Cheek,3/11/2022
203026,Danny Ward,3/11/2022
203394,Andreas Pereira,3/11/2022
203460,Jack Grealish,3/11/2022
203655,Cafú,3/11/2022
203853,Oleksandr Zinchenko,3/11/2022
204103,Adama Traoré,3/11/2022
204294,Saman Ghoddos,3/11/2022
206040,Raúl Jiménez,3/11/2022
206746,Kenny Tete,3/11/2022
207014,Will Hughes,3/11/2022
209212,Solly March,3/11/2022
212847,Adam Webster,3/11/2022
214056,Daniel Amartey,3/11/2022
215118,Calum Chambers,3/11/2022
215876,Ricardo Pereira,3/11/2022
217111,Hakim Ziyech,3/11/2022
217115,Neal Maupay,3/11/2022
222209,Thomas Strakosha,3/11/2022
225083,N'Golo Kanté,3/11/2022
225122,Gonçalo Guedes,3/11/2022
225161,Rúben Neves,3/11/2022
225693,Fabinho,3/11/2022
226973,Harrison Reed,3/11/2022
228948,Thilo Kehrer,3/11/2022
230784,Thomas Partey,3/11/2022
231572,Nélson Semedo,3/11/2022
232964,Emiliano Marcondes,3/11/2022
234781,Maxwel Cornet,3/11/2022
234803,Andrew Robertson,3/11/2022
238223,Ederson,3/11/2022
238266,Duje Caleta-Car,3/11/2022
239949,Jamal Lowe,3/11/2022
240306,Bruno Fernandes,3/11/2022
241481,Jaïro Riedewald,3/11/2022
241641,Bernardo Silva,3/11/2022
242631,Alex Iwobi,3/11/2022
243028,Jan Bednarek,3/11/2022
243589,Josh Onomah,3/11/2022
246291,Diego Llorente,3/11/2022
246968,Ayoze Pérez,3/11/2022
249089,Lewis Cook,3/11/2022
249356,Jack Stacey,3/11/2022
249565,Youri Tielemans,3/11/2022
249994,José Sá,3/11/2022
250426,Adam Armstrong,3/11/2022
250478,Matt Targett,3/11/2022
251664,Ivan Toney,3/11/2022
251845,Sergi Canós,3/11/2022
253341,Rob Holding,3/11/2022
253677,Tyrone Mings,3/11/2022
255906,Scott McKenna,3/11/2022
256178,Joe Gomez,3/11/2022
256977,Daniel Podence,3/11/2022
257455,João Palhinha,3/11/2022
258004,Rúben Dias,3/11/2022
258878,Tosin Adarabioyo,3/11/2022
258889,Dominic Solanke,3/11/2022
258919,Dean Henderson,3/11/2022
258923,Marcus Rashford,3/11/2022
260827,Joachim Andersen,3/11/2022
260841,Daniel Iversen,3/11/2022
262226,Timothy Castagne,3/11/2022
262749,David Raya,3/11/2022
262980,Jefferson Lerma,3/11/2022
270171,Vitaly Janelt,3/11/2022
272622,Issa Diop,3/11/2022
272642,Allan Saint-Maximin,3/11/2022
272999,Miguel Almirón,3/11/2022
274839,Wilfred Ndidi,3/11/2022
275590,Kieffer Moore,3/11/2022
277033,David Brooks,3/11/2022
279455,Harry Wilson,3/11/2022
283628,Tomáš Souček,3/11/2022
284730,Manuel Akanji,3/11/2022
284857,Marc Cucurella,3/11/2022
285845,Ainsley Maitland-Niles,3/11/2022
288255,Donny van de Beek,3/11/2022
289446,Yerry Mina,3/11/2022
289592,Orel Mangala,3/11/2022
290532,Saïd Benrahma,3/11/2022
291200,Moussa Niakhaté,3/11/2022
292246,Hee-chan Hwang,3/11/2022
292417,Demarai Gray,3/11/2022
292808,Wout Faes,3/11/2022
293257,Matija Sarkic,3/11/2022
294057,James Maddison,3/11/2022
295313,Taiwo Awoniyi,3/11/2022
295330,Kelechi Iheanacho,3/11/2022
300716,Kieran Tierney,3/11/2022
302215,Naby Keïta,3/11/2022
306024,Dominic Calvert-Lewin,3/11/2022
309400,Kai Havertz,3/11/2022
314210,Tom Davies,3/11/2022
314353,Trent Alexander-Arnold,3/11/2022
314875,Jarrod Bowen,3/11/2022
315779,Christian Pulisic,3/11/2022
315867,Gianluca Scamacca,3/11/2022
315969,Scott McTominay,3/11/2022
316125,Ben Chilwell,3/11/2022
316264,Martin Ødegaard,3/11/2022
318523,Romain Perraud,3/11/2022
319301,Daniel James,3/11/2022
319859,Mathias Jensen,3/11/2022
320141,Çağlar Söyüncü,3/11/2022
320411,Philip Billing,3/11/2022
321247,Emiliano Buendía,3/11/2022
324358,Ollie Watkins,3/11/2022
324882,Marvelous Nakamba,3/11/2022
328658,Kristoffer Ajer,3/11/2022
328784,Robin Koch,3/11/2022
329145,Diego Carlos,3/11/2022
331560,Takehiro Tomiyasu,3/11/2022
332705,Tyler Adams,3/11/2022
333241,Joelinton,3/11/2022
334526,Denis Zakaria,3/11/2022
335721,Ben White,3/11/2022
336869,Marc Roca,3/11/2022
337787,Connor Ronan,3/11/2022
338070,Konstantinos Tsimikas,3/11/2022
339314,Deniz Undav,3/11/2022
339340,Tyrell Malacia,3/11/2022
339556,Rico Henry,3/11/2022
340321,Josh Dasilva,3/11/2022
340324,Eddie Nketiah,3/11/2022
340325,Reiss Nelson,3/11/2022
340329,Joe Willock,3/11/2022
340918,Caoimhín Kelleher,3/11/2022
340950,Diogo Jota,3/11/2022
341051,Kyle Walker-Peters,3/11/2022
341429,Davinson Sánchez,3/11/2022
342046,Axel Tuanzebe,3/11/2022
343475,Ben Godfrey,3/11/2022
344152,Odsonne Édouard,3/11/2022
344605,Boubakary Soumaré,3/11/2022
346018,Jamal Lewis,3/11/2022
346314,Trevoh Chalobah,3/11/2022
346478,Japhet Tanganga,3/11/2022
346483,Mason Mount,3/11/2022
346707,Sean Longstaff,3/11/2022
346779,Ché Adams,3/11/2022
348623,Mason Holgate,3/11/2022
349066,Alexander Isak,3/11/2022
349599,Pervis Estupiñán,3/11/2022
349701,Antonee Robinson,3/11/2022
351749,Kalvin Phillips,3/11/2022
354017,Adnan Kanuric,3/11/2022
354352,Frédéric Guilbert,3/11/2022
354362,Rodrigo Bentancur,3/11/2022
355915,Cristian Romero,3/11/2022
357119,Ibrahima Konaté,3/11/2022
357147,Diogo Dalot,3/11/2022
357158,Rúben Vinagre,3/11/2022
357565,Rodri,3/11/2022
357658,Mark Travers,3/11/2022
357662,Declan Rice,3/11/2022
357885,Pablo Fornals,3/11/2022
361093,Sven Botman,3/11/2022
361914,Nayef Aguerd,3/11/2022
362842,Arthur Melo,3/11/2022
363205,Gabriel Jesus,3/11/2022
365172,Patson Daka,3/11/2022
366930,Sergio Gómez,3/11/2022
369567,Sasa Kalajdzic,3/11/2022
369684,Rasmus Nissen Kristensen,3/11/2022
371814,Nathaniel Phillips,3/11/2022
374139,Junior Firpo,3/11/2022
376856,Charlie Goode,3/11/2022
378710,Richarlison,3/11/2022
379807,Lyanco,3/11/2022
381967,Albert Sambi Lokonga,3/11/2022
384461,Jakub Moder,3/11/2022
387626,Leon Bailey,3/11/2022
388165,Yoane Wissa,3/11/2022
391005,Mads Roerslev,3/11/2022
392757,Marc Guéhi,3/11/2022
392765,Emile Smith Rowe,3/11/2022
392775,Ryan Sessegnon,3/11/2022
393323,Brenden Aaronson,3/11/2022
394327,Boubacar Kamara,3/11/2022
396638,Manor Solomon,3/11/2022
398065,Harvey Barnes,3/11/2022
398402,Sam Surridge,3/11/2022
399434,Marcus Tavernier,3/11/2022
401173,Jadon Sancho,3/11/2022
403151,Robert Sánchez,3/11/2022
404842,Vitaliy Mykolenko,3/11/2022
406556,Tom McGill,3/11/2022
406635,Phil Foden,3/11/2022
406638,Oliver Skipp,3/11/2022
410425,Yves Bissouma,3/11/2022
410708,Pascal Struijk,3/11/2022
413032,Ibrahima Diallo,3/11/2022
413039,Bryan Mbeumo,3/11/2022
413220,James Justin,3/11/2022
413403,Ezri Konsa,3/11/2022
415970,Joe Worrall,3/11/2022
417346,Jack Harrison,3/11/2022
418560,Erling Haaland,3/11/2022
418561,Kristoffer Klaesson,3/11/2022
419025,Conor Coventry,3/11/2022
420002,Jean-Philippe Mateta,3/11/2022
421637,Frank Onyeka,3/11/2022
423744,Billy Gilmour,3/11/2022
424015,Nathan Patterson,3/11/2022
424881,Omar Richards,3/11/2022
425306,Matt Turner,3/11/2022
425334,Matty Cash,3/11/2022
425902,Ryan Yates,3/11/2022
427568,Aaron Ramsdale,3/11/2022
428016,Brandon Austin,3/11/2022
429014,Morgan Gibbs-White,3/11/2022
431755,Dejan Kulusevski,3/11/2022
433177,Bukayo Saka,3/11/2022
433188,Curtis Jones,3/11/2022
434015,Terry Ablade,3/11/2022
435338,Gabriel,3/11/2022
442248,Ethan Pinnock,3/11/2022
442531,Edouard Mendy,3/11/2022
444523,Lucas Paquetá,3/11/2022
447661,Douglas Luiz,3/11/2022
448854,Emmanuel Dennis,3/11/2022
452707,Jordan Smith,3/11/2022
463610,Loïc Mbe Soh,3/11/2022
467563,Armel Bella-Kotchap,3/11/2022
468002,Ben Johnson,3/11/2022
468198,Joe Aribo,3/11/2022
469050,Nathan Collins,3/11/2022
469781,Marcos Senesi,3/11/2022
470607,Brennan Johnson,3/11/2022
472423,Reece James,3/11/2022
474701,Crysencio Summerville,3/11/2022
475188,Kiernan Dewsbury-Hall,3/11/2022
475411,Wesley Fofana,3/11/2022
476344,Emerson Royal,3/11/2022
476352,Renan Lodi,3/11/2022
477758,Aaron Wan-Bissaka,3/11/2022
479999,Eberechi Eze,3/11/2022
480116,Lloyd Kelly,3/11/2022
480692,Luis Díaz,3/11/2022
480762,Lisandro Martínez,3/11/2022
480987,Chris Mepham,3/11/2022
483348,Djed Spence,3/11/2022
485424,Moussa Djenepo,3/11/2022
485706,Amadou Onana,3/11/2022
487465,Pedro Neto,3/11/2022
488362,Conor Gallagher,3/11/2022
488656,Siriki Dembélé,3/11/2022
493513,Karl Hein,3/11/2022
495033,Nathan Bishop,3/11/2022
495666,William Saliba,3/11/2022
503680,Neco Williams,3/11/2022
503733,Anthony Gordon,3/11/2022
503749,Jacob Ramsey,3/11/2022
503858,Antef Tsoungui,3/11/2022
503975,Joe Hodge,3/11/2022
503980,Joe Gelhardt,3/11/2022
503981,Tino Livramento,3/11/2022
504148,Tariq Lamptey,3/11/2022
504507,Kyle John,3/11/2022
504518,Kofi Balmer,3/11/2022
504849,Kaoru Mitoma,3/11/2022
505194,Luke Thomas,3/11/2022
505219,James Garner,3/11/2022
506189,Flynn Downes,3/11/2022
507254,Nathan Ferguson,3/11/2022
507700,Brandon Williams,3/11/2022
511964,Jackson Smith,3/11/2022
512354,Malcolm Ebiowei,3/11/2022
512385,Luis Sinisterra,3/11/2022
520624,Bruno Guimarães,3/11/2022
525247,Maximilian Kilman,3/11/2022
525287,Carlos Vinícius,3/11/2022
528894,Matt Smith,3/11/2022
530916,Jack Spong,3/11/2022
531957,Cody Drameh,3/11/2022
532178,Sam Greenwood,3/11/2022
533657,Lewis Brunt,3/11/2022
533662,Cameron Archer,3/11/2022
533916,Shandon Baptiste,3/11/2022
534033,Alexis Mac Allister,3/11/2022
536507,Giulian Biancone,3/11/2022
537382,Bryan Gil,3/11/2022
537598,Fábio Vieira,3/11/2022
538994,Pierre Ekwah,3/11/2022
539810,Kristian Sekularac,3/11/2022
540941,Mikkel Damsgaard,3/11/2022
542586,Illan Meslier,3/11/2022
543387,Cheick Doucouré,3/11/2022
543726,Krisztián Hegyi,3/11/2022
546543,Darwin Núñez,3/11/2022
554098,Keenan Appiah-Forson,3/11/2022
557612,Sékou Mara,3/11/2022
559130,Harrison Ashby,3/11/2022
559263,Fábio Carvalho,3/11/2022
560694,Lewis O'Brien,3/11/2022
563963,Mohammed Salisu,3/11/2022
565817,Connor McAvoy,3/11/2022
565822,Harvey Elliott,3/11/2022
566723,Michael Olise,3/11/2022
567576,Elliot Anderson,3/11/2022
567597,Odeluga Offiah,3/11/2022
568005,Jeremy Sarmiento,3/11/2022
568007,Ben Knight,3/11/2022
568177,Cole Palmer,3/11/2022
568693,Pape Matar Sarr,3/11/2022
571743,Armando Broja,3/11/2022
575219,Cătălin Cîrjan,3/11/2022
576024,Julián Alvarez,3/11/2022
576121,Josh Wilson-Esbrand,3/11/2022
576314,Jan Paul van Hecke,3/11/2022
578391,Rayan Aït-Nouri,3/11/2022
578539,Chris Richards,3/11/2022
580030,James Furlong,3/11/2022
580809,Ed Turns,3/11/2022
582078,Will Dennis,3/11/2022
583189,Anthony Elanga,3/11/2022
584769,Dwight McNeil,3/11/2022
585550,Gavin Bazunu,3/11/2022
591949,Aaron Hickey,3/11/2022
601883,Matheus Nunes,3/11/2022
602105,Antony,3/11/2022
606718,Toti,3/11/2022
610706,Jamal Baptiste,3/11/2022
610786,Ollie O'Neill,3/11/2022
610789,Luciano D'Auria-Henry,3/11/2022
611793,James Hill,3/11/2022
612749,Isaac Price,3/11/2022
614258,Levi Colwill,3/11/2022
614261,Diamond Edwards,3/11/2022
614262,Charlie McNeill,3/11/2022
614603,Chem Campbell,3/11/2022
622236,Radek Vítek,3/11/2022
624243,Aaron Donnelly,3/11/2022
624267,Dale Taylor,3/11/2022
626301,Adrion Pajaziti,3/11/2022
627626,Wilfried Gnonto,3/11/2022
628451,Roméo Lavia,3/11/2022
633530,Jordan Zemura,3/11/2022
633652,Calvin Ramsay,3/11/2022
644401,Keane Lewis-Potter,3/11/2022
645686,Lamare Bogarde,3/11/2022
646209,Alex Gibson-Hammond,3/11/2022
646214,Oliver Hammond,3/11/2022
646333,Ben Greenwood,3/11/2022
646738,Juan Larios,3/11/2022
648046,Evan Ferguson,3/11/2022
649020,Boubacar Traoré,3/11/2022
655136,Cameron Plain,3/11/2022
655488,Gabriel Martinelli,3/11/2022
655986,Reece Welch,3/11/2022
657724,Stefan Parkes,3/11/2022
659459,Carney Chukwuemeka,3/11/2022
660867,Julio Enciso,3/11/2022
661208,Leo Hjelde,3/11/2022
663264,Darko Gyabi,3/11/2022
668268,Marquinhos,3/11/2022
670840,Joe Whitworth,3/11/2022
670848,Divin Mubama,3/11/2022
670861,Luke Chambers,3/11/2022
676318,Facundo Pellistri,3/11/2022
680806,Samuel Edozie,3/11/2022
684210,Jaidon Anthony,3/11/2022
686845,Zidane Iqbal,3/11/2022
687626,Moisés Caicedo,3/11/2022
693066,Kamarai Swyer,3/11/2022
695454,Chiquinho,3/11/2022
698164,Freddie Potts,3/11/2022
698678,Hugo Bueno,3/11/2022
701057,Rico Lewis,3/11/2022
703626,Cameron Peupion,3/11/2022
706815,Harvey Davies,3/11/2022
712117,Bobby Clark,3/11/2022
716276,Yerson Mosquera,3/11/2022
717411,Yegor Yarmolyuk,3/11/2022
724537,Andrew Moran,3/11/2022
730581,Loïc Badé,3/11/2022
730893,Tyrick Mitchell,3/11/2022
732529,Tristan Crama,3/11/2022
733434,Jack Wadham,3/11/2022
741238,Omari Hutchinson,3/11/2022
741650,Khayon Edwards,3/11/2022
743414,Lino Sousa,3/11/2022
744131,Lewis Payne,3/11/2022
746078,Billy Fewster,3/11/2022
801005,Stanley Mills,3/11/2022
807318,Ryan Finnigan,3/11/2022
811779,Alejandro Garnacho,3/11/2022
814524,Joe Wormleighton,3/11/2022
814811,Jack Wells-Morrison,3/11/2022
814848,Owen Goodman,3/11/2022
817612,Luke Harris,3/11/2022
820374,Kobbie Mainoo,3/11/2022
840640,Sammy Braybrooke,3/11/2022
845717,Regan Clayton,3/11/2022
854689,Jack Hinchy,3/11/2022
854708,Ferdinand Okoh,3/11/2022
855087,Chris Francis,3/11/2022
860078,Kaden Rodney,3/11/2022
864496,Dom Ballard,3/11/2022
864799,Stefan Bajcetic,3/11/2022
871837,Bradley Ibrahim,3/11/2022
874538,Ryan Trevitt,3/11/2022
875929,Josh Feeney,3/11/2022
878150,Amario Cozier-Duberry,3/11/2022
921992,Charlie Robinson,3/11/2022
922563,Oliver Scarles,3/11/2022
922693,Archie Gray,3/11/2022
933017,Zach Abbott,3/11/2022
936901,Dominic Sadi,3/11/2022
992686,Martial Godo,3/11/2022
556385,Destiny Udogie,11/11/2022
111873,Emiliano Martínez,23/12/2022
217111,Hakim Ziyech,23/12/2022
355915,Cristian Romero,23/12/2022
378710,Richarlison,23/12/2022
433177,Bukayo Saka,23/12/2022
504849,Kaoru Mitoma,23/12/2022
534033,Alexis Mac Allister,23/12/2022
576024,Julián Alvarez,23/12/2022
623570,Iliman Ndiaye,23/12/2022
403564,Jon McCracken,27/12/2022
703626,Cameron Peupion,27/12/2022
670858,Lewis Hall,16/1/2023
743600,Andrey Santos,17/2/2023
17965,Hugo Lloris,16/3/2023
58864,Pierre-Emerick Aubameyang,16/3/2023
61651,Jordan Henderson,16/3/2023
73564,Jason Steele,16/3/2023
74230,Pablo Sarabia,16/3/2023
74960,Martin Dúbravka,16/3/2023
77100,Lucas Moura,16/3/2023
80444,Philippe Coutinho,16/3/2023
91845,Heung-min Son,16/3/2023
93128,Kalidou Koulibaly,16/3/2023
99331,Jannik Vestergaard,16/3/2023
105470,Alisson,16/3/2023
110864,Sam Johnstone,16/3/2023
111422,Neeskens Kebano,16/3/2023
118534,Michael Keane,16/3/2023
119150,Mislav Orsic,16/3/2023
126664,Lucas Digne,16/3/2023
126710,Layvin Kurzawa,16/3/2023
129588,Dennis Praet,16/3/2023
130164,Jordan Pickford,16/3/2023
131789,Roberto Firmino,16/3/2023
134425,Raheem Sterling,16/3/2023
135853,Manuel Lanzini,16/3/2023
139208,Virgil van Dijk,16/3/2023
141660,Jesse Lingard,16/3/2023
145988,Wilfried Zaha,16/3/2023
146795,Ryan Fraser,16/3/2023
148252,Remo Freuler,16/3/2023
148455,Mohamed Salah,16/3/2023
157509,Kurt Zouma,16/3/2023
168157,Leander Dendoncker,16/3/2023
170934,Mario Lemina,16/3/2023
175722,Eric Dier,16/3/2023
176553,Aymeric Laporte,16/3/2023
177476,Nathan Aké,16/3/2023
177907,Harry Maguire,16/3/2023
181579,James Ward-Prowse,16/3/2023
183288,Luke Shaw,16/3/2023
183334,Patrick Bamford,16/3/2023
193116,John McGinn,16/3/2023
203394,Andreas Pereira,16/3/2023
203853,Oleksandr Zinchenko,16/3/2023
204103,Adama Traoré,16/3/2023
206040,Raúl Jiménez,16/3/2023
206746,Kenny Tete,16/3/2023
209212,Solly March,16/3/2023
215118,Calum Chambers,16/3/2023
217111,Hakim Ziyech,16/3/2023
222209,Thomas Strakosha,16/3/2023
225083,N'Golo Kanté,16/3/2023
225693,Fabinho,16/3/2023
228948,Thilo Kehrer,16/3/2023
231572,Nélson Semedo,16/3/2023
234803,Andrew Robertson,16/3/2023
243028,Jan Bednarek,16/3/2023
249565,Youri Tielemans,16/3/2023
250426,Adam Armstrong,16/3/2023
251664,Ivan Toney,16/3/2023
257455,João Palhinha,16/3/2023
258878,Tosin Adarabioyo,16/3/2023
258923,Marcus Rashford,16/3/2023
262749,David Raya,16/3/2023
272622,Issa Diop,16/3/2023
272642,Allan Saint-Maximin,16/3/2023
272855,Paul Onuachu,16/3/2023
272999,Miguel Almirón,16/3/2023
274839,Wilfred Ndidi,16/3/2023
277033,David Brooks,16/3/2023
279455,Harry Wilson,16/3/2023
283628,Tomáš Souček,16/3/2023
284857,Marc Cucurella,16/3/2023
288255,Donny van de Beek,16/3/2023
289446,Yerry Mina,16/3/2023
298091,Harry Souttar,16/3/2023
300716,Kieran Tierney,16/3/2023
302215,Naby Keïta,16/3/2023
306024,Dominic Calvert-Lewin,16/3/2023
309400,Kai Havertz,16/3/2023
314353,Trent Alexander-Arnold,16/3/2023
314875,Jarrod Bowen,16/3/2023
315779,Christian Pulisic,16/3/2023
315867,Gianluca Scamacca,16/3/2023
315969,Scott McTominay,16/3/2023
316125,Ben Chilwell,16/3/2023
316264,Martin Ødegaard,16/3/2023
318523,Romain Perraud,16/3/2023
319301,Daniel James,16/3/2023
320141,Çağlar Söyüncü,16/3/2023
332705,Tyler Adams,16/3/2023
333241,Joelinton,16/3/2023
335721,Ben White,16/3/2023
336869,Marc Roca,16/3/2023
340324,Eddie Nketiah,16/3/2023
341429,Davinson Sánchez,16/3/2023
343475,Ben Godfrey,16/3/2023
344605,Boubakary Soumaré,16/3/2023
346483,Mason Mount,16/3/2023
348623,Mason Holgate,16/3/2023
349701,Antonee Robinson,16/3/2023
351749,Kalvin Phillips,16/3/2023
355861,Arnaut Danjuma,16/3/2023
357147,Diogo Dalot,16/3/2023
361093,Sven Botman,16/3/2023
361914,Nayef Aguerd,16/3/2023
362842,Arthur Melo,16/3/2023
401173,Jadon Sancho,16/3/2023
410425,Yves Bissouma,16/3/2023
417346,Jack Harrison,16/3/2023
423744,Billy Gilmour,16/3/2023
425918,Jakub Kiwior,16/3/2023
427568,Aaron Ramsdale,16/3/2023
429014,Morgan Gibbs-White,16/3/2023
431755,Dejan Kulusevski,16/3/2023
433177,Bukayo Saka,16/3/2023
433188,Curtis Jones,16/3/2023
435338,Gabriel,16/3/2023
442531,Edouard Mendy,16/3/2023
444641,Louie Moulden,16/3/2023
448854,Emmanuel Dennis,16/3/2023
467563,Armel Bella-Kotchap,16/3/2023
470607,Brennan Johnson,16/3/2023
473050,Kevin Schade,16/3/2023
474701,Crysencio Summerville,16/3/2023
475188,Kiernan Dewsbury-Hall,16/3/2023
476344,Emerson Royal,16/3/2023
477758,Aaron Wan-Bissaka,16/3/2023
484387,Matty Longstaff,16/3/2023
484838,Viljami Sinisalo,16/3/2023
485706,Amadou Onana,16/3/2023
495666,William Saliba,16/3/2023
503749,Jacob Ramsey,16/3/2023
503987,Noni Madueke,16/3/2023
503988,Alex Mighten,16/3/2023
504849,Kaoru Mitoma,16/3/2023
511550,Ellis Simms,16/3/2023
517894,Matheus Cunha,16/3/2023
525247,Maximilian Kilman,16/3/2023
537598,Fábio Vieira,16/3/2023
537860,Mykhaylo Mudryk,16/3/2023
538971,Naouirou Ahamada,16/3/2023
538977,Georginio Rutter,16/3/2023
548470,Teden Mengi,16/3/2023
553875,Pedro Porro,16/3/2023
559130,Harrison Ashby,16/3/2023
564529,Victor Kristiansen,16/3/2023
566723,Michael Olise,16/3/2023
568005,Jeremy Sarmiento,16/3/2023
576314,Jan Paul van Hecke,16/3/2023
578539,Chris Richards,16/3/2023
583255,Antoine Semenyo,16/3/2023
585550,Gavin Bazunu,16/3/2023
602105,Antony,16/3/2023
614258,Levi Colwill,16/3/2023
627626,Wilfried Gnonto,16/3/2023
644401,Keane Lewis-Potter,16/3/2023
648046,Evan Ferguson,16/3/2023
648195,Enzo Fernández,16/3/2023
649317,Jhon Durán,16/3/2023
655488,Gabriel Martinelli,16/3/2023
659089,Ilya Zabarnyi,16/3/2023
668547,Máximo Perrone,16/3/2023
670858,Lewis Hall,16/3/2023
687626,Moisés Caicedo,16/3/2023
701057,Rico Lewis,16/3/2023
746695,Kamaldeen Sulemana,16/3/2023
748319,Carlos Alcaraz,16/3/2023
787232,David Datro Fofana,16/3/2023
811779,Alejandro Garnacho,16/3/2023
820374,Kobbie Mainoo,16/3/2023
823231,Dango Ouattara,16/3/2023
864799,Stefan Bajcetic,16/3/2023
46972,Teemu Pukki,24/3/2023
206225,Isaac Hayden,24/3/2023
207742,Tom Lockyer,24/3/2023
225452,Patrick Roberts,24/3/2023
236953,Sam Byram,24/3/2023
242606,Josh Cullen,24/3/2023
253765,Wesley Hoedt,24/3/2023
258885,Max Lowe,24/3/2023
290017,Hassane Kamara,24/3/2023
293569,Josh Brownhill,24/3/2023
314378,Admiral Muskwe,24/3/2023
319900,Elijah Adebayo,24/3/2023
324882,Marvelous Nakamba,24/3/2023
333014,Sander Berge,24/3/2023
340322,Nathan Tella,24/3/2023
347619,Allan Campbell,24/3/2023
368629,Jack Walton,24/3/2023
371021,Arijanet Murić,24/3/2023
377468,Anel Ahmedhodzic,24/3/2023
392179,Hjalmar Ekdal,24/3/2023
403898,Jordan Beyer,24/3/2023
410225,Ismaïla Sarr,24/3/2023
433183,Tommy Doyle,24/3/2023
446093,Ryan Porteous,24/3/2023
447995,Ross Stewart,24/3/2023
467623,Lyle Foster,24/3/2023
471690,Max Aarons,24/3/2023
491296,Anass Zaroury,24/3/2023
496661,Elliot Thorpe,24/3/2023
503977,Taylor Harwood-Bellis,24/3/2023
536835,Amad Diallo,24/3/2023
553469,Gabriel Sara,24/3/2023
559794,Jack Clarke,24/3/2023
583199,James McAtee,24/3/2023
608175,Alfie Doughty,24/3/2023
609556,William Osula,24/3/2023
621993,Andrew Omobamidele,24/3/2023
623570,Iliman Ndiaye,24/3/2023
626724,João Pedro,24/3/2023
668268,Marquinhos,24/3/2023
743627,Jewison Bennette,24/3/2023
944551,Joe Taylor,24/3/2023
42198,Sone Aluko,5/4/2023
95795,Václav Hladký,5/4/2023
123551,Sam Morsy,5/4/2023
167254,Dominic Ball,5/4/2023
181687,Massimo Luongo,5/4/2023
197791,Janoi Donacien,5/4/2023
201586,Greg Leigh,5/4/2023
208379,Christian Walton,5/4/2023
233998,Freddie Ladapo,5/4/2023
255731,Wes Burns,5/4/2023
255788,Cameron Burgess,5/4/2023
285551,Joel Coleman,5/4/2023
288323,Marcus Harness,5/4/2023
314366,Kyle Edwards,5/4/2023
344009,Nathan Broadhead,5/4/2023
349503,Conor Chaplin,5/4/2023
385848,George Edmundson,5/4/2023
420808,George Hirst,5/4/2023
503768,Tyreece John-Jules,5/4/2023
512916,Panutche Camara,5/4/2023
527425,Luke Woolfenden,5/4/2023
528892,Harry Clarke,5/4/2023
596446,Leif Davis,5/4/2023
756591,Samy Chouchane,12/5/2023
741236,Matthew Cox,15/5/2023
745452,Devan Tanton,15/5/2023
834742,Mateo Joseph,15/5/2023
940915,Alexéi Rojas,15/5/2023
29391,Michael McGovern,1/6/2023
33027,Tim Krul,1/6/2023
40613,Jack Cork,1/6/2023
44794,Henri Lansbury,1/6/2023
44983,Dan Gosling,1/6/2023
46972,Teemu Pukki,1/6/2023
49542,Billy Sharp,1/6/2023
52495,Chris Basham,1/6/2023
53360,Jay Rodríguez,1/6/2023
54383,John Fleck,1/6/2023
59606,Craig Cathcart,1/6/2023
61560,Marc Albrighton,1/6/2023
61697,Wes Foderingham,1/6/2023
63200,Ashley Barnes,1/6/2023
66923,Luke Freeman,1/6/2023
67283,Ben Hamer,1/6/2023
73250,Mario Gaspar,1/6/2023
73484,Tom Cleverley,1/6/2023
73547,Oliver Norwood,1/6/2023
81512,Christian Kabasele,1/6/2023
85706,Enda Stevens,1/6/2023
89231,Jóhann Berg Gudmundsson,1/6/2023
91340,James Shea,1/6/2023
98240,Ciaran Clark,1/6/2023
99397,Karl Darlow,1/6/2023
102258,Matthew Lowton,1/6/2023
109751,Onel Hernández,1/6/2023
120186,Daniel Bachmann,1/6/2023
121254,Adam Davies,1/6/2023
121324,John Egan,1/6/2023
121385,Grant Hanley,1/6/2023
125685,Luke Berry,1/6/2023
126014,Leandro Bacuna,1/6/2023
126600,Kenny McLean,1/6/2023
128904,Ben Gibson,1/6/2023
128909,Jack Robinson,1/6/2023
146690,George Baldock,1/6/2023
148262,Jeff Hendrick,1/6/2023
149237,Anthony Knockaert,1/6/2023
169801,Cauley Woodrow,1/6/2023
183302,Ben Pearson,1/6/2023
184129,Jordan Clark,1/6/2023
186172,Britt Assombalonga,1/6/2023
195633,Charlie Taylor,1/6/2023
200777,Alex Pritchard,1/6/2023
201574,Angus Gunn,1/6/2023
206225,Isaac Hayden,1/6/2023
207037,Dan Potts,1/6/2023
207742,Tom Lockyer,1/6/2023
212829,Jack O'Connell,1/6/2023
214666,Connor Roberts,1/6/2023
218087,Ben Osborn,1/6/2023
221624,Zack Steffen,1/6/2023
224884,Abdul Rahman Baba,1/6/2023
225452,Patrick Roberts,1/6/2023
233124,Kortney Hause,1/6/2023
236953,Sam Byram,1/6/2023
242284,Ethan Horvath,1/6/2023
242606,Josh Cullen,1/6/2023
244338,Pelly Ruddock Mpanzu,1/6/2023
246963,Carlton Morris,1/6/2023
249873,Tariqe Fosu,1/6/2023
252345,Ken Sema,1/6/2023
253765,Wesley Hoedt,1/6/2023
258885,Max Lowe,1/6/2023
258916,Kieran Dowell,1/6/2023
264220,Reece Burke,1/6/2023
278166,Amari'i Bell,1/6/2023
282939,Luke O'Nien,1/6/2023
289510,Samuel Bastien,1/6/2023
289846,Ashley Fletcher,1/6/2023
290017,Hassane Kamara,1/6/2023
293257,Matija Sarkic,1/6/2023
293569,Josh Brownhill,1/6/2023
295630,Dimitrios Giannoulis,1/6/2023
296986,Tyler Roberts,1/6/2023
298477,Oli McBurnie,1/6/2023
305274,Fred Onyedinma,1/6/2023
307781,Lynden Gooch,1/6/2023
314378,Admiral Muskwe,1/6/2023
319900,Elijah Adebayo,1/6/2023
322702,Benson Manuel,1/6/2023
324882,Marvelous Nakamba,1/6/2023
333014,Sander Berge,1/6/2023
340322,Nathan Tella,1/6/2023
340353,Maduka Okoye,1/6/2023
341501,Hamza Choudhury,1/6/2023
342046,Axel Tuanzebe,1/6/2023
342050,Nathan Baxter,1/6/2023
346315,Dujon Sterling,1/6/2023
346472,Tom Dele-Bashiru,1/6/2023
346499,Danel Sinani,1/6/2023
347619,Allan Campbell,1/6/2023
364409,Gabriel Osho,1/6/2023
364828,Elliot Embleton,1/6/2023
368629,Jack Walton,1/6/2023
371021,Arijanet Murić,1/6/2023
371436,Francisco Sierralta,1/6/2023
376856,Charlie Goode,1/6/2023
377468,Anel Ahmedhodzic,1/6/2023
383109,Przemyslaw Placheta,1/6/2023
386786,Darko Churlinov,1/6/2023
389253,Auston Trusty,1/6/2023
390664,Jacob Lungi Sørensen,1/6/2023
391719,Domingos Quina,1/6/2023
392179,Hjalmar Ekdal,1/6/2023
392763,Ian Poveda,1/6/2023
392777,Jonathan Panzo,1/6/2023
393325,Josh Sargent,1/6/2023
403898,Jordan Beyer,1/6/2023
405686,Reda Khadra,1/6/2023
406560,Rhian Brewster,1/6/2023
410225,Ismaïla Sarr,1/6/2023
410436,Bailey Peacock-Farrell,1/6/2023
412660,Keinan Davis,1/6/2023
419025,Conor Coventry,1/6/2023
424051,Samuel Kalu,1/6/2023
433181,Tino Anjorin,1/6/2023
433183,Tommy Doyle,1/6/2023
433818,Scott Twine,1/6/2023
434207,Aaron Connolly,1/6/2023
434223,Adam Idah,1/6/2023
444211,Will Smallbone,1/6/2023
446093,Ryan Porteous,1/6/2023
447995,Ross Stewart,1/6/2023
451677,Christos Tzolis,1/6/2023
452707,Jordan Smith,1/6/2023
465606,Halil Dervişoğlu,1/6/2023
465717,Jayden Bogle,1/6/2023
467623,Lyle Foster,1/6/2023
468249,Vitinho,1/6/2023
471690,Max Aarons,1/6/2023
481623,João Ferreira,1/6/2023
484551,Taylor Richards,1/6/2023
485583,Ki-Jana Hoever,1/6/2023
485585,Ian Maatsen,1/6/2023
486477,Edo Kayembe,1/6/2023
490224,Ismaila Coulibaly,1/6/2023
491296,Anass Zaroury,1/6/2023
495993,Dion Sanderson,1/6/2023
496661,Elliot Thorpe,1/6/2023
502065,Aji Alese,1/6/2023
503686,Dan Ballard,1/6/2023
503743,Morgan Rogers,1/6/2023
503795,Jeremy Ngakia,1/6/2023
503977,Taylor Harwood-Bellis,1/6/2023
503980,Joe Gelhardt,1/6/2023
504581,Ryan Giles,1/6/2023
505548,Louie Watson,1/6/2023
506470,Josh Bowler,1/6/2023
512354,Malcolm Ebiowei,1/6/2023
515544,Trai Hume,1/6/2023
531679,Ethan Laird,1/6/2023
531957,Cody Drameh,1/6/2023
532541,Luke Cundle,1/6/2023
533662,Cameron Archer,1/6/2023
534700,Jamie Shackleton,1/6/2023
535927,Luke McNally,1/6/2023
536835,Amad Diallo,1/6/2023
538994,Pierre Ekwah,1/6/2023
543164,Rhys Norrington-Davies,1/6/2023
547533,Miguel Azeez,1/6/2023
552655,Troy Parrott,1/6/2023
553469,Gabriel Sara,1/6/2023
557610,Isaac Lihadji,1/6/2023
559794,Jack Clarke,1/6/2023
559801,Niall Huggins,1/6/2023
566802,Lewis Fiorini,1/6/2023
568006,Dennis Cirkin,1/6/2023
576121,Josh Wilson-Esbrand,1/6/2023
578292,Omar Rekik,1/6/2023
581674,Charlie Patino,1/6/2023
583199,James McAtee,1/6/2023
597659,Charlie Cresswell,1/6/2023
599739,Xavier Simons,1/6/2023
606576,Denis Franchi,1/6/2023
607224,Hannibal,1/6/2023
608175,Alfie Doughty,1/6/2023
609556,William Osula,1/6/2023
610849,Liam Delap,1/6/2023
617267,Henrique Araújo,1/6/2023
618494,Tyler Morton,1/6/2023
618901,Sam McCallum,1/6/2023
620598,Ameen Al-Dakhil,1/6/2023
621993,Andrew Omobamidele,1/6/2023
622380,Cesare Casadei,1/6/2023
623570,Iliman Ndiaye,1/6/2023
626724,João Pedro,1/6/2023
635336,Imrân Louza,1/6/2023
646658,Aaron Ramsey,1/6/2023
654412,Abdoullah Ba,1/6/2023
659521,Edouard Michut,1/6/2023
661208,Leo Hjelde,1/6/2023
665390,Jaden Philogene,1/6/2023
668228,Matheus Martins,1/6/2023
668268,Marquinhos,1/6/2023
669366,Tom Cannon,1/6/2023
672381,Jonathan Rowe,1/6/2023
696589,Tim Iroegbunam,1/6/2023
715558,Marcelino Núñez,1/6/2023
724785,Liam Gibbs,1/6/2023
725703,Joseph Hungbo,1/6/2023
728733,Brooke Norton-Cuffy,1/6/2023
735571,Rodrigo Muniz,1/6/2023
743627,Jewison Bennette,1/6/2023
746740,Daniel Jebbison,1/6/2023
811778,Álvaro Carreras,1/6/2023
857818,Yáser Asprilla,1/6/2023
921655,Ismaël Koné,1/6/2023
944551,Joe Taylor,1/6/2023
42198,Sone Aluko,9/6/2023
95795,Václav Hladký,9/6/2023
123551,Sam Morsy,9/6/2023
167254,Dominic Ball,9/6/2023
181687,Massimo Luongo,9/6/2023
197791,Janoi Donacien,9/6/2023
201586,Greg Leigh,9/6/2023
208379,Christian Walton,9/6/2023
220491,Matt Macey,9/6/2023
233998,Freddie Ladapo,9/6/2023
255731,Wes Burns,9/6/2023
255788,Cameron Burgess,9/6/2023
285033,Will Norris,9/6/2023
285551,Joel Coleman,9/6/2023
288323,Marcus Harness,9/6/2023
314366,Kyle Edwards,9/6/2023
344009,Nathan Broadhead,9/6/2023
349503,Conor Chaplin,9/6/2023
385412,Jordan Amissah,9/6/2023
385848,George Edmundson,9/6/2023
433186,Bali Mumba,9/6/2023
433329,Corrie Ndaba,9/6/2023
456877,Rekeem Harper,9/6/2023
485546,Matt Penney,9/6/2023
504042,Daniel Barden,9/6/2023
512916,Panutche Camara,9/6/2023
527425,Luke Woolfenden,9/6/2023
528892,Harry Clarke,9/6/2023
547534,Josh Martin,9/6/2023
596446,Leif Davis,9/6/2023
788283,Bobby Thomas,9/6/2023
849429,Tete Yengi,9/6/2023
556385,Destiny Udogie,15/6/2023
499604,Dion Pereira,16/6/2023
504855,John McAtee,16/6/2023
526873,Jake Eastwood,16/6/2023
614700,Dara Costelloe,16/6/2023
3333,James Milner,20/6/2023
14044,Andy Lonergan,20/6/2023
14086,Ashley Young,20/6/2023
14555,Scott Carson,20/6/2023
16306,Casemiro,20/6/2023
17965,Hugo Lloris,20/6/2023
19948,Willy Caballero,20/6/2023
29241,Thiago Silva,20/6/2023
29364,João Moutinho,20/6/2023
29692,Lukasz Fabianski,20/6/2023
33713,Theo Walcott,20/6/2023
33754,Alex Smithies,20/6/2023
33873,Asmir Begovic,20/6/2023
34130,Tom Heaton,20/6/2023
40611,Ryan Bertrand,20/6/2023
41416,James McArthur,20/6/2023
42412,Jonny Evans,20/6/2023
42460,Ivan Perišić,20/6/2023
43530,Adam Lallana,20/6/2023
44779,Diego Costa,20/6/2023
45403,André Ayew,20/6/2023
45494,Wayne Hennessey,20/6/2023
48002,Angelo Ogbonna,20/6/2023
51152,Aleksandar Mitrović,20/6/2023
51321,Darren Randolph,20/6/2023
51471,Mateo Kovacic,20/6/2023
52059,Zanka,20/6/2023
52570,Fraser Forster,20/6/2023
52769,Willian,20/6/2023
53622,İlkay Gündoğan,20/6/2023
55742,Harry Arter,20/6/2023
57500,César Azpilicueta,20/6/2023
58864,Pierre-Emerick Aubameyang,20/6/2023
59377,David de Gea,20/6/2023
60444,Thiago Alcántara,20/6/2023
61592,James Tomkins,20/6/2023
61644,Jack Colback,20/6/2023
61651,Jordan Henderson,20/6/2023
61841,Adam Smith,20/6/2023
61842,Andros Townsend,20/6/2023
64399,Vicente Guaita,20/6/2023
66934,Cheikhou Kouyaté,20/6/2023
67063,Danny Welbeck,20/6/2023
67420,Luke Ayling,20/6/2023
68390,Séamus Coleman,20/6/2023
69633,Christian Eriksen,20/6/2023
71271,Adrián San Miguel,20/6/2023
71292,Jonjo Shelvey,20/6/2023
72476,Bernd Leno,20/6/2023
73564,Jason Steele,20/6/2023
74230,Pablo Sarabia,20/6/2023
74300,Luka Milivojevic,20/6/2023
74810,Ben Mee,20/6/2023
74960,Martin Dúbravka,20/6/2023
75067,Liam Cooper,20/6/2023
75458,Robin Olsen,20/6/2023
77100,Lucas Moura,20/6/2023
79422,Keylor Navas,20/6/2023
80444,Philippe Coutinho,20/6/2023
82105,Joel Matip,20/6/2023
82873,Pascal Groß,20/6/2023
85177,Nathaniel Clyne,20/6/2023
85864,Loris Karius,20/6/2023
85941,Stefan Ortega,20/6/2023
87672,Junior Stanislas,20/6/2023
88755,Kevin De Bruyne,20/6/2023
90836,Steve Cook,20/6/2023
91845,Heung-min Son,20/6/2023
92469,Matt Ritchie,20/6/2023
92571,Aaron Cresswell,20/6/2023
92572,Joel Ward,20/6/2023
93128,Kalidou Koulibaly,20/6/2023
95424,Kyle Walker,20/6/2023
95810,Kieran Trippier,20/6/2023
95976,Alex McCarthy,20/6/2023
99331,Jannik Vestergaard,20/6/2023
101118,Joel Robles,20/6/2023
102017,Jorginho,20/6/2023
104124,Michail Antonio,20/6/2023
104495,Lyle Taylor,20/6/2023
105470,Alisson,20/6/2023
106987,Marcel Sabitzer,20/6/2023
108354,Jordan Ayew,20/6/2023
108725,Chris Wood,20/6/2023
110864,Sam Johnstone,20/6/2023
110867,Jed Steer,20/6/2023
111051,Nampalys Mendy,20/6/2023
111195,Joël Veltman,20/6/2023
111422,Neeskens Kebano,20/6/2023
111455,Granit Xhaka,20/6/2023
111819,Neto,20/6/2023
111873,Emiliano Martínez,20/6/2023
112988,Cédric Soares,20/6/2023
116648,Marcus Bettinelli,20/6/2023
117996,Phil Jones,20/6/2023
118534,Michael Keane,20/6/2023
119150,Mislav Orsic,20/6/2023
119269,Shane Duffy,20/6/2023
120629,Alphonse Areola,20/6/2023
121257,Adam Forshaw,20/6/2023
121477,Craig Dawson,20/6/2023
123275,Tom Cairney,20/6/2023
123682,Callum Wilson,20/6/2023
125314,Pontus Jansson,20/6/2023
126664,Lucas Digne,20/6/2023
126665,Idrissa Gueye,20/6/2023
126710,Layvin Kurzawa,20/6/2023
127032,Serge Aurier,20/6/2023
127187,Abdoulaye Doucouré,20/6/2023
128899,Jack Butland,20/6/2023
128901,Conor Coady,20/6/2023
129588,Dennis Praet,20/6/2023
130164,Jordan Pickford,20/6/2023
130765,Stuart Armstrong,20/6/2023
131505,Rodrigo,20/6/2023
131789,Roberto Firmino,20/6/2023
131996,Bertrand Traoré,20/6/2023
132098,Harry Kane,20/6/2023
134270,Dan Burn,20/6/2023
134294,Danny Ings,20/6/2023
134425,Raheem Sterling,20/6/2023
135343,Fabian Schär,20/6/2023
135853,Manuel Lanzini,20/6/2023
136401,Daniel Bentley,20/6/2023
139208,Virgil van Dijk,20/6/2023
140191,Ryan Fredericks,20/6/2023
141660,Jesse Lingard,20/6/2023
142310,Willy Boly,20/6/2023
142389,Mark Gillespie,20/6/2023
143424,Alex Oxlade-Chamberlain,20/6/2023
144028,Leandro Trossard,20/6/2023
145466,Tim Ream,20/6/2023
145988,Wilfried Zaha,20/6/2023
146795,Ryan Fraser,20/6/2023
148153,Lewis Dunk,20/6/2023
148252,Remo Freuler,20/6/2023
148367,Christian Nørgaard,20/6/2023
148455,Mohamed Salah,20/6/2023
156501,Felipe,20/6/2023
157506,Jeffrey Schlupp,20/6/2023
157509,Kurt Zouma,20/6/2023
157672,Vladimír Coufal,20/6/2023
158764,Stuart Dallas,20/6/2023
160438,Mohamed Elneny,20/6/2023
162029,Javier Manquillo,20/6/2023
163744,Jack Stephens,20/6/2023
164770,Raphaël Varane,20/6/2023
167799,Pierre-Emile Højbjerg,20/6/2023
168157,Leander Dendoncker,20/6/2023
170321,Paul Dummett,20/6/2023
170934,Mario Lemina,20/6/2023
171424,Riyad Mahrez,20/6/2023
173504,James Tarkowski,20/6/2023
175446,Jonny Otto,20/6/2023
175722,Eric Dier,20/6/2023
176553,Aymeric Laporte,20/6/2023
177476,Nathan Aké,20/6/2023
177907,Harry Maguire,20/6/2023
181579,James Ward-Prowse,20/6/2023
181778,Emerson,20/6/2023
182877,Anthony Martial,20/6/2023
182904,Clément Lenglet,20/6/2023
183288,Luke Shaw,20/6/2023
183293,Joe Rothwell,20/6/2023
183318,Jamaal Lascelles,20/6/2023
183334,Patrick Bamford,20/6/2023
184528,Emil Krafth,20/6/2023
184573,Victor Lindelöf,20/6/2023
186186,Bobby De Cordova-Reid,20/6/2023
186590,John Stones,20/6/2023
186644,Mohamed Elyounoussi,20/6/2023
186901,Marek Rodák,20/6/2023
188077,Ryan Christie,20/6/2023
191614,Fred,20/6/2023
192080,Nick Pope,20/6/2023
192279,Kepa Arrizabalaga,20/6/2023
192765,Ben Davies,20/6/2023
193098,Álex Moreno,20/6/2023
193116,John McGinn,20/6/2023
196722,Remi Matthews,20/6/2023
197838,Jamie Vardy,20/6/2023
198516,Harry Toffolo,20/6/2023
199527,Jacob Murphy,20/6/2023
202886,Ruben Loftus-Cheek,20/6/2023
203026,Danny Ward,20/6/2023
203394,Andreas Pereira,20/6/2023
203460,Jack Grealish,20/6/2023
203655,Cafú,20/6/2023
203853,Oleksandr Zinchenko,20/6/2023
204103,Adama Traoré,20/6/2023
204294,Saman Ghoddos,20/6/2023
206040,Raúl Jiménez,20/6/2023
206746,Kenny Tete,20/6/2023
207014,Will Hughes,20/6/2023
209212,Solly March,20/6/2023
212847,Adam Webster,20/6/2023
214056,Daniel Amartey,20/6/2023
215118,Calum Chambers,20/6/2023
215876,Ricardo Pereira,20/6/2023
217111,Hakim Ziyech,20/6/2023
217115,Neal Maupay,20/6/2023
222209,Thomas Strakosha,20/6/2023
225083,N'Golo Kanté,20/6/2023
225161,Rúben Neves,20/6/2023
225693,Fabinho,20/6/2023
226973,Harrison Reed,20/6/2023
228645,Wout Weghorst,20/6/2023
228948,Thilo Kehrer,20/6/2023
230784,Thomas Partey,20/6/2023
231572,Nélson Semedo,20/6/2023
234781,Maxwel Cornet,20/6/2023
234803,Andrew Robertson,20/6/2023
238223,Ederson,20/6/2023
238266,Duje Caleta-Car,20/6/2023
240306,Bruno Fernandes,20/6/2023
241481,Jaïro Riedewald,20/6/2023
241641,Bernardo Silva,20/6/2023
242631,Alex Iwobi,20/6/2023
243028,Jan Bednarek,20/6/2023
245056,Saša Lukić,20/6/2023
249089,Lewis Cook,20/6/2023
249356,Jack Stacey,20/6/2023
249565,Youri Tielemans,20/6/2023
249994,José Sá,20/6/2023
250426,Adam Armstrong,20/6/2023
250478,Matt Targett,20/6/2023
251664,Ivan Toney,20/6/2023
253341,Rob Holding,20/6/2023
253677,Tyrone Mings,20/6/2023
255906,Scott McKenna,20/6/2023
256178,Joe Gomez,20/6/2023
256977,Daniel Podence,20/6/2023
257455,João Palhinha,20/6/2023
258004,Rúben Dias,20/6/2023
258878,Tosin Adarabioyo,20/6/2023
258889,Dominic Solanke,20/6/2023
258919,Dean Henderson,20/6/2023
258923,Marcus Rashford,20/6/2023
260827,Joachim Andersen,20/6/2023
260841,Daniel Iversen,20/6/2023
262226,Timothy Castagne,20/6/2023
262749,David Raya,20/6/2023
262980,Jefferson Lerma,20/6/2023
263361,Maximilian Wöber,20/6/2023
270171,Vitaly Janelt,20/6/2023
272622,Issa Diop,20/6/2023
272642,Allan Saint-Maximin,20/6/2023
272855,Paul Onuachu,20/6/2023
272999,Miguel Almirón,20/6/2023
274839,Wilfred Ndidi,20/6/2023
275590,Kieffer Moore,20/6/2023
277033,David Brooks,20/6/2023
279455,Harry Wilson,20/6/2023
282823,Alfie Whiteman,20/6/2023
283628,Tomáš Souček,20/6/2023
284730,Manuel Akanji,20/6/2023
284857,Marc Cucurella,20/6/2023
285845,Ainsley Maitland-Niles,20/6/2023
288255,Donny van de Beek,20/6/2023
289446,Yerry Mina,20/6/2023
289592,Orel Mangala,20/6/2023
290532,Saïd Benrahma,20/6/2023
291200,Moussa Niakhaté,20/6/2023
292246,Hee-chan Hwang,20/6/2023
292417,Demarai Gray,20/6/2023
292808,Wout Faes,20/6/2023
293257,Matija Sarkic,20/6/2023
294057,James Maddison,20/6/2023
295313,Taiwo Awoniyi,20/6/2023
295330,Kelechi Iheanacho,20/6/2023
298091,Harry Souttar,20/6/2023
300716,Kieran Tierney,20/6/2023
302215,Naby Keïta,20/6/2023
306024,Dominic Calvert-Lewin,20/6/2023
309400,Kai Havertz,20/6/2023
314210,Tom Davies,20/6/2023
314353,Trent Alexander-Arnold,20/6/2023
314875,Jarrod Bowen,20/6/2023
315779,Christian Pulisic,20/6/2023
315867,Gianluca Scamacca,20/6/2023
315969,Scott McTominay,20/6/2023
316125,Ben Chilwell,20/6/2023
316264,Martin Ødegaard,20/6/2023
318523,Romain Perraud,20/6/2023
319301,Daniel James,20/6/2023
319859,Mathias Jensen,20/6/2023
320141,Çağlar Söyüncü,20/6/2023
320411,Philip Billing,20/6/2023
321247,Emiliano Buendía,20/6/2023
324223,James Bree,20/6/2023
324358,Ollie Watkins,20/6/2023
328658,Kristoffer Ajer,20/6/2023
328784,Robin Koch,20/6/2023
329145,Diego Carlos,20/6/2023
330085,Gustavo Scarpa,20/6/2023
331560,Takehiro Tomiyasu,20/6/2023
332697,Weston McKennie,20/6/2023
332705,Tyler Adams,20/6/2023
333241,Joelinton,20/6/2023
334526,Denis Zakaria,20/6/2023
335721,Ben White,20/6/2023
336869,Marc Roca,20/6/2023
338070,Konstantinos Tsimikas,20/6/2023
339314,Deniz Undav,20/6/2023
339340,Tyrell Malacia,20/6/2023
339556,Rico Henry,20/6/2023
340321,Josh Dasilva,20/6/2023
340324,Eddie Nketiah,20/6/2023
340325,Reiss Nelson,20/6/2023
340329,Joe Willock,20/6/2023
340918,Caoimhín Kelleher,20/6/2023
340950,Diogo Jota,20/6/2023
341051,Kyle Walker-Peters,20/6/2023
341429,Davinson Sánchez,20/6/2023
343475,Ben Godfrey,20/6/2023
344152,Odsonne Édouard,20/6/2023
344605,Boubakary Soumaré,20/6/2023
346018,Jamal Lewis,20/6/2023
346314,Trevoh Chalobah,20/6/2023
346478,Japhet Tanganga,20/6/2023
346482,Dan Nlundulu,20/6/2023
346483,Mason Mount,20/6/2023
346707,Sean Longstaff,20/6/2023
346779,Ché Adams,20/6/2023
348623,Mason Holgate,20/6/2023
349066,Alexander Isak,20/6/2023
349599,Pervis Estupiñán,20/6/2023
349701,Antonee Robinson,20/6/2023
351749,Kalvin Phillips,20/6/2023
354017,Adnan Kanuric,20/6/2023
354362,Rodrigo Bentancur,20/6/2023
355861,Arnaut Danjuma,20/6/2023
355915,Cristian Romero,20/6/2023
357119,Ibrahima Konaté,20/6/2023
357147,Diogo Dalot,20/6/2023
357158,Rúben Vinagre,20/6/2023
357565,Rodri,20/6/2023
357658,Mark Travers,20/6/2023
357662,Declan Rice,20/6/2023
357885,Pablo Fornals,20/6/2023
361093,Sven Botman,20/6/2023
361914,Nayef Aguerd,20/6/2023
362842,Arthur Melo,20/6/2023
363205,Gabriel Jesus,20/6/2023
365172,Patson Daka,20/6/2023
366930,Sergio Gómez,20/6/2023
369567,Sasa Kalajdzic,20/6/2023
369684,Rasmus Nissen Kristensen,20/6/2023
371256,Tetê,20/6/2023
371814,Nathaniel Phillips,20/6/2023
374139,Junior Firpo,20/6/2023
378710,Richarlison,20/6/2023
379807,Lyanco,20/6/2023
381967,Albert Sambi Lokonga,20/6/2023
384461,Jakub Moder,20/6/2023
387626,Leon Bailey,20/6/2023
388165,Yoane Wissa,20/6/2023
391005,Mads Roerslev,20/6/2023
391065,Hamed Traoré,20/6/2023
392757,Marc Guéhi,20/6/2023
392765,Emile Smith Rowe,20/6/2023
392775,Ryan Sessegnon,20/6/2023
393323,Brenden Aaronson,20/6/2023
394327,Boubacar Kamara,20/6/2023
396638,Manor Solomon,20/6/2023
398065,Harvey Barnes,20/6/2023
398402,Sam Surridge,20/6/2023
399434,Marcus Tavernier,20/6/2023
401173,Jadon Sancho,20/6/2023
403151,Robert Sánchez,20/6/2023
404842,Vitaliy Mykolenko,20/6/2023
406556,Tom McGill,20/6/2023
406558,Steven Sessegnon,20/6/2023
406635,Phil Foden,20/6/2023
406638,Oliver Skipp,20/6/2023
410425,Yves Bissouma,20/6/2023
410708,Pascal Struijk,20/6/2023
413032,Ibrahima Diallo,20/6/2023
413039,Bryan Mbeumo,20/6/2023
413220,James Justin,20/6/2023
413403,Ezri Konsa,20/6/2023
415970,Joe Worrall,20/6/2023
417346,Jack Harrison,20/6/2023
418560,Erling Haaland,20/6/2023
418561,Kristoffer Klaesson,20/6/2023
420002,Jean-Philippe Mateta,20/6/2023
420808,George Hirst,20/6/2023
421637,Frank Onyeka,20/6/2023
423744,Billy Gilmour,20/6/2023
424015,Nathan Patterson,20/6/2023
424881,Omar Richards,20/6/2023
425306,Matt Turner,20/6/2023
425334,Matty Cash,20/6/2023
425902,Ryan Yates,20/6/2023
425918,Jakub Kiwior,20/6/2023
427568,Aaron Ramsdale,20/6/2023
428016,Brandon Austin,20/6/2023
429014,Morgan Gibbs-White,20/6/2023
431755,Dejan Kulusevski,20/6/2023
433177,Bukayo Saka,20/6/2023
433188,Curtis Jones,20/6/2023
434675,Cody Gakpo,20/6/2023
435338,Gabriel,20/6/2023
439072,Matías Viña,20/6/2023
442248,Ethan Pinnock,20/6/2023
442531,Edouard Mendy,20/6/2023
444523,Lucas Paquetá,20/6/2023
444641,Louie Moulden,20/6/2023
447661,Douglas Luiz,20/6/2023
448854,Emmanuel Dennis,20/6/2023
456292,Ellery Balcombe,20/6/2023
462250,João Félix,20/6/2023
463603,Benoît Badiashile,20/6/2023
467563,Armel Bella-Kotchap,20/6/2023
468002,Ben Johnson,20/6/2023
468198,Joe Aribo,20/6/2023
469050,Nathan Collins,20/6/2023
469064,Gavin Kilkenny,20/6/2023
469781,Marcos Senesi,20/6/2023
470607,Brennan Johnson,20/6/2023
472423,Reece James,20/6/2023
473050,Kevin Schade,20/6/2023
474701,Crysencio Summerville,20/6/2023
475188,Kiernan Dewsbury-Hall,20/6/2023
475411,Wesley Fofana,20/6/2023
476344,Emerson Royal,20/6/2023
476352,Renan Lodi,20/6/2023
477758,Aaron Wan-Bissaka,20/6/2023
479999,Eberechi Eze,20/6/2023
480116,Lloyd Kelly,20/6/2023
480692,Luis Díaz,20/6/2023
480762,Lisandro Martínez,20/6/2023
480987,Chris Mepham,20/6/2023
484387,Matty Longstaff,20/6/2023
484389,Kell Watts,20/6/2023
484838,Viljami Sinisalo,20/6/2023
485424,Moussa Djenepo,20/6/2023
485706,Amadou Onana,20/6/2023
487465,Pedro Neto,20/6/2023
488362,Conor Gallagher,20/6/2023
495666,William Saliba,20/6/2023
503679,Rhys Williams,20/6/2023
503680,Neco Williams,20/6/2023
503733,Anthony Gordon,20/6/2023
503749,Jacob Ramsey,20/6/2023
503975,Joe Hodge,20/6/2023
503981,Tino Livramento,20/6/2023
503987,Noni Madueke,20/6/2023
503988,Alex Mighten,20/6/2023
504148,Tariq Lamptey,20/6/2023
504849,Kaoru Mitoma,20/6/2023
505194,Luke Thomas,20/6/2023
505219,James Garner,20/6/2023
506189,Flynn Downes,20/6/2023
507254,Nathan Ferguson,20/6/2023
507700,Brandon Williams,20/6/2023
511550,Ellis Simms,20/6/2023
512385,Luis Sinisterra,20/6/2023
517894,Matheus Cunha,20/6/2023
520624,Bruno Guimarães,20/6/2023
525247,Maximilian Kilman,20/6/2023
525287,Carlos Vinícius,20/6/2023
528888,Tyrese Francois,20/6/2023
532178,Sam Greenwood,20/6/2023
533523,Haydon Roberts,20/6/2023
533916,Shandon Baptiste,20/6/2023
534033,Alexis Mac Allister,20/6/2023
536507,Giulian Biancone,20/6/2023
537598,Fábio Vieira,20/6/2023
537860,Mykhaylo Mudryk,20/6/2023
538971,Naouirou Ahamada,20/6/2023
538977,Georginio Rutter,20/6/2023
540941,Mikkel Damsgaard,20/6/2023
542586,Illan Meslier,20/6/2023
543387,Cheick Doucouré,20/6/2023
546543,Darwin Núñez,20/6/2023
548470,Teden Mengi,20/6/2023
553875,Pedro Porro,20/6/2023
557612,Sékou Mara,20/6/2023
559130,Harrison Ashby,20/6/2023
559263,Fábio Carvalho,20/6/2023
563963,Mohammed Salisu,20/6/2023
564529,Victor Kristiansen,20/6/2023
565822,Harvey Elliott,20/6/2023
566723,Michael Olise,20/6/2023
567576,Elliot Anderson,20/6/2023
568005,Jeremy Sarmiento,20/6/2023
568177,Cole Palmer,20/6/2023
568693,Pape Matar Sarr,20/6/2023
571743,Armando Broja,20/6/2023
576024,Julián Alvarez,20/6/2023
576314,Jan Paul van Hecke,20/6/2023
578391,Rayan Aït-Nouri,20/6/2023
578539,Chris Richards,20/6/2023
582078,Will Dennis,20/6/2023
583189,Anthony Elanga,20/6/2023
583255,Antoine Semenyo,20/6/2023
584769,Dwight McNeil,20/6/2023
585550,Gavin Bazunu,20/6/2023
586986,Luke Plange,20/6/2023
587019,Fin Stevens,20/6/2023
591949,Aaron Hickey,20/6/2023
601883,Matheus Nunes,20/6/2023
602105,Antony,20/6/2023
606718,Toti,20/6/2023
614258,Levi Colwill,20/6/2023
627626,Wilfried Gnonto,20/6/2023
628451,Roméo Lavia,20/6/2023
633530,Jordan Zemura,20/6/2023
633652,Calvin Ramsay,20/6/2023
640026,Shola Shoretire,20/6/2023
644401,Keane Lewis-Potter,20/6/2023
646738,Juan Larios,20/6/2023
648046,Evan Ferguson,20/6/2023
648195,Enzo Fernández,20/6/2023
649020,Boubacar Traoré,20/6/2023
649317,Jhon Durán,20/6/2023
655488,Gabriel Martinelli,20/6/2023
655835,Christian Saydee,20/6/2023
656316,Gabriel Slonina,20/6/2023
659089,Ilya Zabarnyi,20/6/2023
659459,Carney Chukwuemeka,20/6/2023
660867,Julio Enciso,20/6/2023
667287,Yasin Ayari,20/6/2023
668547,Máximo Perrone,20/6/2023
670840,Joe Whitworth,20/6/2023
670858,Lewis Hall,20/6/2023
676318,Facundo Pellistri,20/6/2023
680806,Samuel Edozie,20/6/2023
684210,Jaidon Anthony,20/6/2023
686845,Zidane Iqbal,20/6/2023
687626,Moisés Caicedo,20/6/2023
695454,Chiquinho,20/6/2023
698678,Hugo Bueno,20/6/2023
701057,Rico Lewis,20/6/2023
730893,Tyrick Mitchell,20/6/2023
732119,Kaide Gordon,20/6/2023
735570,João Gomes,20/6/2023
741236,Matthew Cox,20/6/2023
746695,Kamaldeen Sulemana,20/6/2023
748319,Carlos Alcaraz,20/6/2023
787232,David Datro Fofana,20/6/2023
808509,Danilo,20/6/2023
811779,Alejandro Garnacho,20/6/2023
820374,Kobbie Mainoo,20/6/2023
823231,Dango Ouattara,20/6/2023
864799,Stefan Bajcetic,20/6/2023
983989,Facundo Buonanotte,20/6/2023
580030,James Furlong,26/6/2023
746554,Thierry Small,26/6/2023
696181,Romaine Mundle,27/6/2023
614084,Luke Matheson,30/6/2023
334056,Néstor Breitenbruch,4/7/2023
440371,Adrián Spörle,4/7/2023
617755,Jenson Seelt,4/7/2023
642521,Leonardo Marchi,4/7/2023
699689,Lucas Souto,4/7/2023
724866,Tomás Sultani,4/7/2023
894194,Felipe Peña Biafore,4/7/2023
907313,Emiliano Viveros,4/7/2023
995585,Santiago Toloza,4/7/2023
911946,Jorge Hurtado,7/7/2023
433188,Curtis Jones,12/7/2023
503733,Anthony Gordon,12/7/2023
503977,Taylor Harwood-Bellis,12/7/2023
505219,James Garner,12/7/2023
566799,James Trafford,12/7/2023
568177,Cole Palmer,12/7/2023
614258,Levi Colwill,12/7/2023
747951,Shea Charles,13/7/2023
743598,Ângelo,25/7/2023
743600,Andrey Santos,25/7/2023
742451,Carlos Forbs,2/8/2023
719673,Ben Gannon-Doak,22/8/2023
17965,Hugo Lloris,9/10/2023
42460,Ivan Perišić,9/10/2023
60444,Thiago Alcántara,9/10/2023
69633,Christian Eriksen,9/10/2023
77757,Thomas Kaminski,9/10/2023
102017,Jorginho,9/10/2023
110864,Sam Johnstone,9/10/2023
120629,Alphonse Areola,9/10/2023
124419,Odysseas Vlachodimos,9/10/2023
125714,Mark Flekken,9/10/2023
131978,Ross Barkley,9/10/2023
134425,Raheem Sterling,9/10/2023
146310,Wataru Endo,9/10/2023
167799,Pierre-Emile Højbjerg,9/10/2023
207929,Dele Alli,9/10/2023
228948,Thilo Kehrer,9/10/2023
234509,André Onana,9/10/2023
236490,Ola Aina,9/10/2023
246963,Carlton Morris,9/10/2023
249565,Youri Tielemans,9/10/2023
257455,João Palhinha,9/10/2023
258878,Tosin Adarabioyo,9/10/2023
258923,Marcus Rashford,9/10/2023
262226,Timothy Castagne,9/10/2023
262749,David Raya,9/10/2023
272622,Issa Diop,9/10/2023
284857,Marc Cucurella,9/10/2023
286047,Guglielmo Vicario,9/10/2023
288255,Donny van de Beek,9/10/2023
289592,Orel Mangala,9/10/2023
292246,Hee-chan Hwang,9/10/2023
294057,James Maddison,9/10/2023
295313,Taiwo Awoniyi,9/10/2023
309400,Kai Havertz,9/10/2023
314875,Jarrod Bowen,9/10/2023
319859,Mathias Jensen,9/10/2023
322985,Gustavo Hamer,9/10/2023
324358,Ollie Watkins,9/10/2023
329145,Diego Carlos,9/10/2023
332705,Tyler Adams,9/10/2023
336077,Altay Bayındır,9/10/2023
340324,Eddie Nketiah,9/10/2023
340918,Caoimhín Kelleher,9/10/2023
344152,Odsonne Édouard,9/10/2023
344830,Tahith Chong,9/10/2023
349599,Pervis Estupiñán,9/10/2023
351749,Kalvin Phillips,9/10/2023
355861,Arnaut Danjuma,9/10/2023
357565,Rodri,9/10/2023
357662,Declan Rice,9/10/2023
369567,Sasa Kalajdzic,9/10/2023
371021,Arijanet Murić,9/10/2023
378710,Richarlison,9/10/2023
380350,Igor Julio,9/10/2023
381469,Steven Benda,9/10/2023
386047,Axel Disasi,9/10/2023
389253,Auston Trusty,9/10/2023
392765,Emile Smith Rowe,9/10/2023
392768,Callum Hudson-Odoi,9/10/2023
395516,Moussa Diaby,9/10/2023
397033,Sandro Tonali,9/10/2023
401173,Jadon Sancho,9/10/2023
403151,Robert Sánchez,9/10/2023
407021,Mads Andersen,9/10/2023
410425,Yves Bissouma,9/10/2023
423744,Billy Gilmour,9/10/2023
425306,Matt Turner,9/10/2023
427568,Aaron Ramsdale,9/10/2023
428016,Brandon Austin,9/10/2023
433188,Curtis Jones,9/10/2023
444523,Lucas Paquetá,9/10/2023
447661,Douglas Luiz,9/10/2023
450050,Jean-Ricner Bellegarde,9/10/2023
451276,Dominik Szoboszlai,9/10/2023
465555,Djordje Petrovic,9/10/2023
467623,Lyle Foster,9/10/2023
469958,Jacob Brown,9/10/2023
470607,Brennan Johnson,9/10/2023
472423,Reece James,9/10/2023
475411,Wesley Fofana,9/10/2023
475959,Josko Gvardiol,9/10/2023
478573,Ryan Gravenberch,9/10/2023
479999,Eberechi Eze,9/10/2023
485585,Ian Maatsen,9/10/2023
485706,Amadou Onana,9/10/2023
486049,Jérémy Doku,9/10/2023
486604,Vitezslav Jaros,9/10/2023
487465,Pedro Neto,9/10/2023
488362,Conor Gallagher,9/10/2023
490606,Lucas Bergström,9/10/2023
493513,Karl Hein,9/10/2023
495666,William Saliba,9/10/2023
503733,Anthony Gordon,9/10/2023
503981,Tino Livramento,9/10/2023
504581,Ryan Giles,9/10/2023
504849,Kaoru Mitoma,9/10/2023
505653,Fábio Silva,9/10/2023
512385,Luis Sinisterra,9/10/2023
517894,Matheus Cunha,9/10/2023
520624,Bruno Guimarães,9/10/2023
525247,Maximilian Kilman,9/10/2023
533662,Cameron Archer,9/10/2023
537860,Mykhaylo Mudryk,9/10/2023
548729,Zeki Amdouni,9/10/2023
556385,Destiny Udogie,9/10/2023
557459,Micky van de Ven,9/10/2023
565093,Bart Verbruggen,9/10/2023
566723,Michael Olise,9/10/2023
566832,Josh Brooking,9/10/2023
567576,Elliot Anderson,9/10/2023
568177,Cole Palmer,9/10/2023
568693,Pape Matar Sarr,9/10/2023
576024,Julián Alvarez,9/10/2023
576099,Joseph Anang,9/10/2023
578391,Rayan Aït-Nouri,9/10/2023
583952,James Sweet,9/10/2023
586834,Jesurun Rak-Sakyi,9/10/2023
591949,Aaron Hickey,9/10/2023
601883,Matheus Nunes,9/10/2023
602105,Antony,9/10/2023
607224,Hannibal,9/10/2023
609556,William Osula,9/10/2023
610442,Rasmus Højlund,9/10/2023
610863,Filip Marschall,9/10/2023
614258,Levi Colwill,9/10/2023
620598,Ameen Al-Dakhil,9/10/2023
621993,Andrew Omobamidele,9/10/2023
622236,Radek Vítek,9/10/2023
628451,Roméo Lavia,9/10/2023
632349,Jarell Quansah,9/10/2023
638649,Femi Seriki,9/10/2023
646333,Ben Greenwood,9/10/2023
646658,Aaron Ramsey,9/10/2023
648046,Evan Ferguson,9/10/2023
649317,Jhon Durán,9/10/2023
652797,Micah Hamilton,9/10/2023
658536,Simon Adingra,9/10/2023
661053,Jarrad Branthwaite,9/10/2023
661207,Oscar Bobb,9/10/2023
663581,Vini Souza,9/10/2023
670688,Youssef Chermiti,9/10/2023
670845,Omari Forson,9/10/2023
670848,Divin Mubama,9/10/2023
670850,Alex Matos,9/10/2023
670858,Lewis Hall,9/10/2023
670859,Antwoine Hackford,9/10/2023
676318,Facundo Pellistri,9/10/2023
687626,Moisés Caicedo,9/10/2023
711999,Lesley Ugochukwu,9/10/2023
717411,Yegor Yarmolyuk,9/10/2023
719673,Ben Gannon-Doak,9/10/2023
730861,Milos Kerkez,9/10/2023
732120,Eddie Beach,9/10/2023
734425,Michael Olakigbe,9/10/2023
735570,João Gomes,9/10/2023
743498,Wilson Odobert,9/10/2023
743597,Matheus França,9/10/2023
745461,Luca Koleosho,9/10/2023
747153,Dan Gore,9/10/2023
747996,Val Adedokun,9/10/2023
776890,Nicolas Jackson,9/10/2023
790992,Alfie Gilchrist,9/10/2023
796037,Charles Sagoe Jr,9/10/2023
796305,Jamie Donley,9/10/2023
814820,Ademola Ola-Adebomi,9/10/2023
817611,Matt Dibley-Dias,9/10/2023
817612,Luke Harris,9/10/2023
818237,Tommi O'Reilly,9/10/2023
825024,Ronnie Stutter,9/10/2023
845289,James McConnell,9/10/2023
845321,Kaelan Casey,9/10/2023
852024,Bénie Traoré,9/10/2023
863741,Nathan Fraser,9/10/2023
867688,Jack Hinshelwood,9/10/2023
875929,Josh Feeney,9/10/2023
878150,Amario Cozier-Duberry,9/10/2023
878160,Reuell Walters,9/10/2023
888493,Alejo Veliz,9/10/2023
921995,Luc De Fougerolles,9/10/2023
922698,Ishé Samuels-Smith,9/10/2023
922769,Lewis Miley,9/10/2023
926135,Omari Kellyman,9/10/2023
953135,Callum Marshall,9/10/2023
965954,Jake Burger,9/10/2023
973085,Carlos Baleba,9/10/2023
1005649,Murillo,9/10/2023
1019170,Aidan Harris,9/10/2023
1060740,Enso González,9/10/2023
1072898,Jili Buyabu,9/10/2023
1082850,Deivid Washington,9/10/2023
1088817,Jayden Luker,9/10/2023
1088818,Joe Johnson,9/10/2023
75067,Liam Cooper,27/10/2023
95795,Václav Hladký,27/10/2023
95976,Alex McCarthy,27/10/2023
120186,Daniel Bachmann,27/10/2023
121385,Grant Hanley,27/10/2023
128901,Conor Coady,27/10/2023
130765,Stuart Armstrong,27/10/2023
146795,Ryan Fraser,27/10/2023
163744,Jack Stephens,27/10/2023
181687,Massimo Luongo,27/10/2023
183334,Patrick Bamford,27/10/2023
197838,Jamie Vardy,27/10/2023
203026,Danny Ward,27/10/2023
208379,Christian Walton,27/10/2023
238185,Rhys Healey,27/10/2023
242632,Glen Kamara,27/10/2023
243028,Jan Bednarek,27/10/2023
249126,Harry Winks,27/10/2023
249356,Jack Stacey,27/10/2023
250426,Adam Armstrong,27/10/2023
274839,Wilfred Ndidi,27/10/2023
297212,Joe Rodon,27/10/2023
298091,Harry Souttar,27/10/2023
340328,Stephy Mavididi,27/10/2023
341051,Kyle Walker-Peters,27/10/2023
342046,Axel Tuanzebe,27/10/2023
344009,Nathan Broadhead,27/10/2023
346018,Jamal Lewis,27/10/2023
346779,Ché Adams,27/10/2023
348623,Mason Holgate,27/10/2023
357658,Mark Travers,27/10/2023
365172,Patson Daka,27/10/2023
369962,Joël Piroe,27/10/2023
374139,Junior Firpo,27/10/2023
381753,Ilia Gruev,27/10/2023
383109,Przemyslaw Placheta,27/10/2023
392771,Ethan Ampadu,27/10/2023
400536,Mads Hermansen,27/10/2023
412616,Giorgi Chakvetadze,27/10/2023
413220,James Justin,27/10/2023
420808,George Hirst,27/10/2023
468198,Joe Aribo,27/10/2023
475188,Kiernan Dewsbury-Hall,27/10/2023
483348,Djed Spence,27/10/2023
486144,Jakub Stolarczyk,27/10/2023
486477,Edo Kayembe,27/10/2023
495033,Nathan Bishop,27/10/2023
503980,Joe Gelhardt,27/10/2023
507700,Brandon Williams,27/10/2023
525919,Mileta Rajović,27/10/2023
553469,Gabriel Sara,27/10/2023
557612,Sékou Mara,27/10/2023
559794,Jack Clarke,27/10/2023
570864,Tony Springett,27/10/2023
587003,Lewis Bate,27/10/2023
596446,Leif Davis,27/10/2023
597659,Charlie Cresswell,27/10/2023
610621,James Morris,27/10/2023
618901,Sam McCallum,27/10/2023
621193,Kasey McAteer,27/10/2023
621997,Cieran Slicker,27/10/2023
663264,Darko Gyabi,27/10/2023
669366,Tom Cannon,27/10/2023
670883,Dane Scarlett,27/10/2023
670988,Wanya Marçal,27/10/2023
741238,Omari Hutchinson,27/10/2023
746695,Kamaldeen Sulemana,27/10/2023
747951,Shea Charles,27/10/2023
796297,Jobe Bellingham,27/10/2023
803401,Ryan Andrews,27/10/2023
864121,Abdul Fatawu,27/10/2023
874080,Mason Burstow,27/10/2023
922693,Archie Gray,27/10/2023
933900,Samuel Amo-Ameyaw,27/10/2023
947411,Chris Rigg,27/10/2023
957224,Nectarios Triantis,27/10/2023
967346,Eliezer Mayenda,27/10/2023
961642,Chris Donnell,24/11/2023
3333,James Milner,19/12/2023
14044,Andy Lonergan,19/12/2023
14086,Ashley Young,19/12/2023
14555,Scott Carson,19/12/2023
16306,Casemiro,19/12/2023
17965,Hugo Lloris,19/12/2023
29241,Thiago Silva,19/12/2023
29692,Lukasz Fabianski,19/12/2023
33027,Tim Krul,19/12/2023
34130,Tom Heaton,19/12/2023
40613,Jack Cork,19/12/2023
42412,Jonny Evans,19/12/2023
42460,Ivan Perišić,19/12/2023
43530,Adam Lallana,19/12/2023
45494,Wayne Hennessey,19/12/2023
48002,Angelo Ogbonna,19/12/2023
51321,Darren Randolph,19/12/2023
51471,Mateo Kovacic,19/12/2023
52059,Zanka,19/12/2023
52495,Chris Basham,19/12/2023
52570,Fraser Forster,19/12/2023
52769,Willian,19/12/2023
53360,Jay Rodríguez,19/12/2023
54383,John Fleck,19/12/2023
55742,Harry Arter,19/12/2023
60444,Thiago Alcántara,19/12/2023
61592,James Tomkins,19/12/2023
61697,Wes Foderingham,19/12/2023
61841,Adam Smith,19/12/2023
61842,Andros Townsend,19/12/2023
66934,Cheikhou Kouyaté,19/12/2023
67063,Danny Welbeck,19/12/2023
68390,Séamus Coleman,19/12/2023
69633,Christian Eriksen,19/12/2023
71271,Adrián San Miguel,19/12/2023
72476,Bernd Leno,19/12/2023
73547,Oliver Norwood,19/12/2023
73564,Jason Steele,19/12/2023
74230,Pablo Sarabia,19/12/2023
74810,Ben Mee,19/12/2023
74960,Martin Dúbravka,19/12/2023
75458,Robin Olsen,19/12/2023
77757,Thomas Kaminski,19/12/2023
82105,Joel Matip,19/12/2023
82873,Pascal Groß,19/12/2023
85177,Nathaniel Clyne,19/12/2023
85864,Loris Karius,19/12/2023
85941,Stefan Ortega,19/12/2023
88755,Kevin De Bruyne,19/12/2023
89231,Jóhann Berg Gudmundsson,19/12/2023
91340,James Shea,19/12/2023
91845,Heung-min Son,19/12/2023
92469,Matt Ritchie,19/12/2023
92571,Aaron Cresswell,19/12/2023
92572,Joel Ward,19/12/2023
95424,Kyle Walker,19/12/2023
95810,Kieran Trippier,19/12/2023
102017,Jorginho,19/12/2023
104124,Michail Antonio,19/12/2023
105470,Alisson,19/12/2023
108354,Jordan Ayew,19/12/2023
108725,Chris Wood,19/12/2023
110864,Sam Johnstone,19/12/2023
111195,Joël Veltman,19/12/2023
111819,Neto,19/12/2023
111873,Emiliano Martínez,19/12/2023
112988,Cédric Soares,19/12/2023
116648,Marcus Bettinelli,19/12/2023
118534,Michael Keane,19/12/2023
120629,Alphonse Areola,19/12/2023
121254,Adam Davies,19/12/2023
121324,John Egan,19/12/2023
121477,Craig Dawson,19/12/2023
123275,Tom Cairney,19/12/2023
123682,Callum Wilson,19/12/2023
124419,Odysseas Vlachodimos,19/12/2023
125685,Luke Berry,19/12/2023
125714,Mark Flekken,19/12/2023
126664,Lucas Digne,19/12/2023
126665,Idrissa Gueye,19/12/2023
127032,Serge Aurier,19/12/2023
127187,Abdoulaye Doucouré,19/12/2023
128909,Jack Robinson,19/12/2023
129078,Nathan Redmond,19/12/2023
130164,Jordan Pickford,19/12/2023
131978,Ross Barkley,19/12/2023
131996,Bertrand Traoré,19/12/2023
134270,Dan Burn,19/12/2023
134294,Danny Ings,19/12/2023
134425,Raheem Sterling,19/12/2023
135343,Fabian Schär,19/12/2023
136401,Daniel Bentley,19/12/2023
139208,Virgil van Dijk,19/12/2023
140191,Ryan Fredericks,19/12/2023
142310,Willy Boly,19/12/2023
142389,Mark Gillespie,19/12/2023
144028,Leandro Trossard,19/12/2023
145466,Tim Ream,19/12/2023
146310,Wataru Endo,19/12/2023
146690,George Baldock,19/12/2023
148153,Lewis Dunk,19/12/2023
148367,Christian Nørgaard,19/12/2023
148368,Divock Origi,19/12/2023
148455,Mohamed Salah,19/12/2023
156501,Felipe,19/12/2023
157506,Jeffrey Schlupp,19/12/2023
157509,Kurt Zouma,19/12/2023
157672,Vladimír Coufal,19/12/2023
160438,Mohamed Elneny,19/12/2023
162029,Javier Manquillo,19/12/2023
164770,Raphaël Varane,19/12/2023
167799,Pierre-Emile Højbjerg,19/12/2023
168157,Leander Dendoncker,19/12/2023
169801,Cauley Woodrow,19/12/2023
170321,Paul Dummett,19/12/2023
170934,Mario Lemina,19/12/2023
171679,Matt Doherty,19/12/2023
173504,James Tarkowski,19/12/2023
175446,Jonny Otto,19/12/2023
175722,Eric Dier,19/12/2023
177476,Nathan Aké,19/12/2023
177907,Harry Maguire,19/12/2023
181579,James Ward-Prowse,19/12/2023
181778,Emerson,19/12/2023
182877,Anthony Martial,19/12/2023
182904,Clément Lenglet,19/12/2023
183288,Luke Shaw,19/12/2023
183293,Joe Rothwell,19/12/2023
183318,Jamaal Lascelles,19/12/2023
184129,Jordan Clark,19/12/2023
184528,Emil Krafth,19/12/2023
184573,Victor Lindelöf,19/12/2023
186186,Bobby De Cordova-Reid,19/12/2023
186590,John Stones,19/12/2023
186901,Marek Rodák,19/12/2023
188077,Ryan Christie,19/12/2023
191422,Mahmoud Dahoud,19/12/2023
192080,Nick Pope,19/12/2023
192765,Ben Davies,19/12/2023
193098,Álex Moreno,19/12/2023
193116,John McGinn,19/12/2023
195633,Charlie Taylor,19/12/2023
196722,Remi Matthews,19/12/2023
198516,Harry Toffolo,19/12/2023
199527,Jacob Murphy,19/12/2023
203394,Andreas Pereira,19/12/2023
203460,Jack Grealish,19/12/2023
203853,Oleksandr Zinchenko,19/12/2023
204103,Adama Traoré,19/12/2023
204294,Saman Ghoddos,19/12/2023
206040,Raúl Jiménez,19/12/2023
206746,Kenny Tete,19/12/2023
207014,Will Hughes,19/12/2023
207037,Dan Potts,19/12/2023
207742,Tom Lockyer,19/12/2023
207929,Dele Alli,19/12/2023
209212,Solly March,19/12/2023
212847,Adam Webster,19/12/2023
214666,Connor Roberts,19/12/2023
215118,Calum Chambers,19/12/2023
215810,Tom King,19/12/2023
217115,Neal Maupay,19/12/2023
218087,Ben Osborn,19/12/2023
221025,André Gomes,19/12/2023
221624,Zack Steffen,19/12/2023
222209,Thomas Strakosha,19/12/2023
226973,Harrison Reed,19/12/2023
228948,Thilo Kehrer,19/12/2023
230784,Thomas Partey,19/12/2023
231572,Nélson Semedo,19/12/2023
232964,Emiliano Marcondes,19/12/2023
233124,Kortney Hause,19/12/2023
234509,André Onana,19/12/2023
234781,Maxwel Cornet,19/12/2023
234803,Andrew Robertson,19/12/2023
236490,Ola Aina,19/12/2023
238223,Ederson,19/12/2023
240306,Bruno Fernandes,19/12/2023
241481,Jaïro Riedewald,19/12/2023
241641,Bernardo Silva,19/12/2023
242284,Ethan Horvath,19/12/2023
242606,Josh Cullen,19/12/2023
242631,Alex Iwobi,19/12/2023
243591,Lawrence Vigouroux,19/12/2023
244338,Pelly Ruddock Mpanzu,19/12/2023
245056,Saša Lukić,19/12/2023
246963,Carlton Morris,19/12/2023
249089,Lewis Cook,19/12/2023
249565,Youri Tielemans,19/12/2023
249994,José Sá,19/12/2023
250478,Matt Targett,19/12/2023
251664,Ivan Toney,19/12/2023
253341,Rob Holding,19/12/2023
253677,Tyrone Mings,19/12/2023
255906,Scott McKenna,19/12/2023
256178,Joe Gomez,19/12/2023
257455,João Palhinha,19/12/2023
258004,Rúben Dias,19/12/2023
258878,Tosin Adarabioyo,19/12/2023
258885,Max Lowe,19/12/2023
258889,Dominic Solanke,19/12/2023
258919,Dean Henderson,19/12/2023
258923,Marcus Rashford,19/12/2023
260827,Joachim Andersen,19/12/2023
262226,Timothy Castagne,19/12/2023
262749,David Raya,19/12/2023
262980,Jefferson Lerma,19/12/2023
264220,Reece Burke,19/12/2023
270171,Vitaly Janelt,19/12/2023
272622,Issa Diop,19/12/2023
272999,Miguel Almirón,19/12/2023
275590,Kieffer Moore,19/12/2023
277033,David Brooks,19/12/2023
278166,Amari'i Bell,19/12/2023
279455,Harry Wilson,19/12/2023
282429,Sergio Reguilón,19/12/2023
282823,Alfie Whiteman,19/12/2023
283628,Tomáš Souček,19/12/2023
284730,Manuel Akanji,19/12/2023
284857,Marc Cucurella,19/12/2023
286047,Guglielmo Vicario,19/12/2023
287579,Sofyan Amrabat,19/12/2023
288255,Donny van de Beek,19/12/2023
289592,Orel Mangala,19/12/2023
290532,Saïd Benrahma,19/12/2023
291200,Moussa Niakhaté,19/12/2023
292246,Hee-chan Hwang,19/12/2023
293281,Jacob Bruun Larsen,19/12/2023
293569,Josh Brownhill,19/12/2023
294057,James Maddison,19/12/2023
295313,Taiwo Awoniyi,19/12/2023
296422,Fodé Ballo-Touré,19/12/2023
298477,Oli McBurnie,19/12/2023
303657,Ionuț Radu,19/12/2023
306024,Dominic Calvert-Lewin,19/12/2023
309400,Kai Havertz,19/12/2023
314210,Tom Davies,19/12/2023
314353,Trent Alexander-Arnold,19/12/2023
314875,Jarrod Bowen,19/12/2023
315969,Scott McTominay,19/12/2023
316125,Ben Chilwell,19/12/2023
316264,Martin Ødegaard,19/12/2023
319859,Mathias Jensen,19/12/2023
319900,Elijah Adebayo,19/12/2023
320411,Philip Billing,19/12/2023
321247,Emiliano Buendía,19/12/2023
322702,Benson Manuel,19/12/2023
322985,Gustavo Hamer,19/12/2023
324358,Ollie Watkins,19/12/2023
324882,Marvelous Nakamba,19/12/2023
328658,Kristoffer Ajer,19/12/2023
329145,Diego Carlos,19/12/2023
329813,João Virgínia,19/12/2023
330659,Justin Kluivert,19/12/2023
331560,Takehiro Tomiyasu,19/12/2023
332705,Tyler Adams,19/12/2023
333014,Sander Berge,19/12/2023
333241,Joelinton,19/12/2023
334056,Néstor Breitenbruch,19/12/2023
335721,Ben White,19/12/2023
336077,Altay Bayındır,19/12/2023
338070,Konstantinos Tsimikas,19/12/2023
338635,Hannes Delcroix,19/12/2023
339340,Tyrell Malacia,19/12/2023
339556,Rico Henry,19/12/2023
340321,Josh Dasilva,19/12/2023
340324,Eddie Nketiah,19/12/2023
340325,Reiss Nelson,19/12/2023
340329,Joe Willock,19/12/2023
340918,Caoimhín Kelleher,19/12/2023
340950,Diogo Jota,19/12/2023
343475,Ben Godfrey,19/12/2023
344152,Odsonne Édouard,19/12/2023
344381,Christopher Nkunku,19/12/2023
344596,Malang Sarr,19/12/2023
344830,Tahith Chong,19/12/2023
346314,Trevoh Chalobah,19/12/2023
346483,Mason Mount,19/12/2023
346707,Sean Longstaff,19/12/2023
348795,Giovani Lo Celso,19/12/2023
349066,Alexander Isak,19/12/2023
349599,Pervis Estupiñán,19/12/2023
349701,Antonee Robinson,19/12/2023
351749,Kalvin Phillips,19/12/2023
354362,Rodrigo Bentancur,19/12/2023
355861,Arnaut Danjuma,19/12/2023
355915,Cristian Romero,19/12/2023
357119,Ibrahima Konaté,19/12/2023
357147,Diogo Dalot,19/12/2023
357565,Rodri,19/12/2023
357658,Mark Travers,19/12/2023
357662,Declan Rice,19/12/2023
357885,Pablo Fornals,19/12/2023
361093,Sven Botman,19/12/2023
361914,Nayef Aguerd,19/12/2023
363205,Gabriel Jesus,19/12/2023
364409,Gabriel Osho,19/12/2023
366930,Sergio Gómez,19/12/2023
369567,Sasa Kalajdzic,19/12/2023
371021,Arijanet Murić,19/12/2023
375885,Ibrahim Sangaré,19/12/2023
376856,Charlie Goode,19/12/2023
377468,Anel Ahmedhodzic,19/12/2023
378710,Richarlison,19/12/2023
380350,Igor Julio,19/12/2023
381469,Steven Benda,19/12/2023
381963,Mike Tresor,19/12/2023
381967,Albert Sambi Lokonga,19/12/2023
384461,Jakub Moder,19/12/2023
385412,Jordan Amissah,19/12/2023
386047,Axel Disasi,19/12/2023
386786,Darko Churlinov,19/12/2023
387626,Leon Bailey,19/12/2023
388165,Yoane Wissa,19/12/2023
389253,Auston Trusty,19/12/2023
391005,Mads Roerslev,19/12/2023
391065,Hamed Traoré,19/12/2023
392085,Nicolò Zaniolo,19/12/2023
392179,Hjalmar Ekdal,19/12/2023
392591,Chiedozie Ogbene,19/12/2023
392757,Marc Guéhi,19/12/2023
392765,Emile Smith Rowe,19/12/2023
392768,Callum Hudson-Odoi,19/12/2023
392775,Ryan Sessegnon,19/12/2023
394327,Boubacar Kamara,19/12/2023
395516,Moussa Diaby,19/12/2023
396638,Manor Solomon,19/12/2023
397033,Sandro Tonali,19/12/2023
398065,Harvey Barnes,19/12/2023
399434,Marcus Tavernier,19/12/2023
399776,Pau Torres,19/12/2023
401173,Jadon Sancho,19/12/2023
401320,Dara O'Shea,19/12/2023
401356,Edson Álvarez,19/12/2023
402733,Gonzalo Montiel,19/12/2023
403151,Robert Sánchez,19/12/2023
403898,Jordan Beyer,19/12/2023
404842,Vitaliy Mykolenko,19/12/2023
406556,Tom McGill,19/12/2023
406560,Rhian Brewster,19/12/2023
406635,Phil Foden,19/12/2023
406638,Oliver Skipp,19/12/2023
407021,Mads Andersen,19/12/2023
410425,Yves Bissouma,19/12/2023
413039,Bryan Mbeumo,19/12/2023
413403,Ezri Konsa,19/12/2023
415646,Bruno Jordão,19/12/2023
415912,Konstantinos Mavropanos,19/12/2023
415970,Joe Worrall,19/12/2023
417346,Jack Harrison,19/12/2023
418560,Erling Haaland,19/12/2023
419025,Conor Coventry,19/12/2023
420002,Jean-Philippe Mateta,19/12/2023
420243,Jurriën Timber,19/12/2023
421637,Frank Onyeka,19/12/2023
423744,Billy Gilmour,19/12/2023
424015,Nathan Patterson,19/12/2023
425306,Matt Turner,19/12/2023
425334,Matty Cash,19/12/2023
425902,Ryan Yates,19/12/2023
425918,Jakub Kiwior,19/12/2023
427568,Aaron Ramsdale,19/12/2023
428016,Brandon Austin,19/12/2023
429014,Morgan Gibbs-White,19/12/2023
431755,Dejan Kulusevski,19/12/2023
433177,Bukayo Saka,19/12/2023
433183,Tommy Doyle,19/12/2023
433188,Curtis Jones,19/12/2023
434675,Cody Gakpo,19/12/2023
435338,Gabriel,19/12/2023
438001,Santiago Bueno,19/12/2023
440371,Adrián Spörle,19/12/2023
442248,Ethan Pinnock,19/12/2023
444208,Michael Obafemi,19/12/2023
444523,Lucas Paquetá,19/12/2023
447661,Douglas Luiz,19/12/2023
450050,Jean-Ricner Bellegarde,19/12/2023
451276,Dominik Szoboszlai,19/12/2023
456292,Ellery Balcombe,19/12/2023
461883,Calvin Bassey,19/12/2023
463603,Benoît Badiashile,19/12/2023
465555,Djordje Petrovic,19/12/2023
465717,Jayden Bogle,19/12/2023
466810,Ansu Fati,19/12/2023
467623,Lyle Foster,19/12/2023
468002,Ben Johnson,19/12/2023
468249,Vitinho,19/12/2023
469050,Nathan Collins,19/12/2023
469064,Gavin Kilkenny,19/12/2023
469781,Marcos Senesi,19/12/2023
469958,Jacob Brown,19/12/2023
470607,Brennan Johnson,19/12/2023
471690,Max Aarons,19/12/2023
472423,Reece James,19/12/2023
473050,Kevin Schade,19/12/2023
475411,Wesley Fofana,19/12/2023
475959,Josko Gvardiol,19/12/2023
476344,Emerson Royal,19/12/2023
477758,Aaron Wan-Bissaka,19/12/2023
478573,Ryan Gravenberch,19/12/2023
479999,Eberechi Eze,19/12/2023
480116,Lloyd Kelly,19/12/2023
480692,Luis Díaz,19/12/2023
480762,Lisandro Martínez,19/12/2023
480987,Chris Mepham,19/12/2023
485585,Ian Maatsen,19/12/2023
485706,Amadou Onana,19/12/2023
486049,Jérémy Doku,19/12/2023
486604,Vitezslav Jaros,19/12/2023
487465,Pedro Neto,19/12/2023
488362,Conor Gallagher,19/12/2023
490224,Ismaila Coulibaly,19/12/2023
490606,Lucas Bergström,19/12/2023
491296,Anass Zaroury,19/12/2023
493513,Karl Hein,19/12/2023
495666,William Saliba,19/12/2023
497291,Nicolás Domínguez,19/12/2023
502070,George Wickens,19/12/2023
503680,Neco Williams,19/12/2023
503733,Anthony Gordon,19/12/2023
503749,Jacob Ramsey,19/12/2023
503975,Joe Hodge,19/12/2023
503981,Tino Livramento,19/12/2023
503987,Noni Madueke,19/12/2023
504148,Tariq Lamptey,19/12/2023
504581,Ryan Giles,19/12/2023
504849,Kaoru Mitoma,19/12/2023
505194,Luke Thomas,19/12/2023
505219,James Garner,19/12/2023
505653,Fábio Silva,19/12/2023
507254,Nathan Ferguson,19/12/2023
512354,Malcolm Ebiowei,19/12/2023
512385,Luis Sinisterra,19/12/2023
517894,Matheus Cunha,19/12/2023
520624,Bruno Guimarães,19/12/2023
525247,Maximilian Kilman,19/12/2023
525287,Carlos Vinícius,19/12/2023
528888,Tyrese Francois,19/12/2023
533086,Amadou Diallo,19/12/2023
533662,Cameron Archer,19/12/2023
533916,Shandon Baptiste,19/12/2023
534033,Alexis Mac Allister,19/12/2023
535955,Nuno Tavares,19/12/2023
536508,Han-Noah Massengo,19/12/2023
536835,Amad Diallo,19/12/2023
537382,Bryan Gil,19/12/2023
537598,Fábio Vieira,19/12/2023
537860,Mykhaylo Mudryk,19/12/2023
538971,Naouirou Ahamada,19/12/2023
539810,Kristian Sekularac,19/12/2023
540941,Mikkel Damsgaard,19/12/2023
543164,Rhys Norrington-Davies,19/12/2023
543387,Cheick Doucouré,19/12/2023
543499,Mohammed Kudus,19/12/2023
546543,Darwin Núñez,19/12/2023
546712,Anis Ben Slimane,19/12/2023
548470,Teden Mengi,19/12/2023
548729,Zeki Amdouni,19/12/2023
553875,Pedro Porro,19/12/2023
554251,Yasser Larouci,19/12/2023
556385,Destiny Udogie,19/12/2023
557459,Micky van de Ven,19/12/2023
561452,Dan Chesters,19/12/2023
565093,Bart Verbruggen,19/12/2023
565822,Harvey Elliott,19/12/2023
565846,Imari Samuels,19/12/2023
566723,Michael Olise,19/12/2023
566799,James Trafford,19/12/2023
566832,Josh Brooking,19/12/2023
567576,Elliot Anderson,19/12/2023
568177,Cole Palmer,19/12/2023
568693,Pape Matar Sarr,19/12/2023
571743,Armando Broja,19/12/2023
574420,Mackenzie Hunt,19/12/2023
576024,Julián Alvarez,19/12/2023
576099,Joseph Anang,19/12/2023
576314,Jan Paul van Hecke,19/12/2023
578391,Rayan Aït-Nouri,19/12/2023
578539,Chris Richards,19/12/2023
581669,CJ Egan-Riley,19/12/2023
581683,Nile John,19/12/2023
583189,Anthony Elanga,19/12/2023
583199,James McAtee,19/12/2023
583255,Antoine Semenyo,19/12/2023
583952,James Sweet,19/12/2023
584769,Dwight McNeil,19/12/2023
586834,Jesurun Rak-Sakyi,19/12/2023
587002,Myles Peart-Harris,19/12/2023
591949,Aaron Hickey,19/12/2023
595809,Beto,19/12/2023
601883,Matheus Nunes,19/12/2023
602105,Antony,19/12/2023
606576,Denis Franchi,19/12/2023
606718,Toti,19/12/2023
607224,Hannibal,19/12/2023
608175,Alfie Doughty,19/12/2023
609556,William Osula,19/12/2023
610442,Rasmus Højlund,19/12/2023
610863,Filip Marschall,19/12/2023
614258,Levi Colwill,19/12/2023
620322,Malo Gusto,19/12/2023
620598,Ameen Al-Dakhil,19/12/2023
621993,Andrew Omobamidele,19/12/2023
622236,Radek Vítek,19/12/2023
624258,Conor Bradley,19/12/2023
626291,Lucas De Bolle,19/12/2023
626724,João Pedro,19/12/2023
627248,Lewis Dobbin,19/12/2023
628451,Roméo Lavia,19/12/2023
631996,Brandon Aguilera,19/12/2023
632349,Jarell Quansah,19/12/2023
638649,Femi Seriki,19/12/2023
640026,Shola Shoretire,19/12/2023
644401,Keane Lewis-Potter,19/12/2023
646333,Ben Greenwood,19/12/2023
646658,Aaron Ramsey,19/12/2023
646710,Sil Swinkels,19/12/2023
648046,Evan Ferguson,19/12/2023
648195,Enzo Fernández,19/12/2023
649020,Boubacar Traoré,19/12/2023
649317,Jhon Durán,19/12/2023
649452,Issa Kaboré,19/12/2023
652797,Micah Hamilton,19/12/2023
655136,Cameron Plain,19/12/2023
655488,Gabriel Martinelli,19/12/2023
655815,Jadan Raymond,19/12/2023
657817,Benicio Baker-Boaitey,19/12/2023
658536,Simon Adingra,19/12/2023
659089,Ilya Zabarnyi,19/12/2023
659459,Carney Chukwuemeka,19/12/2023
660867,Julio Enciso,19/12/2023
661053,Jarrad Branthwaite,19/12/2023
661207,Oscar Bobb,19/12/2023
662334,Marcelo Pitaluga,19/12/2023
662744,Vicente Reyes,19/12/2023
663225,Tyler Onyango,19/12/2023
663581,Vini Souza,19/12/2023
670688,Youssef Chermiti,19/12/2023
670713,Diogo Monteiro,19/12/2023
670840,Joe Whitworth,19/12/2023
670845,Omari Forson,19/12/2023
670848,Divin Mubama,19/12/2023
670850,Alex Matos,19/12/2023
670857,Jude Soonsup-Bell,19/12/2023
670858,Lewis Hall,19/12/2023
670859,Antwoine Hackford,19/12/2023
670861,Luke Chambers,19/12/2023
676318,Facundo Pellistri,19/12/2023
678402,Fabian Mrozek,19/12/2023
678641,Justin Hubner,19/12/2023
687626,Moisés Caicedo,19/12/2023
696589,Tim Iroegbunam,19/12/2023
698151,Michael Ndiweni,19/12/2023
698678,Hugo Bueno,19/12/2023
701057,Rico Lewis,19/12/2023
706947,Yago Santiago,19/12/2023
709767,Ji-soo Kim,19/12/2023
711999,Lesley Ugochukwu,19/12/2023
712115,James Huntley,19/12/2023
712117,Bobby Clark,19/12/2023
717411,Yegor Yarmolyuk,19/12/2023
718250,Ethan Brierley,19/12/2023
719673,Ben Gannon-Doak,19/12/2023
724529,Tayo Adaramola,19/12/2023
724530,Leigh Kavanagh,19/12/2023
724536,Josh Keeley,19/12/2023
724783,Tawanda Chirewa,19/12/2023
724866,Tomás Sultani,19/12/2023
726859,Joe Hugill,19/12/2023
730861,Milos Kerkez,19/12/2023
730893,Tyrick Mitchell,19/12/2023
732117,Dylan Williams,19/12/2023
732119,Kaide Gordon,19/12/2023
732120,Eddie Beach,19/12/2023
734425,Michael Olakigbe,19/12/2023
735570,João Gomes,19/12/2023
735571,Rodrigo Muniz,19/12/2023
736251,Vincent Angelini,19/12/2023
741650,Khayon Edwards,19/12/2023
743414,Lino Sousa,19/12/2023
743498,Wilson Odobert,19/12/2023
743597,Matheus França,19/12/2023
743600,Andrey Santos,19/12/2023
745452,Devan Tanton,19/12/2023
745461,Luca Koleosho,19/12/2023
745689,Luca Barrington,19/12/2023
745851,Sydie Peck,19/12/2023
746739,Andre Brooks,19/12/2023
746740,Daniel Jebbison,19/12/2023
747153,Dan Gore,19/12/2023
747996,Val Adedokun,19/12/2023
756591,Samy Chouchane,19/12/2023
776890,Nicolas Jackson,19/12/2023
780630,Willy Kambwala,19/12/2023
790992,Alfie Gilchrist,19/12/2023
796037,Charles Sagoe Jr,19/12/2023
796298,Calum Scanlon,19/12/2023
796300,Alfie Dorrington,19/12/2023
796303,Leo Castledine,19/12/2023
796305,Jamie Donley,19/12/2023
801474,Ben Jackson,19/12/2023
808509,Danilo,19/12/2023
811779,Alejandro Garnacho,19/12/2023
814811,Jack Wells-Morrison,19/12/2023
814820,Ademola Ola-Adebomi,19/12/2023
817611,Matt Dibley-Dias,19/12/2023
817612,Luke Harris,19/12/2023
818237,Tommi O'Reilly,19/12/2023
820374,Kobbie Mainoo,19/12/2023
823231,Dango Ouattara,19/12/2023
825024,Ronnie Stutter,19/12/2023
843595,Max Alleyne,19/12/2023
845289,James McConnell,19/12/2023
845321,Kaelan Casey,19/12/2023
845809,Lewis Orford,19/12/2023
846358,Kerr Smith,19/12/2023
852024,Bénie Traoré,19/12/2023
854689,Jack Hinchy,19/12/2023
855256,Alex Scott,19/12/2023
859951,Ashley Phillips,19/12/2023
860078,Kaden Rodney,19/12/2023
863741,Nathan Fraser,19/12/2023
864799,Stefan Bajcetic,19/12/2023
865993,David Ozoh,19/12/2023
867688,Jack Hinshelwood,19/12/2023
867700,Josh Duffus,19/12/2023
871837,Bradley Ibrahim,19/12/2023
875235,Seán Grehan,19/12/2023
875929,Josh Feeney,19/12/2023
878150,Amario Cozier-Duberry,19/12/2023
878160,Reuell Walters,19/12/2023
888493,Alejo Veliz,19/12/2023
890719,Ethan Nwaneri,19/12/2023
890721,Myles Lewis-Skelly,19/12/2023
895074,Mahamadou Susoho,19/12/2023
896526,Patrick Kelly,19/12/2023
900601,Alex Murphy,19/12/2023
907313,Emiliano Viveros,19/12/2023
908798,Matthew Whittingham,19/12/2023
919438,True Grant,19/12/2023
921995,Luc De Fougerolles,19/12/2023
922563,Oliver Scarles,19/12/2023
922698,Ishé Samuels-Smith,19/12/2023
922764,Ben Parkinson,19/12/2023
922769,Lewis Miley,19/12/2023
926135,Omari Kellyman,19/12/2023
933017,Zach Abbott,19/12/2023
943549,Mark O'Mahony,19/12/2023
953135,Callum Marshall,19/12/2023
965940,Zack Nelson,19/12/2023
965954,Jake Burger,19/12/2023
973085,Carlos Baleba,19/12/2023
983989,Facundo Buonanotte,19/12/2023
1005649,Murillo,19/12/2023
1019169,Adam Harrison,19/12/2023
1019170,Aidan Harris,19/12/2023
1031293,Ryan Oné,19/12/2023
1045123,Trey Nyoni,19/12/2023
1060740,Enso González,19/12/2023
1072898,Jili Buyabu,19/12/2023
1082850,Deivid Washington,19/12/2023
1088817,Jayden Luker,19/12/2023
1088818,Joe Johnson,19/12/2023
63200,Ashley Barnes,21/12/2023
95795,Václav Hladký,21/12/2023
95976,Alex McCarthy,21/12/2023
99331,Jannik Vestergaard,21/12/2023
99397,Karl Darlow,21/12/2023
121385,Grant Hanley,21/12/2023
123551,Sam Morsy,21/12/2023
126600,Kenny McLean,21/12/2023
128901,Conor Coady,21/12/2023
129588,Dennis Praet,21/12/2023
130765,Stuart Armstrong,21/12/2023
146795,Ryan Fraser,21/12/2023
163744,Jack Stephens,21/12/2023
181687,Massimo Luongo,21/12/2023
197838,Jamie Vardy,21/12/2023
200777,Alex Pritchard,21/12/2023
201574,Angus Gunn,21/12/2023
203026,Danny Ward,21/12/2023
215876,Ricardo Pereira,21/12/2023
236953,Sam Byram,21/12/2023
242632,Glen Kamara,21/12/2023
243028,Jan Bednarek,21/12/2023
249126,Harry Winks,21/12/2023
250426,Adam Armstrong,21/12/2023
250490,Christian Fassnacht,21/12/2023
252345,Ken Sema,21/12/2023
253765,Wesley Hoedt,21/12/2023
255788,Cameron Burgess,21/12/2023
260166,Ui-jo Hwang,21/12/2023
260841,Daniel Iversen,21/12/2023
262300,Ryan Manning,21/12/2023
274839,Wilfred Ndidi,21/12/2023
282939,Luke O'Nien,21/12/2023
288323,Marcus Harness,21/12/2023
292808,Wout Faes,21/12/2023
295330,Kelechi Iheanacho,21/12/2023
295630,Dimitrios Giannoulis,21/12/2023
297212,Joe Rodon,21/12/2023
298091,Harry Souttar,21/12/2023
319301,Daniel James,21/12/2023
324223,James Bree,21/12/2023
336367,Joe Lumley,21/12/2023
340328,Stephy Mavididi,21/12/2023
341051,Kyle Walker-Peters,21/12/2023
341501,Hamza Choudhury,21/12/2023
342046,Axel Tuanzebe,21/12/2023
344009,Nathan Broadhead,21/12/2023
346018,Jamal Lewis,21/12/2023
346472,Tom Dele-Bashiru,21/12/2023
346779,Ché Adams,21/12/2023
348623,Mason Holgate,21/12/2023
349503,Conor Chaplin,21/12/2023
366729,Nazariy Rusyn,21/12/2023
369962,Joël Piroe,21/12/2023
371436,Francisco Sierralta,21/12/2023
374139,Junior Firpo,21/12/2023
375877,Vakoun Bayo,21/12/2023
381753,Ilia Gruev,21/12/2023
385848,George Edmundson,21/12/2023
390664,Jacob Lungi Sørensen,21/12/2023
392763,Ian Poveda,21/12/2023
392771,Ethan Ampadu,21/12/2023
393325,Josh Sargent,21/12/2023
396908,Yunus Akgün,21/12/2023
400536,Mads Hermansen,21/12/2023
403564,Jon McCracken,21/12/2023
410708,Pascal Struijk,21/12/2023
412616,Giorgi Chakvetadze,21/12/2023
413220,James Justin,21/12/2023
418561,Kristoffer Klaesson,21/12/2023
420808,George Hirst,21/12/2023
434223,Adam Idah,21/12/2023
444211,Will Smallbone,21/12/2023
446093,Ryan Porteous,21/12/2023
447995,Ross Stewart,21/12/2023
458178,Jack Taylor,21/12/2023
468198,Joe Aribo,21/12/2023
474701,Crysencio Summerville,21/12/2023
475188,Kiernan Dewsbury-Hall,21/12/2023
483348,Djed Spence,21/12/2023
503686,Dan Ballard,21/12/2023
503977,Taylor Harwood-Bellis,21/12/2023
506189,Flynn Downes,21/12/2023
507700,Brandon Williams,21/12/2023
515544,Trai Hume,21/12/2023
525919,Mileta Rajović,21/12/2023
527425,Luke Woolfenden,21/12/2023
528892,Harry Clarke,21/12/2023
538977,Georginio Rutter,21/12/2023
538998,Timothée Pembélé,21/12/2023
542586,Illan Meslier,21/12/2023
553469,Gabriel Sara,21/12/2023
557612,Sékou Mara,21/12/2023
559794,Jack Clarke,21/12/2023
568006,Dennis Cirkin,21/12/2023
585550,Gavin Bazunu,21/12/2023
596446,Leif Davis,21/12/2023
597659,Charlie Cresswell,21/12/2023
617755,Jenson Seelt,21/12/2023
621193,Kasey McAteer,21/12/2023
621997,Cieran Slicker,21/12/2023
622380,Cesare Casadei,21/12/2023
627626,Wilfried Gnonto,21/12/2023
634461,Borja Sainz,21/12/2023
635336,Imrân Louza,21/12/2023
646738,Juan Larios,21/12/2023
654412,Abdoullah Ba,21/12/2023
668228,Matheus Martins,21/12/2023
669366,Tom Cannon,21/12/2023
670883,Dane Scarlett,21/12/2023
672381,Jonathan Rowe,21/12/2023
680806,Samuel Edozie,21/12/2023
684210,Jaidon Anthony,21/12/2023
715558,Marcelino Núñez,21/12/2023
741238,Omari Hutchinson,21/12/2023
743627,Jewison Bennette,21/12/2023
746695,Kamaldeen Sulemana,21/12/2023
747951,Shea Charles,21/12/2023
748319,Carlos Alcaraz,21/12/2023
796297,Jobe Bellingham,21/12/2023
803401,Ryan Andrews,21/12/2023
834742,Mateo Joseph,21/12/2023
840687,Luís Semedo,21/12/2023
857818,Yáser Asprilla,21/12/2023
864121,Abdul Fatawu,21/12/2023
874080,Mason Burstow,21/12/2023
921655,Ismaël Koné,21/12/2023
922693,Archie Gray,21/12/2023
933900,Samuel Amo-Ameyaw,21/12/2023
947411,Chris Rigg,21/12/2023
957224,Nectarios Triantis,21/12/2023
967346,Eliezer Mayenda,21/12/2023
703626,Cameron Peupion,17/1/2024
943560,Franco Umeh,17/1/2024
99397,Karl Darlow,7/3/2024
128901,Conor Coady,7/3/2024
129588,Dennis Praet,7/3/2024
163744,Jack Stephens,7/3/2024
183293,Joe Rothwell,7/3/2024
203026,Danny Ward,7/3/2024
262300,Ryan Manning,7/3/2024
274839,Wilfred Ndidi,7/3/2024
275590,Kieffer Moore,7/3/2024
295330,Kelechi Iheanacho,7/3/2024
298091,Harry Souttar,7/3/2024
340328,Stephy Mavididi,7/3/2024
342046,Axel Tuanzebe,7/3/2024
344009,Nathan Broadhead,7/3/2024
346018,Jamal Lewis,7/3/2024
381753,Ilia Gruev,7/3/2024
392771,Ethan Ampadu,7/3/2024
393325,Josh Sargent,7/3/2024
396908,Yunus Akgün,7/3/2024
412616,Giorgi Chakvetadze,7/3/2024
444211,Will Smallbone,7/3/2024
448854,Emmanuel Dennis,7/3/2024
506189,Flynn Downes,7/3/2024
507700,Brandon Williams,7/3/2024
528892,Harry Clarke,7/3/2024
538998,Timothée Pembélé,7/3/2024
557612,Sékou Mara,7/3/2024
568005,Jeremy Sarmiento,7/3/2024
596446,Leif Davis,7/3/2024
610581,Ali Al-Hamadi,7/3/2024
646738,Juan Larios,7/3/2024
669366,Tom Cannon,7/3/2024
672381,Jonathan Rowe,7/3/2024
684210,Jaidon Anthony,7/3/2024
696181,Romaine Mundle,7/3/2024
741238,Omari Hutchinson,7/3/2024
746695,Kamaldeen Sulemana,7/3/2024
747951,Shea Charles,7/3/2024
857818,Yáser Asprilla,7/3/2024
874080,Mason Burstow,7/3/2024
922693,Archie Gray,7/3/2024
51471,Mateo Kovacic,14/3/2024
69633,Christian Eriksen,14/3/2024
124419,Odysseas Vlachodimos,14/3/2024
126664,Lucas Digne,14/3/2024
131978,Ross Barkley,14/3/2024
148153,Lewis Dunk,14/3/2024
167799,Pierre-Emile Højbjerg,14/3/2024
181579,James Ward-Prowse,14/3/2024
182877,Anthony Martial,14/3/2024
182904,Clément Lenglet,14/3/2024
183288,Luke Shaw,14/3/2024
184573,Victor Lindelöf,14/3/2024
192765,Ben Davies,14/3/2024
193098,Álex Moreno,14/3/2024
203460,Jack Grealish,14/3/2024
217115,Neal Maupay,14/3/2024
230784,Thomas Partey,14/3/2024
231572,Nélson Semedo,14/3/2024
236490,Ola Aina,14/3/2024
249565,Youri Tielemans,14/3/2024
251106,Enes Ünal,14/3/2024
251664,Ivan Toney,14/3/2024
256178,Joe Gomez,14/3/2024
257455,João Palhinha,14/3/2024
258878,Tosin Adarabioyo,14/3/2024
258889,Dominic Solanke,14/3/2024
258923,Marcus Rashford,14/3/2024
272999,Miguel Almirón,14/3/2024
286047,Guglielmo Vicario,14/3/2024
287579,Sofyan Amrabat,14/3/2024
292246,Hee-chan Hwang,14/3/2024
309400,Kai Havertz,14/3/2024
315969,Scott McTominay,14/3/2024
316264,Martin Ødegaard,14/3/2024
319900,Elijah Adebayo,14/3/2024
324358,Ollie Watkins,14/3/2024
328658,Kristoffer Ajer,14/3/2024
340324,Eddie Nketiah,14/3/2024
340918,Caoimhín Kelleher,14/3/2024
344381,Christopher Nkunku,14/3/2024
346314,Trevoh Chalobah,14/3/2024
346483,Mason Mount,14/3/2024
355915,Cristian Romero,14/3/2024
357119,Ibrahima Konaté,14/3/2024
364409,Gabriel Osho,14/3/2024
378710,Richarlison,14/3/2024
381963,Mike Tresor,14/3/2024
381967,Albert Sambi Lokonga,14/3/2024
387626,Leon Bailey,14/3/2024
392085,Nicolò Zaniolo,14/3/2024
392591,Chiedozie Ogbene,14/3/2024
392768,Callum Hudson-Odoi,14/3/2024
395516,Moussa Diaby,14/3/2024
396638,Manor Solomon,14/3/2024
399434,Marcus Tavernier,14/3/2024
403151,Robert Sánchez,14/3/2024
406635,Phil Foden,14/3/2024
410425,Yves Bissouma,14/3/2024
415912,Konstantinos Mavropanos,14/3/2024
420002,Jean-Philippe Mateta,14/3/2024
425306,Matt Turner,14/3/2024
427568,Aaron Ramsdale,14/3/2024
433177,Bukayo Saka,14/3/2024
433188,Curtis Jones,14/3/2024
435338,Gabriel,14/3/2024
447661,Douglas Luiz,14/3/2024
463603,Benoît Badiashile,14/3/2024
465555,Djordje Petrovic,14/3/2024
475959,Josko Gvardiol,14/3/2024
480762,Lisandro Martínez,14/3/2024
487465,Pedro Neto,14/3/2024
488362,Conor Gallagher,14/3/2024
488935,Hákon Valdimarsson,14/3/2024
493003,Daniel Muñoz,14/3/2024
495666,William Saliba,14/3/2024
503743,Morgan Rogers,14/3/2024
504849,Kaoru Mitoma,14/3/2024
505219,James Garner,14/3/2024
517894,Matheus Cunha,14/3/2024
533662,Cameron Archer,14/3/2024
534033,Alexis Mac Allister,14/3/2024
537598,Fábio Vieira,14/3/2024
537860,Mykhaylo Mudryk,14/3/2024
543499,Mohammed Kudus,14/3/2024
546543,Darwin Núñez,14/3/2024
548470,Teden Mengi,14/3/2024
556385,Destiny Udogie,14/3/2024
557459,Micky van de Ven,14/3/2024
565822,Harvey Elliott,14/3/2024
566799,James Trafford,14/3/2024
568177,Cole Palmer,14/3/2024
568559,Radu Drăgușin,14/3/2024
568693,Pape Matar Sarr,14/3/2024
570469,Mateusz Musialowski,14/3/2024
578391,Rayan Aït-Nouri,14/3/2024
578539,Chris Richards,14/3/2024
583189,Anthony Elanga,14/3/2024
586982,Levi Laing,14/3/2024
591844,Joe Gauci,14/3/2024
601883,Matheus Nunes,14/3/2024
602105,Antony,14/3/2024
606718,Toti,14/3/2024
608175,Alfie Doughty,14/3/2024
614258,Levi Colwill,14/3/2024
620322,Malo Gusto,14/3/2024
620362,Dermot Mee,14/3/2024
624258,Conor Bradley,14/3/2024
626724,João Pedro,14/3/2024
627248,Lewis Dobbin,14/3/2024
628451,Roméo Lavia,14/3/2024
632349,Jarell Quansah,14/3/2024
648046,Evan Ferguson,14/3/2024
654253,Toby Collyer,14/3/2024
655136,Cameron Plain,14/3/2024
655488,Gabriel Martinelli,14/3/2024
655990,Tom Hill,14/3/2024
658536,Simon Adingra,14/3/2024
659089,Ilya Zabarnyi,14/3/2024
661053,Jarrad Branthwaite,14/3/2024
661207,Oscar Bobb,14/3/2024
670558,Harvey Griffiths,14/3/2024
681615,Jimi Tauriainen,14/3/2024
687626,Moisés Caicedo,14/3/2024
694901,Jamie McDonnell,14/3/2024
697280,George Earthy,14/3/2024
712117,Bobby Clark,14/3/2024
712181,James Wright,14/3/2024
717411,Yegor Yarmolyuk,14/3/2024
724783,Tawanda Chirewa,14/3/2024
735570,João Gomes,14/3/2024
735571,Rodrigo Muniz,14/3/2024
743553,Evan Easton,14/3/2024
744149,Adam Wharton,14/3/2024
751666,Ty Barnett,14/3/2024
780630,Willy Kambwala,14/3/2024
787232,David Datro Fofana,14/3/2024
796299,Billy Gee,14/3/2024
796303,Leo Castledine,14/3/2024
797679,Aaron Keto-Diyawa,14/3/2024
811779,Alejandro Garnacho,14/3/2024
820374,Kobbie Mainoo,14/3/2024
845723,Finley Munroe,14/3/2024
855890,Jenson Metcalfe,14/3/2024
867688,Jack Hinshelwood,14/3/2024
890719,Ethan Nwaneri,14/3/2024
907219,Axel Piesold,14/3/2024
921513,Joe Gardner,14/3/2024
921532,Esapa Osong,14/3/2024
922462,Lewis Koumas,14/3/2024
922769,Lewis Miley,14/3/2024
936842,Michael Golding,14/3/2024
936901,Dominic Sadi,14/3/2024
939290,Jayden Danns,14/3/2024
983702,Jacob Wright,14/3/2024
983989,Facundo Buonanotte,14/3/2024
985691,Harrison Murray-Campbell,14/3/2024
1004708,Josh Acheampong,14/3/2024
1005649,Murillo,14/3/2024
1011131,Josh King,14/3/2024
1043634,Leon Chiwome,14/3/2024
1045123,Trey Nyoni,14/3/2024
1053908,Travis Hernes,14/3/2024
1071819,Ollie Harrison,14/3/2024
1078163,Ayden Heaven,14/3/2024
1141628,Yunus Konak,14/3/2024
63200,Ashley Barnes,24/5/2024
95795,Václav Hladký,24/5/2024
95976,Alex McCarthy,24/5/2024
99331,Jannik Vestergaard,24/5/2024
99397,Karl Darlow,24/5/2024
121385,Grant Hanley,24/5/2024
123551,Sam Morsy,24/5/2024
126600,Kenny McLean,24/5/2024
128901,Conor Coady,24/5/2024
129588,Dennis Praet,24/5/2024
130765,Stuart Armstrong,24/5/2024
146795,Ryan Fraser,24/5/2024
163744,Jack Stephens,24/5/2024
181687,Massimo Luongo,24/5/2024
183293,Joe Rothwell,24/5/2024
197838,Jamie Vardy,24/5/2024
201574,Angus Gunn,24/5/2024
203026,Danny Ward,24/5/2024
214666,Connor Roberts,24/5/2024
215876,Ricardo Pereira,24/5/2024
236953,Sam Byram,24/5/2024
242632,Glen Kamara,24/5/2024
243028,Jan Bednarek,24/5/2024
249126,Harry Winks,24/5/2024
250426,Adam Armstrong,24/5/2024
250490,Christian Fassnacht,24/5/2024
252345,Ken Sema,24/5/2024
253765,Wesley Hoedt,24/5/2024
255788,Cameron Burgess,24/5/2024
262300,Ryan Manning,24/5/2024
274839,Wilfred Ndidi,24/5/2024
275590,Kieffer Moore,24/5/2024
277033,David Brooks,24/5/2024
282939,Luke O'Nien,24/5/2024
288323,Marcus Harness,24/5/2024
292808,Wout Faes,24/5/2024
295330,Kelechi Iheanacho,24/5/2024
295630,Dimitrios Giannoulis,24/5/2024
297212,Joe Rodon,24/5/2024
298091,Harry Souttar,24/5/2024
319301,Daniel James,24/5/2024
324223,James Bree,24/5/2024
336367,Joe Lumley,24/5/2024
340328,Stephy Mavididi,24/5/2024
341051,Kyle Walker-Peters,24/5/2024
341501,Hamza Choudhury,24/5/2024
342046,Axel Tuanzebe,24/5/2024
344009,Nathan Broadhead,24/5/2024
346018,Jamal Lewis,24/5/2024
346472,Tom Dele-Bashiru,24/5/2024
346779,Ché Adams,24/5/2024
349503,Conor Chaplin,24/5/2024
366729,Nazariy Rusyn,24/5/2024
369962,Joël Piroe,24/5/2024
371436,Francisco Sierralta,24/5/2024
374139,Junior Firpo,24/5/2024
375877,Vakoun Bayo,24/5/2024
381753,Ilia Gruev,24/5/2024
385848,George Edmundson,24/5/2024
390664,Jacob Lungi Sørensen,24/5/2024
392771,Ethan Ampadu,24/5/2024
393325,Josh Sargent,24/5/2024
396908,Yunus Akgün,24/5/2024
400536,Mads Hermansen,24/5/2024
410708,Pascal Struijk,24/5/2024
412616,Giorgi Chakvetadze,24/5/2024
413220,James Justin,24/5/2024
418561,Kristoffer Klaesson,24/5/2024
420808,George Hirst,24/5/2024
435062,Callum Styles,24/5/2024
439292,Sydney van Hooijdonk,24/5/2024
444211,Will Smallbone,24/5/2024
446093,Ryan Porteous,24/5/2024
447995,Ross Stewart,24/5/2024
448854,Emmanuel Dennis,24/5/2024
458178,Jack Taylor,24/5/2024
468198,Joe Aribo,24/5/2024
474701,Crysencio Summerville,24/5/2024
475188,Kiernan Dewsbury-Hall,24/5/2024
503686,Dan Ballard,24/5/2024
503977,Taylor Harwood-Bellis,24/5/2024
506189,Flynn Downes,24/5/2024
507700,Brandon Williams,24/5/2024
515544,Trai Hume,24/5/2024
525919,Mileta Rajović,24/5/2024
527425,Luke Woolfenden,24/5/2024
528892,Harry Clarke,24/5/2024
538977,Georginio Rutter,24/5/2024
538998,Timothée Pembélé,24/5/2024
542586,Illan Meslier,24/5/2024
553469,Gabriel Sara,24/5/2024
557612,Sékou Mara,24/5/2024
559794,Jack Clarke,24/5/2024
568005,Jeremy Sarmiento,24/5/2024
568006,Dennis Cirkin,24/5/2024
585550,Gavin Bazunu,24/5/2024
596446,Leif Davis,24/5/2024
597659,Charlie Cresswell,24/5/2024
610581,Ali Al-Hamadi,24/5/2024
617755,Jenson Seelt,24/5/2024
621193,Kasey McAteer,24/5/2024
621997,Cieran Slicker,24/5/2024
627626,Wilfried Gnonto,24/5/2024
634461,Borja Sainz,24/5/2024
646738,Juan Larios,24/5/2024
654412,Abdoullah Ba,24/5/2024
668228,Matheus Martins,24/5/2024
669366,Tom Cannon,24/5/2024
672381,Jonathan Rowe,24/5/2024
680806,Samuel Edozie,24/5/2024
684210,Jaidon Anthony,24/5/2024
696181,Romaine Mundle,24/5/2024
715558,Marcelino Núñez,24/5/2024
741238,Omari Hutchinson,24/5/2024
746695,Kamaldeen Sulemana,24/5/2024
747951,Shea Charles,24/5/2024
796297,Jobe Bellingham,24/5/2024
803401,Ryan Andrews,24/5/2024
834742,Mateo Joseph,24/5/2024
840687,Luís Semedo,24/5/2024
857818,Yáser Asprilla,24/5/2024
864121,Abdul Fatawu,24/5/2024
874080,Mason Burstow,24/5/2024
921655,Ismaël Koné,24/5/2024
922693,Archie Gray,24/5/2024
933900,Samuel Amo-Ameyaw,24/5/2024
947411,Chris Rigg,24/5/2024
3333,James Milner,27/5/2024
14044,Andy Lonergan,27/5/2024
14086,Ashley Young,27/5/2024
14555,Scott Carson,27/5/2024
16306,Casemiro,27/5/2024
29241,Thiago Silva,27/5/2024
29692,Lukasz Fabianski,27/5/2024
33027,Tim Krul,27/5/2024
34130,Tom Heaton,27/5/2024
40613,Jack Cork,27/5/2024
42412,Jonny Evans,27/5/2024
43530,Adam Lallana,27/5/2024
45494,Wayne Hennessey,27/5/2024
48002,Angelo Ogbonna,27/5/2024
51321,Darren Randolph,27/5/2024
51471,Mateo Kovacic,27/5/2024
52059,Zanka,27/5/2024
52495,Chris Basham,27/5/2024
52570,Fraser Forster,27/5/2024
52769,Willian,27/5/2024
53360,Jay Rodríguez,27/5/2024
55742,Harry Arter,27/5/2024
60444,Thiago Alcántara,27/5/2024
61592,James Tomkins,27/5/2024
61697,Wes Foderingham,27/5/2024
61841,Adam Smith,27/5/2024
61842,Andros Townsend,27/5/2024
66934,Cheikhou Kouyaté,27/5/2024
67063,Danny Welbeck,27/5/2024
68390,Séamus Coleman,27/5/2024
69633,Christian Eriksen,27/5/2024
71271,Adrián San Miguel,27/5/2024
72476,Bernd Leno,27/5/2024
73547,Oliver Norwood,27/5/2024
73564,Jason Steele,27/5/2024
74230,Pablo Sarabia,27/5/2024
74810,Ben Mee,27/5/2024
74960,Martin Dúbravka,27/5/2024
75458,Robin Olsen,27/5/2024
77757,Thomas Kaminski,27/5/2024
82105,Joel Matip,27/5/2024
82873,Pascal Groß,27/5/2024
85177,Nathaniel Clyne,27/5/2024
85864,Loris Karius,27/5/2024
85941,Stefan Ortega,27/5/2024
88755,Kevin De Bruyne,27/5/2024
89231,Jóhann Berg Gudmundsson,27/5/2024
91340,James Shea,27/5/2024
91845,Heung-min Son,27/5/2024
92469,Matt Ritchie,27/5/2024
92571,Aaron Cresswell,27/5/2024
92572,Joel Ward,27/5/2024
95424,Kyle Walker,27/5/2024
95810,Kieran Trippier,27/5/2024
102017,Jorginho,27/5/2024
104124,Michail Antonio,27/5/2024
105470,Alisson,27/5/2024
108354,Jordan Ayew,27/5/2024
108725,Chris Wood,27/5/2024
110864,Sam Johnstone,27/5/2024
111195,Joël Veltman,27/5/2024
111819,Neto,27/5/2024
111873,Emiliano Martínez,27/5/2024
112988,Cédric Soares,27/5/2024
116648,Marcus Bettinelli,27/5/2024
118534,Michael Keane,27/5/2024
120629,Alphonse Areola,27/5/2024
121254,Adam Davies,27/5/2024
121324,John Egan,27/5/2024
121477,Craig Dawson,27/5/2024
123275,Tom Cairney,27/5/2024
123682,Callum Wilson,27/5/2024
124419,Odysseas Vlachodimos,27/5/2024
125685,Luke Berry,27/5/2024
125714,Mark Flekken,27/5/2024
126664,Lucas Digne,27/5/2024
126665,Idrissa Gueye,27/5/2024
127187,Abdoulaye Doucouré,27/5/2024
127202,Matz Sels,27/5/2024
128909,Jack Robinson,27/5/2024
129078,Nathan Redmond,27/5/2024
130164,Jordan Pickford,27/5/2024
131978,Ross Barkley,27/5/2024
134270,Dan Burn,27/5/2024
134294,Danny Ings,27/5/2024
134425,Raheem Sterling,27/5/2024
135343,Fabian Schär,27/5/2024
136401,Daniel Bentley,27/5/2024
139208,Virgil van Dijk,27/5/2024
140191,Ryan Fredericks,27/5/2024
142310,Willy Boly,27/5/2024
142389,Mark Gillespie,27/5/2024
144028,Leandro Trossard,27/5/2024
145466,Tim Ream,27/5/2024
146310,Wataru Endo,27/5/2024
146690,George Baldock,27/5/2024
148153,Lewis Dunk,27/5/2024
148367,Christian Nørgaard,27/5/2024
148368,Divock Origi,27/5/2024
148455,Mohamed Salah,27/5/2024
156501,Felipe,27/5/2024
157506,Jeffrey Schlupp,27/5/2024
157509,Kurt Zouma,27/5/2024
157672,Vladimír Coufal,27/5/2024
160438,Mohamed Elneny,27/5/2024
164770,Raphaël Varane,27/5/2024
167799,Pierre-Emile Højbjerg,27/5/2024
169801,Cauley Woodrow,27/5/2024
170321,Paul Dummett,27/5/2024
170527,Timo Werner,27/5/2024
170934,Mario Lemina,27/5/2024
171679,Matt Doherty,27/5/2024
173504,James Tarkowski,27/5/2024
177476,Nathan Aké,27/5/2024
177907,Harry Maguire,27/5/2024
181579,James Ward-Prowse,27/5/2024
181778,Emerson,27/5/2024
182877,Anthony Martial,27/5/2024
182904,Clément Lenglet,27/5/2024
183288,Luke Shaw,27/5/2024
183318,Jamaal Lascelles,27/5/2024
184129,Jordan Clark,27/5/2024
184528,Emil Krafth,27/5/2024
184573,Victor Lindelöf,27/5/2024
186186,Bobby De Cordova-Reid,27/5/2024
186590,John Stones,27/5/2024
186901,Marek Rodák,27/5/2024
188077,Ryan Christie,27/5/2024
192080,Nick Pope,27/5/2024
192765,Ben Davies,27/5/2024
193098,Álex Moreno,27/5/2024
193116,John McGinn,27/5/2024
195633,Charlie Taylor,27/5/2024
196722,Remi Matthews,27/5/2024
198516,Harry Toffolo,27/5/2024
199527,Jacob Murphy,27/5/2024
203394,Andreas Pereira,27/5/2024
203460,Jack Grealish,27/5/2024
203853,Oleksandr Zinchenko,27/5/2024
204103,Adama Traoré,27/5/2024
204294,Saman Ghoddos,27/5/2024
206040,Raúl Jiménez,27/5/2024
206746,Kenny Tete,27/5/2024
207014,Will Hughes,27/5/2024
207037,Dan Potts,27/5/2024
207742,Tom Lockyer,27/5/2024
207929,Dele Alli,27/5/2024
209212,Solly March,27/5/2024
212847,Adam Webster,27/5/2024
215118,Calum Chambers,27/5/2024
215810,Tom King,27/5/2024
217115,Neal Maupay,27/5/2024
218087,Ben Osborn,27/5/2024
221025,André Gomes,27/5/2024
222209,Thomas Strakosha,27/5/2024
226073,Ivo Grbic,27/5/2024
226973,Harrison Reed,27/5/2024
230784,Thomas Partey,27/5/2024
231572,Nélson Semedo,27/5/2024
233124,Kortney Hause,27/5/2024
234509,André Onana,27/5/2024
234781,Maxwel Cornet,27/5/2024
234803,Andrew Robertson,27/5/2024
236490,Ola Aina,27/5/2024
238223,Ederson,27/5/2024
240306,Bruno Fernandes,27/5/2024
241481,Jaïro Riedewald,27/5/2024
241641,Bernardo Silva,27/5/2024
242606,Josh Cullen,27/5/2024
242631,Alex Iwobi,27/5/2024
243591,Lawrence Vigouroux,27/5/2024
244338,Pelly Ruddock Mpanzu,27/5/2024
245056,Saša Lukić,27/5/2024
246963,Carlton Morris,27/5/2024
249089,Lewis Cook,27/5/2024
249565,Youri Tielemans,27/5/2024
249994,José Sá,27/5/2024
250478,Matt Targett,27/5/2024
251106,Enes Ünal,27/5/2024
251664,Ivan Toney,27/5/2024
253341,Rob Holding,27/5/2024
253677,Tyrone Mings,27/5/2024
256178,Joe Gomez,27/5/2024
257455,João Palhinha,27/5/2024
258004,Rúben Dias,27/5/2024
258878,Tosin Adarabioyo,27/5/2024
258885,Max Lowe,27/5/2024
258889,Dominic Solanke,27/5/2024
258919,Dean Henderson,27/5/2024
258923,Marcus Rashford,27/5/2024
260827,Joachim Andersen,27/5/2024
262226,Timothy Castagne,27/5/2024
262749,David Raya,27/5/2024
262980,Jefferson Lerma,27/5/2024
264220,Reece Burke,27/5/2024
270171,Vitaly Janelt,27/5/2024
272622,Issa Diop,27/5/2024
272999,Miguel Almirón,27/5/2024
278166,Amari'i Bell,27/5/2024
279455,Harry Wilson,27/5/2024
282429,Sergio Reguilón,27/5/2024
282823,Alfie Whiteman,27/5/2024
283628,Tomáš Souček,27/5/2024
284730,Manuel Akanji,27/5/2024
284857,Marc Cucurella,27/5/2024
286047,Guglielmo Vicario,27/5/2024
287579,Sofyan Amrabat,27/5/2024
291200,Moussa Niakhaté,27/5/2024
292246,Hee-chan Hwang,27/5/2024
293281,Jacob Bruun Larsen,27/5/2024
293569,Josh Brownhill,27/5/2024
294057,James Maddison,27/5/2024
295313,Taiwo Awoniyi,27/5/2024
296422,Fodé Ballo-Touré,27/5/2024
298477,Oli McBurnie,27/5/2024
303657,Ionuț Radu,27/5/2024
305274,Fred Onyedinma,27/5/2024
306024,Dominic Calvert-Lewin,27/5/2024
309400,Kai Havertz,27/5/2024
314210,Tom Davies,27/5/2024
314353,Trent Alexander-Arnold,27/5/2024
314875,Jarrod Bowen,27/5/2024
315969,Scott McTominay,27/5/2024
316125,Ben Chilwell,27/5/2024
316264,Martin Ødegaard,27/5/2024
319859,Mathias Jensen,27/5/2024
319900,Elijah Adebayo,27/5/2024
320411,Philip Billing,27/5/2024
321247,Emiliano Buendía,27/5/2024
322702,Benson Manuel,27/5/2024
322985,Gustavo Hamer,27/5/2024
324358,Ollie Watkins,27/5/2024
324882,Marvelous Nakamba,27/5/2024
328658,Kristoffer Ajer,27/5/2024
329145,Diego Carlos,27/5/2024
329813,João Virgínia,27/5/2024
330659,Justin Kluivert,27/5/2024
331560,Takehiro Tomiyasu,27/5/2024
332705,Tyler Adams,27/5/2024
333014,Sander Berge,27/5/2024
333241,Joelinton,27/5/2024
335721,Ben White,27/5/2024
336077,Altay Bayındır,27/5/2024
338070,Konstantinos Tsimikas,27/5/2024
338635,Hannes Delcroix,27/5/2024
339340,Tyrell Malacia,27/5/2024
339556,Rico Henry,27/5/2024
340321,Josh Dasilva,27/5/2024
340324,Eddie Nketiah,27/5/2024
340325,Reiss Nelson,27/5/2024
340329,Joe Willock,27/5/2024
340918,Caoimhín Kelleher,27/5/2024
340950,Diogo Jota,27/5/2024
343475,Ben Godfrey,27/5/2024
344152,Odsonne Édouard,27/5/2024
344381,Christopher Nkunku,27/5/2024
344596,Malang Sarr,27/5/2024
344830,Tahith Chong,27/5/2024
346314,Trevoh Chalobah,27/5/2024
346483,Mason Mount,27/5/2024
346707,Sean Longstaff,27/5/2024
348623,Mason Holgate,27/5/2024
348795,Giovani Lo Celso,27/5/2024
349066,Alexander Isak,27/5/2024
349599,Pervis Estupiñán,27/5/2024
349701,Antonee Robinson,27/5/2024
351749,Kalvin Phillips,27/5/2024
354362,Rodrigo Bentancur,27/5/2024
355861,Arnaut Danjuma,27/5/2024
355915,Cristian Romero,27/5/2024
357119,Ibrahima Konaté,27/5/2024
357147,Diogo Dalot,27/5/2024
357565,Rodri,27/5/2024
357658,Mark Travers,27/5/2024
357662,Declan Rice,27/5/2024
361093,Sven Botman,27/5/2024
361914,Nayef Aguerd,27/5/2024
363205,Gabriel Jesus,27/5/2024
364409,Gabriel Osho,27/5/2024
366930,Sergio Gómez,27/5/2024
368629,Jack Walton,27/5/2024
371021,Arijanet Murić,27/5/2024
375885,Ibrahim Sangaré,27/5/2024
377468,Anel Ahmedhodzic,27/5/2024
378710,Richarlison,27/5/2024
380350,Igor Julio,27/5/2024
381469,Steven Benda,27/5/2024
381963,Mike Tresor,27/5/2024
381967,Albert Sambi Lokonga,27/5/2024
384461,Jakub Moder,27/5/2024
385412,Jordan Amissah,27/5/2024
386047,Axel Disasi,27/5/2024
387191,Daiki Hashioka,27/5/2024
387626,Leon Bailey,27/5/2024
388165,Yoane Wissa,27/5/2024
389253,Auston Trusty,27/5/2024
391005,Mads Roerslev,27/5/2024
392085,Nicolò Zaniolo,27/5/2024
392179,Hjalmar Ekdal,27/5/2024
392591,Chiedozie Ogbene,27/5/2024
392757,Marc Guéhi,27/5/2024
392765,Emile Smith Rowe,27/5/2024
392768,Callum Hudson-Odoi,27/5/2024
392775,Ryan Sessegnon,27/5/2024
394327,Boubacar Kamara,27/5/2024
395516,Moussa Diaby,27/5/2024
396638,Manor Solomon,27/5/2024
397033,Sandro Tonali,27/5/2024
398065,Harvey Barnes,27/5/2024
399434,Marcus Tavernier,27/5/2024
399776,Pau Torres,27/5/2024
401320,Dara O'Shea,27/5/2024
401356,Edson Álvarez,27/5/2024
402733,Gonzalo Montiel,27/5/2024
403151,Robert Sánchez,27/5/2024
403898,Jordan Beyer,27/5/2024
404842,Vitaliy Mykolenko,27/5/2024
406556,Tom McGill,27/5/2024
406560,Rhian Brewster,27/5/2024
406635,Phil Foden,27/5/2024
406638,Oliver Skipp,27/5/2024
407021,Mads Andersen,27/5/2024
410425,Yves Bissouma,27/5/2024
413039,Bryan Mbeumo,27/5/2024
413403,Ezri Konsa,27/5/2024
415912,Konstantinos Mavropanos,27/5/2024
417346,Jack Harrison,27/5/2024
418560,Erling Haaland,27/5/2024
420002,Jean-Philippe Mateta,27/5/2024
420243,Jurriën Timber,27/5/2024
421637,Frank Onyeka,27/5/2024
423744,Billy Gilmour,27/5/2024
424015,Nathan Patterson,27/5/2024
425306,Matt Turner,27/5/2024
425334,Matty Cash,27/5/2024
425902,Ryan Yates,27/5/2024
425918,Jakub Kiwior,27/5/2024
426192,Ben Brereton Díaz,27/5/2024
427568,Aaron Ramsdale,27/5/2024
428016,Brandon Austin,27/5/2024
429014,Morgan Gibbs-White,27/5/2024
431755,Dejan Kulusevski,27/5/2024
433177,Bukayo Saka,27/5/2024
433183,Tommy Doyle,27/5/2024
433188,Curtis Jones,27/5/2024
434675,Cody Gakpo,27/5/2024
435338,Gabriel,27/5/2024
438001,Santiago Bueno,27/5/2024
442248,Ethan Pinnock,27/5/2024
444523,Lucas Paquetá,27/5/2024
447661,Douglas Luiz,27/5/2024
450050,Jean-Ricner Bellegarde,27/5/2024
451276,Dominik Szoboszlai,27/5/2024
456292,Ellery Balcombe,27/5/2024
461883,Calvin Bassey,27/5/2024
463603,Benoît Badiashile,27/5/2024
465555,Djordje Petrovic,27/5/2024
465717,Jayden Bogle,27/5/2024
466810,Ansu Fati,27/5/2024
467623,Lyle Foster,27/5/2024
468002,Ben Johnson,27/5/2024
468249,Vitinho,27/5/2024
469050,Nathan Collins,27/5/2024
469781,Marcos Senesi,27/5/2024
469958,Jacob Brown,27/5/2024
470607,Brennan Johnson,27/5/2024
471690,Max Aarons,27/5/2024
472423,Reece James,27/5/2024
473050,Kevin Schade,27/5/2024
475411,Wesley Fofana,27/5/2024
475959,Josko Gvardiol,27/5/2024
476344,Emerson Royal,27/5/2024
477758,Aaron Wan-Bissaka,27/5/2024
478573,Ryan Gravenberch,27/5/2024
479999,Eberechi Eze,27/5/2024
480116,Lloyd Kelly,27/5/2024
480692,Luis Díaz,27/5/2024
480762,Lisandro Martínez,27/5/2024
480987,Chris Mepham,27/5/2024
485706,Amadou Onana,27/5/2024
486049,Jérémy Doku,27/5/2024
487465,Pedro Neto,27/5/2024
488362,Conor Gallagher,27/5/2024
488935,Hákon Valdimarsson,27/5/2024
493003,Daniel Muñoz,27/5/2024
493513,Karl Hein,27/5/2024
495666,William Saliba,27/5/2024
496661,Elliot Thorpe,27/5/2024
497291,Nicolás Domínguez,27/5/2024
503679,Rhys Williams,27/5/2024
503680,Neco Williams,27/5/2024
503733,Anthony Gordon,27/5/2024
503743,Morgan Rogers,27/5/2024
503749,Jacob Ramsey,27/5/2024
503981,Tino Livramento,27/5/2024
503987,Noni Madueke,27/5/2024
504148,Tariq Lamptey,27/5/2024
504215,Giovanni Reyna,27/5/2024
504849,Kaoru Mitoma,27/5/2024
505219,James Garner,27/5/2024
507254,Nathan Ferguson,27/5/2024
512385,Luis Sinisterra,27/5/2024
517894,Matheus Cunha,27/5/2024
520624,Bruno Guimarães,27/5/2024
525247,Maximilian Kilman,27/5/2024
533662,Cameron Archer,27/5/2024
533916,Shandon Baptiste,27/5/2024
534033,Alexis Mac Allister,27/5/2024
535955,Nuno Tavares,27/5/2024
536508,Han-Noah Massengo,27/5/2024
536835,Amad Diallo,27/5/2024
537382,Bryan Gil,27/5/2024
537598,Fábio Vieira,27/5/2024
537860,Mykhaylo Mudryk,27/5/2024
538971,Naouirou Ahamada,27/5/2024
540941,Mikkel Damsgaard,27/5/2024
543164,Rhys Norrington-Davies,27/5/2024
543387,Cheick Doucouré,27/5/2024
543499,Mohammed Kudus,27/5/2024
546543,Darwin Núñez,27/5/2024
546712,Anis Ben Slimane,27/5/2024
548470,Teden Mengi,27/5/2024
548729,Zeki Amdouni,27/5/2024
553875,Pedro Porro,27/5/2024
554251,Yasser Larouci,27/5/2024
555076,Romain Faivre,27/5/2024
556385,Destiny Udogie,27/5/2024
557459,Micky van de Ven,27/5/2024
565093,Bart Verbruggen,27/5/2024
565822,Harvey Elliott,27/5/2024
566723,Michael Olise,27/5/2024
566799,James Trafford,27/5/2024
567576,Elliot Anderson,27/5/2024
568177,Cole Palmer,27/5/2024
568559,Radu Drăgușin,27/5/2024
568693,Pape Matar Sarr,27/5/2024
571743,Armando Broja,27/5/2024
576024,Julián Alvarez,27/5/2024
576099,Joseph Anang,27/5/2024
576314,Jan Paul van Hecke,27/5/2024
578391,Rayan Aït-Nouri,27/5/2024
578539,Chris Richards,27/5/2024
583189,Anthony Elanga,27/5/2024
583199,James McAtee,27/5/2024
583255,Antoine Semenyo,27/5/2024
584769,Dwight McNeil,27/5/2024
586834,Jesurun Rak-Sakyi,27/5/2024
591844,Joe Gauci,27/5/2024
591949,Aaron Hickey,27/5/2024
595809,Beto,27/5/2024
601883,Matheus Nunes,27/5/2024
602105,Antony,27/5/2024
606718,Toti,27/5/2024
608175,Alfie Doughty,27/5/2024
609556,William Osula,27/5/2024
610442,Rasmus Højlund,27/5/2024
611793,James Hill,27/5/2024
614258,Levi Colwill,27/5/2024
620322,Malo Gusto,27/5/2024
620598,Ameen Al-Dakhil,27/5/2024
621993,Andrew Omobamidele,27/5/2024
622380,Cesare Casadei,27/5/2024
624258,Conor Bradley,27/5/2024
626724,João Pedro,27/5/2024
626888,Kaine Kesler-Hayden,27/5/2024
627248,Lewis Dobbin,27/5/2024
628451,Roméo Lavia,27/5/2024
632349,Jarell Quansah,27/5/2024
640026,Shola Shoretire,27/5/2024
644401,Keane Lewis-Potter,27/5/2024
646658,Aaron Ramsey,27/5/2024
648046,Evan Ferguson,27/5/2024
648195,Enzo Fernández,27/5/2024
649020,Boubacar Traoré,27/5/2024
649317,Jhon Durán,27/5/2024
649452,Issa Kaboré,27/5/2024
655006,Diego Moreira,27/5/2024
655488,Gabriel Martinelli,27/5/2024
658536,Simon Adingra,27/5/2024
659089,Ilya Zabarnyi,27/5/2024
659459,Carney Chukwuemeka,27/5/2024
660867,Julio Enciso,27/5/2024
661053,Jarrad Branthwaite,27/5/2024
661207,Oscar Bobb,27/5/2024
663225,Tyler Onyango,27/5/2024
663581,Vini Souza,27/5/2024
670688,Youssef Chermiti,27/5/2024
670840,Joe Whitworth,27/5/2024
670845,Omari Forson,27/5/2024
670848,Divin Mubama,27/5/2024
670858,Lewis Hall,27/5/2024
687626,Moisés Caicedo,27/5/2024
696589,Tim Iroegbunam,27/5/2024
697280,George Earthy,27/5/2024
698678,Hugo Bueno,27/5/2024
701057,Rico Lewis,27/5/2024
711969,Lorenz Assignon,27/5/2024
711999,Lesley Ugochukwu,27/5/2024
712117,Bobby Clark,27/5/2024
717411,Yegor Yarmolyuk,27/5/2024
719673,Ben Gannon-Doak,27/5/2024
726701,Rodrigo Ribeiro,27/5/2024
730861,Milos Kerkez,27/5/2024
730893,Tyrick Mitchell,27/5/2024
735570,João Gomes,27/5/2024
735571,Rodrigo Muniz,27/5/2024
743498,Wilson Odobert,27/5/2024
743597,Matheus França,27/5/2024
744149,Adam Wharton,27/5/2024
745461,Luca Koleosho,27/5/2024
746739,Andre Brooks,27/5/2024
746740,Daniel Jebbison,27/5/2024
776890,Nicolas Jackson,27/5/2024
780630,Willy Kambwala,27/5/2024
787232,David Datro Fofana,27/5/2024
790992,Alfie Gilchrist,27/5/2024
808509,Danilo,27/5/2024
811779,Alejandro Garnacho,27/5/2024
820374,Kobbie Mainoo,27/5/2024
823231,Dango Ouattara,27/5/2024
842341,Maxime Estève,27/5/2024
849410,Valentín Barco,27/5/2024
855256,Alex Scott,27/5/2024
863741,Nathan Fraser,27/5/2024
864799,Stefan Bajcetic,27/5/2024
867688,Jack Hinshelwood,27/5/2024
874066,Oliver Arblaster,27/5/2024
874538,Ryan Trevitt,27/5/2024
922769,Lewis Miley,27/5/2024
973085,Carlos Baleba,27/5/2024
983989,Facundo Buonanotte,27/5/2024
1005649,Murillo,27/5/2024
1043634,Leon Chiwome,27/5/2024
1060740,Enso González,27/5/2024
1082850,Deivid Washington,27/5/2024
1141628,Yunus Konak,27/5/2024
631996,Brandon Aguilera,17/6/2024
921995,Luc De Fougerolles,17/6/2024
639384,Tomás Ortiz,26/6/2024
724866,Tomás Sultani,26/6/2024
847934,Ignacio Sabatini,26/6/2024
763090,Mukhammadali Urinboev,27/6/2024
877945,Henry Gray,27/6/2024
1069449,Emmanuel Adegboyega,27/6/2024
1071138,Benjamin Fredrick,27/6/2024
444641,Louie Moulden,28/6/2024
566802,Lewis Fiorini,28/6/2024
586987,Ovie Ejeheri,28/6/2024
626301,Adrion Pajaziti,28/6/2024
714458,Ben Nelson,28/6/2024
731466,Teddy Sharman-Lowe,28/6/2024
747009,Justin Devenny,28/6/2024
940915,Alexéi Rojas,28/6/2024
503988,Alex Mighten,1/7/2024
284857,Marc Cucurella,18/7/2024
357565,Rodri,18/7/2024
434675,Cody Gakpo,18/7/2024
820374,Kobbie Mainoo,18/7/2024
355915,Cristian Romero,19/7/2024
480762,Lisandro Martínez,19/7/2024
493003,Daniel Muñoz,19/7/2024
568005,Jeremy Sarmiento,19/7/2024
676318,Facundo Pellistri,19/7/2024
698415,José Córdoba,19/7/2024
46001,Moussa Sissoko,24/9/2024
121324,John Egan,24/9/2024
130768,Jonathan Bond,24/9/2024
214666,Connor Roberts,24/9/2024
242606,Josh Cullen,24/9/2024
275590,Kieffer Moore,24/9/2024
293569,Josh Brownhill,24/9/2024
298091,Harry Souttar,24/9/2024
314241,Josh Laurent,24/9/2024
381963,Mike Tresor,24/9/2024
393323,Brenden Aaronson,24/9/2024
396638,Manor Solomon,24/9/2024
403898,Jordan Beyer,24/9/2024
415970,Joe Worrall,24/9/2024
449597,Isaac Schmidt,24/9/2024
465717,Jayden Bogle,24/9/2024
518644,Largie Ramazani,24/9/2024
536508,Han-Noah Massengo,24/9/2024
646658,Aaron Ramsey,24/9/2024
696181,Romaine Mundle,24/9/2024
704155,Andréas Hountondji,24/9/2024
741229,Rocco Vata,24/9/2024
745461,Luca Koleosho,24/9/2024
800925,Oscar Schwartau,24/9/2024
803401,Ryan Andrews,24/9/2024
842341,Maxime Estève,24/9/2024
947411,Chris Rigg,24/9/2024
967346,Eliezer Mayenda,24/9/2024
1015619,Ahmed Abdullahi,24/9/2024
1089609,Kayky Almeida,24/9/2024
16306,Casemiro,1/10/2024
53622,İlkay Gündoğan,1/10/2024
74230,Pablo Sarabia,1/10/2024
88755,Kevin De Bruyne,1/10/2024
111195,Joël Veltman,1/10/2024
126665,Idrissa Gueye,1/10/2024
181579,James Ward-Prowse,1/10/2024
183288,Luke Shaw,1/10/2024
203460,Jack Grealish,1/10/2024
203853,Oleksandr Zinchenko,1/10/2024
209212,Solly March,1/10/2024
212847,Adam Webster,1/10/2024
226973,Harrison Reed,1/10/2024
240306,Bruno Fernandes,1/10/2024
249565,Youri Tielemans,1/10/2024
249994,José Sá,1/10/2024
250478,Matt Targett,1/10/2024
251106,Enes Ünal,1/10/2024
253677,Tyrone Mings,1/10/2024
258889,Dominic Solanke,1/10/2024
262980,Jefferson Lerma,1/10/2024
292139,Sammie Szmodics,1/10/2024
300716,Kieran Tierney,1/10/2024
309400,Kai Havertz,1/10/2024
316125,Ben Chilwell,1/10/2024
320411,Philip Billing,1/10/2024
321247,Emiliano Buendía,1/10/2024
326031,Matthijs de Ligt,1/10/2024
329145,Diego Carlos,1/10/2024
341092,Federico Chiesa,1/10/2024
342046,Axel Tuanzebe,1/10/2024
351749,Kalvin Phillips,1/10/2024
357147,Diogo Dalot,1/10/2024
363205,Gabriel Jesus,1/10/2024
378710,Richarlison,1/10/2024
386047,Axel Disasi,1/10/2024
392757,Marc Guéhi,1/10/2024
392765,Emile Smith Rowe,1/10/2024
392768,Callum Hudson-Odoi,1/10/2024
401320,Dara O'Shea,1/10/2024
406638,Oliver Skipp,1/10/2024
413507,Nikola Milenković,1/10/2024
418560,Erling Haaland,1/10/2024
425306,Matt Turner,1/10/2024
427568,Aaron Ramsdale,1/10/2024
435338,Gabriel,1/10/2024
442248,Ethan Pinnock,1/10/2024
444523,Lucas Paquetá,1/10/2024
450050,Jean-Ricner Bellegarde,1/10/2024
472423,Reece James,1/10/2024
474701,Crysencio Summerville,1/10/2024
476701,Manuel Ugarte,1/10/2024
478573,Ryan Gravenberch,1/10/2024
479999,Eberechi Eze,1/10/2024
480692,Luis Díaz,1/10/2024
485706,Amadou Onana,1/10/2024
503743,Morgan Rogers,1/10/2024
503749,Jacob Ramsey,1/10/2024
503987,Noni Madueke,1/10/2024
506189,Flynn Downes,1/10/2024
525247,Maximilian Kilman,1/10/2024
536835,Amad Diallo,1/10/2024
537860,Mykhaylo Mudryk,1/10/2024
538977,Georginio Rutter,1/10/2024
541231,Sepp van den Berg,1/10/2024
546543,Darwin Núñez,1/10/2024
559263,Fábio Carvalho,1/10/2024
565093,Bart Verbruggen,1/10/2024
567576,Elliot Anderson,1/10/2024
568177,Cole Palmer,1/10/2024
571743,Armando Broja,1/10/2024
576314,Jan Paul van Hecke,1/10/2024
583189,Anthony Elanga,1/10/2024
583255,Antoine Semenyo,1/10/2024
591949,Aaron Hickey,1/10/2024
596446,Leif Davis,1/10/2024
601883,Matheus Nunes,1/10/2024
602105,Antony,1/10/2024
609556,William Osula,1/10/2024
610581,Ali Al-Hamadi,1/10/2024
610849,Liam Delap,1/10/2024
626724,João Pedro,1/10/2024
644401,Keane Lewis-Potter,1/10/2024
648046,Evan Ferguson,1/10/2024
649317,Jhon Durán,1/10/2024
654253,Toby Collyer,1/10/2024
655488,Gabriel Martinelli,1/10/2024
667121,Rodrigo Gomes,1/10/2024
670858,Lewis Hall,1/10/2024
693095,Jacob Greaves,1/10/2024
696589,Tim Iroegbunam,1/10/2024
700106,Brajan Gruda,1/10/2024
701057,Rico Lewis,1/10/2024
711544,Jake O'Brien,1/10/2024
735570,João Gomes,1/10/2024
741238,Omari Hutchinson,1/10/2024
743498,Wilson Odobert,1/10/2024
776890,Nicolas Jackson,1/10/2024
805714,Renato Veiga,1/10/2024
811779,Alejandro Garnacho,1/10/2024
864121,Abdul Fatawu,1/10/2024
866246,Lucas Bergvall,1/10/2024
866655,Tyler Dibling,1/10/2024
867688,Jack Hinshelwood,1/10/2024
880245,Mateus Fernandes,1/10/2024
890290,Dean Huijsen,1/10/2024
890719,Ethan Nwaneri,1/10/2024
890721,Myles Lewis-Skelly,1/10/2024
922693,Archie Gray,1/10/2024
923831,Leny Yoro,1/10/2024
936842,Michael Golding,1/10/2024
940915,Alexéi Rojas,1/10/2024
955253,Bastien Meupiyou,1/10/2024
961642,Chris Donnell,1/10/2024
1005649,Murillo,1/10/2024
1011147,Mikey Moore,1/10/2024
1012534,Yankuba Minteh,1/10/2024
1131973,Jack Porter,1/10/2024
1193867,Pedro Lima,1/10/2024
639384,Tomás Ortiz,29/11/2024
847934,Ignacio Sabatini,29/11/2024
3333,James Milner,16/12/2024
14086,Ashley Young,16/12/2024
14555,Scott Carson,16/12/2024
16306,Casemiro,16/12/2024
29692,Lukasz Fabianski,16/12/2024
29712,John Ruddy,16/12/2024
33873,Asmir Begovic,16/12/2024
34130,Tom Heaton,16/12/2024
43530,Adam Lallana,16/12/2024
51471,Mateo Kovacic,16/12/2024
52570,Fraser Forster,16/12/2024
53622,İlkay Gündoğan,16/12/2024
61697,Wes Foderingham,16/12/2024
61841,Adam Smith,16/12/2024
67063,Danny Welbeck,16/12/2024
68390,Séamus Coleman,16/12/2024
69633,Christian Eriksen,16/12/2024
72476,Bernd Leno,16/12/2024
73564,Jason Steele,16/12/2024
74230,Pablo Sarabia,16/12/2024
74960,Martin Dúbravka,16/12/2024
75458,Robin Olsen,16/12/2024
75489,Niclas Füllkrug,16/12/2024
85177,Nathaniel Clyne,16/12/2024
85941,Stefan Ortega,16/12/2024
88755,Kevin De Bruyne,16/12/2024
91845,Heung-min Son,16/12/2024
92571,Aaron Cresswell,16/12/2024
92572,Joel Ward,16/12/2024
95424,Kyle Walker,16/12/2024
95810,Kieran Trippier,16/12/2024
95976,Alex McCarthy,16/12/2024
99331,Jannik Vestergaard,16/12/2024
102017,Jorginho,16/12/2024
104124,Michail Antonio,16/12/2024
105470,Alisson,16/12/2024
108354,Jordan Ayew,16/12/2024
108725,Chris Wood,16/12/2024
110864,Sam Johnstone,16/12/2024
111195,Joël Veltman,16/12/2024
111819,Neto,16/12/2024
111873,Emiliano Martínez,16/12/2024
116648,Marcus Bettinelli,16/12/2024
118534,Michael Keane,16/12/2024
120629,Alphonse Areola,16/12/2024
121477,Craig Dawson,16/12/2024
123275,Tom Cairney,16/12/2024
123551,Sam Morsy,16/12/2024
123682,Callum Wilson,16/12/2024
124419,Odysseas Vlachodimos,16/12/2024
125714,Mark Flekken,16/12/2024
126664,Lucas Digne,16/12/2024
126665,Idrissa Gueye,16/12/2024
127187,Abdoulaye Doucouré,16/12/2024
127202,Matz Sels,16/12/2024
128901,Conor Coady,16/12/2024
130164,Jordan Pickford,16/12/2024
131978,Ross Barkley,16/12/2024
134270,Dan Burn,16/12/2024
134294,Danny Ings,16/12/2024
134425,Raheem Sterling,16/12/2024
135343,Fabian Schär,16/12/2024
136401,Daniel Bentley,16/12/2024
139208,Virgil van Dijk,16/12/2024
142310,Willy Boly,16/12/2024
142389,Mark Gillespie,16/12/2024
144028,Leandro Trossard,16/12/2024
146310,Wataru Endo,16/12/2024
146509,Conor Townsend,16/12/2024
146795,Ryan Fraser,16/12/2024
148153,Lewis Dunk,16/12/2024
148367,Christian Nørgaard,16/12/2024
148455,Mohamed Salah,16/12/2024
157506,Jeffrey Schlupp,16/12/2024
157672,Vladimír Coufal,16/12/2024
163744,Jack Stephens,16/12/2024
170527,Timo Werner,16/12/2024
170934,Mario Lemina,16/12/2024
171679,Matt Doherty,16/12/2024
173504,James Tarkowski,16/12/2024
177476,Nathan Aké,16/12/2024
177907,Harry Maguire,16/12/2024
181579,James Ward-Prowse,16/12/2024
181687,Massimo Luongo,16/12/2024
181778,Emerson,16/12/2024
183288,Luke Shaw,16/12/2024
183318,Jamaal Lascelles,16/12/2024
184528,Emil Krafth,16/12/2024
184573,Victor Lindelöf,16/12/2024
186186,Bobby De Cordova-Reid,16/12/2024
186590,John Stones,16/12/2024
188077,Ryan Christie,16/12/2024
192080,Nick Pope,16/12/2024
192279,Kepa Arrizabalaga,16/12/2024
192765,Ben Davies,16/12/2024
193098,Álex Moreno,16/12/2024
193116,John McGinn,16/12/2024
195633,Charlie Taylor,16/12/2024
196722,Remi Matthews,16/12/2024
197838,Jamie Vardy,16/12/2024
198516,Harry Toffolo,16/12/2024
199527,Jacob Murphy,16/12/2024
203026,Danny Ward,16/12/2024
203394,Andreas Pereira,16/12/2024
203460,Jack Grealish,16/12/2024
203853,Oleksandr Zinchenko,16/12/2024
204103,Adama Traoré,16/12/2024
206040,Raúl Jiménez,16/12/2024
206225,Isaac Hayden,16/12/2024
206746,Kenny Tete,16/12/2024
207014,Will Hughes,16/12/2024
209212,Solly March,16/12/2024
212847,Adam Webster,16/12/2024
215810,Tom King,16/12/2024
215876,Ricardo Pereira,16/12/2024
225122,Gonçalo Guedes,16/12/2024
226973,Harrison Reed,16/12/2024
230784,Thomas Partey,16/12/2024
231572,Nélson Semedo,16/12/2024
233124,Kortney Hause,16/12/2024
234509,André Onana,16/12/2024
234781,Maxwel Cornet,16/12/2024
234803,Andrew Robertson,16/12/2024
236490,Ola Aina,16/12/2024
238223,Ederson,16/12/2024
240306,Bruno Fernandes,16/12/2024
241641,Bernardo Silva,16/12/2024
242631,Alex Iwobi,16/12/2024
243028,Jan Bednarek,16/12/2024
245056,Saša Lukić,16/12/2024
249089,Lewis Cook,16/12/2024
249126,Harry Winks,16/12/2024
249565,Youri Tielemans,16/12/2024
249994,José Sá,16/12/2024
250426,Adam Armstrong,16/12/2024
250478,Matt Targett,16/12/2024
251106,Enes Ünal,16/12/2024
253341,Rob Holding,16/12/2024
253677,Tyrone Mings,16/12/2024
255788,Cameron Burgess,16/12/2024
256178,Joe Gomez,16/12/2024
258004,Rúben Dias,16/12/2024
258878,Tosin Adarabioyo,16/12/2024
258889,Dominic Solanke,16/12/2024
258919,Dean Henderson,16/12/2024
258923,Marcus Rashford,16/12/2024
260827,Joachim Andersen,16/12/2024
260841,Daniel Iversen,16/12/2024
262226,Timothy Castagne,16/12/2024
262300,Ryan Manning,16/12/2024
262749,David Raya,16/12/2024
262980,Jefferson Lerma,16/12/2024
270171,Vitaly Janelt,16/12/2024
272622,Issa Diop,16/12/2024
272855,Paul Onuachu,16/12/2024
272999,Miguel Almirón,16/12/2024
274839,Wilfred Ndidi,16/12/2024
277033,David Brooks,16/12/2024
279455,Harry Wilson,16/12/2024
282429,Sergio Reguilón,16/12/2024
283628,Tomáš Souček,16/12/2024
284730,Manuel Akanji,16/12/2024
284857,Marc Cucurella,16/12/2024
286047,Guglielmo Vicario,16/12/2024
289592,Orel Mangala,16/12/2024
292139,Sammie Szmodics,16/12/2024
292246,Hee-chan Hwang,16/12/2024
292808,Wout Faes,16/12/2024
294057,James Maddison,16/12/2024
295313,Taiwo Awoniyi,16/12/2024
300716,Kieran Tierney,16/12/2024
306024,Dominic Calvert-Lewin,16/12/2024
309400,Kai Havertz,16/12/2024
314353,Trent Alexander-Arnold,16/12/2024
314875,Jarrod Bowen,16/12/2024
316125,Ben Chilwell,16/12/2024
316264,Martin Ødegaard,16/12/2024
319859,Mathias Jensen,16/12/2024
320411,Philip Billing,16/12/2024
321247,Emiliano Buendía,16/12/2024
324223,James Bree,16/12/2024
324358,Ollie Watkins,16/12/2024
326031,Matthijs de Ligt,16/12/2024
328658,Kristoffer Ajer,16/12/2024
329145,Diego Carlos,16/12/2024
329813,João Virgínia,16/12/2024
330659,Justin Kluivert,16/12/2024
331560,Takehiro Tomiyasu,16/12/2024
332705,Tyler Adams,16/12/2024
333014,Sander Berge,16/12/2024
333241,Joelinton,16/12/2024
335721,Ben White,16/12/2024
336077,Altay Bayındır,16/12/2024
336367,Joe Lumley,16/12/2024
338070,Konstantinos Tsimikas,16/12/2024
338424,Mikel Merino,16/12/2024
339340,Tyrell Malacia,16/12/2024
339556,Rico Henry,16/12/2024
340321,Josh Dasilva,16/12/2024
340324,Eddie Nketiah,16/12/2024
340325,Reiss Nelson,16/12/2024
340328,Stephy Mavididi,16/12/2024
340329,Joe Willock,16/12/2024
340456,Noussair Mazraoui,16/12/2024
340918,Caoimhín Kelleher,16/12/2024
340950,Diogo Jota,16/12/2024
341051,Kyle Walker-Peters,16/12/2024
341092,Federico Chiesa,16/12/2024
341501,Hamza Choudhury,16/12/2024
342046,Axel Tuanzebe,16/12/2024
342385,Guido Rodríguez,16/12/2024
344009,Nathan Broadhead,16/12/2024
344152,Odsonne Édouard,16/12/2024
344381,Christopher Nkunku,16/12/2024
346314,Trevoh Chalobah,16/12/2024
346483,Mason Mount,16/12/2024
346707,Sean Longstaff,16/12/2024
349066,Alexander Isak,16/12/2024
349503,Conor Chaplin,16/12/2024
349599,Pervis Estupiñán,16/12/2024
349701,Antonee Robinson,16/12/2024
351749,Kalvin Phillips,16/12/2024
354362,Rodrigo Bentancur,16/12/2024
355915,Cristian Romero,16/12/2024
356141,Daichi Kamada,16/12/2024
357119,Ibrahima Konaté,16/12/2024
357147,Diogo Dalot,16/12/2024
357565,Rodri,16/12/2024
357658,Mark Travers,16/12/2024
357662,Declan Rice,16/12/2024
361093,Sven Botman,16/12/2024
363205,Gabriel Jesus,16/12/2024
369316,Ferdi Kadıoğlu,16/12/2024
369567,Sasa Kalajdzic,16/12/2024
371021,Arijanet Murić,16/12/2024
372246,Carlos Soler,16/12/2024
375885,Ibrahim Sangaré,16/12/2024
378710,Richarlison,16/12/2024
380350,Igor Julio,16/12/2024
381469,Steven Benda,16/12/2024
384461,Jakub Moder,16/12/2024
386047,Axel Disasi,16/12/2024
387626,Leon Bailey,16/12/2024
388165,Yoane Wissa,16/12/2024
391005,Mads Roerslev,16/12/2024
392591,Chiedozie Ogbene,16/12/2024
392757,Marc Guéhi,16/12/2024
392765,Emile Smith Rowe,16/12/2024
392768,Callum Hudson-Odoi,16/12/2024
392775,Ryan Sessegnon,16/12/2024
394327,Boubacar Kamara,16/12/2024
397033,Sandro Tonali,16/12/2024
398065,Harvey Barnes,16/12/2024
399434,Marcus Tavernier,16/12/2024
399776,Pau Torres,16/12/2024
400536,Mads Hermansen,16/12/2024
401173,Jadon Sancho,16/12/2024
401320,Dara O'Shea,16/12/2024
401356,Edson Álvarez,16/12/2024
403151,Robert Sánchez,16/12/2024
404842,Vitaliy Mykolenko,16/12/2024
405385,Yukinari Sugawara,16/12/2024
406634,Matt O'Riley,16/12/2024
406635,Phil Foden,16/12/2024
406638,Oliver Skipp,16/12/2024
410225,Ismaïla Sarr,16/12/2024
410425,Yves Bissouma,16/12/2024
413039,Bryan Mbeumo,16/12/2024
413220,James Justin,16/12/2024
413403,Ezri Konsa,16/12/2024
413507,Nikola Milenković,16/12/2024
415381,Mats Wieffer,16/12/2024
415912,Konstantinos Mavropanos,16/12/2024
417346,Jack Harrison,16/12/2024
418560,Erling Haaland,16/12/2024
420002,Jean-Philippe Mateta,16/12/2024
420243,Jurriën Timber,16/12/2024
420808,George Hirst,16/12/2024
424015,Nathan Patterson,16/12/2024
425306,Matt Turner,16/12/2024
425334,Matty Cash,16/12/2024
425902,Ryan Yates,16/12/2024
425918,Jakub Kiwior,16/12/2024
426192,Ben Brereton Díaz,16/12/2024
427568,Aaron Ramsdale,16/12/2024
428016,Brandon Austin,16/12/2024
429014,Morgan Gibbs-White,16/12/2024
429983,Jørgen Strand Larsen,16/12/2024
430310,Andrew Irving,16/12/2024
431755,Dejan Kulusevski,16/12/2024
433177,Bukayo Saka,16/12/2024
433183,Tommy Doyle,16/12/2024
433188,Curtis Jones,16/12/2024
434224,Maxence Lacroix,16/12/2024
434675,Cody Gakpo,16/12/2024
435338,Gabriel,16/12/2024
435648,Joshua Zirkzee,16/12/2024
438001,Santiago Bueno,16/12/2024
442248,Ethan Pinnock,16/12/2024
444211,Will Smallbone,16/12/2024
444523,Lucas Paquetá,16/12/2024
447995,Ross Stewart,16/12/2024
448854,Emmanuel Dennis,16/12/2024
450050,Jean-Ricner Bellegarde,16/12/2024
451276,Dominik Szoboszlai,16/12/2024
458178,Jack Taylor,16/12/2024
461883,Calvin Bassey,16/12/2024
462250,João Félix,16/12/2024
463603,Benoît Badiashile,16/12/2024
467563,Armel Bella-Kotchap,16/12/2024
468002,Ben Johnson,16/12/2024
468066,Jens Cajuste,16/12/2024
468198,Joe Aribo,16/12/2024
469050,Nathan Collins,16/12/2024
469781,Marcos Senesi,16/12/2024
470607,Brennan Johnson,16/12/2024
471690,Max Aarons,16/12/2024
472423,Reece James,16/12/2024
473050,Kevin Schade,16/12/2024
474701,Crysencio Summerville,16/12/2024
475188,Kiernan Dewsbury-Hall,16/12/2024
475411,Wesley Fofana,16/12/2024
475959,Josko Gvardiol,16/12/2024
476701,Manuel Ugarte,16/12/2024
477758,Aaron Wan-Bissaka,16/12/2024
478573,Ryan Gravenberch,16/12/2024
479999,Eberechi Eze,16/12/2024
480116,Lloyd Kelly,16/12/2024
480692,Luis Díaz,16/12/2024
480762,Lisandro Martínez,16/12/2024
483348,Djed Spence,16/12/2024
485585,Ian Maatsen,16/12/2024
485706,Amadou Onana,16/12/2024
486049,Jérémy Doku,16/12/2024
486604,Vitezslav Jaros,16/12/2024
487465,Pedro Neto,16/12/2024
488935,Hákon Valdimarsson,16/12/2024
490606,Lucas Bergström,16/12/2024
493003,Daniel Muñoz,16/12/2024
494880,Jorge Cuenca,16/12/2024
495666,William Saliba,16/12/2024
497291,Nicolás Domínguez,16/12/2024
502821,Riccardo Calafiori,16/12/2024
503680,Neco Williams,16/12/2024
503733,Anthony Gordon,16/12/2024
503743,Morgan Rogers,16/12/2024
503749,Jacob Ramsey,16/12/2024
503977,Taylor Harwood-Bellis,16/12/2024
503981,Tino Livramento,16/12/2024
503987,Noni Madueke,16/12/2024
503990,Nathan Wood,16/12/2024
504148,Tariq Lamptey,16/12/2024
504849,Kaoru Mitoma,16/12/2024
505194,Luke Thomas,16/12/2024
505219,James Garner,16/12/2024
506189,Flynn Downes,16/12/2024
512385,Luis Sinisterra,16/12/2024
513245,Jesper Lindstrøm,16/12/2024
513970,Julián Araujo,16/12/2024
517894,Matheus Cunha,16/12/2024
520624,Bruno Guimarães,16/12/2024
525247,Maximilian Kilman,16/12/2024
525287,Carlos Vinícius,16/12/2024
527425,Luke Woolfenden,16/12/2024
528892,Harry Clarke,16/12/2024
532541,Luke Cundle,16/12/2024
533662,Cameron Archer,16/12/2024
534033,Alexis Mac Allister,16/12/2024
536835,Amad Diallo,16/12/2024
537860,Mykhaylo Mudryk,16/12/2024
538977,Georginio Rutter,16/12/2024
539810,Kristian Sekularac,16/12/2024
540941,Mikkel Damsgaard,16/12/2024
541231,Sepp van den Berg,16/12/2024
543387,Cheick Doucouré,16/12/2024
543499,Mohammed Kudus,16/12/2024
546543,Darwin Núñez,16/12/2024
553875,Pedro Porro,16/12/2024
555074,Oliwier Zych,16/12/2024
556385,Destiny Udogie,16/12/2024
557459,Micky van de Ven,16/12/2024
559263,Fábio Carvalho,16/12/2024
559330,Salah Oulad,16/12/2024
559794,Jack Clarke,16/12/2024
564529,Victor Kristiansen,16/12/2024
565093,Bart Verbruggen,16/12/2024
565822,Harvey Elliott,16/12/2024
565846,Imari Samuels,16/12/2024
567576,Elliot Anderson,16/12/2024
568177,Cole Palmer,16/12/2024
568559,Radu Drăgușin,16/12/2024
568693,Pape Matar Sarr,16/12/2024
571743,Armando Broja,16/12/2024
576121,Josh Wilson-Esbrand,16/12/2024
576314,Jan Paul van Hecke,16/12/2024
578391,Rayan Aït-Nouri,16/12/2024
578539,Chris Richards,16/12/2024
582078,Will Dennis,16/12/2024
583189,Anthony Elanga,16/12/2024
583199,James McAtee,16/12/2024
583255,Antoine Semenyo,16/12/2024
584769,Dwight McNeil,16/12/2024
585323,Filip Jørgensen,16/12/2024
585550,Gavin Bazunu,16/12/2024
591844,Joe Gauci,16/12/2024
591949,Aaron Hickey,16/12/2024
595809,Beto,16/12/2024
596446,Leif Davis,16/12/2024
601883,Matheus Nunes,16/12/2024
602105,Antony,16/12/2024
605184,Jean-Clair Todibo,16/12/2024
606718,Toti,16/12/2024
609556,William Osula,16/12/2024
610442,Rasmus Højlund,16/12/2024
610581,Ali Al-Hamadi,16/12/2024
610849,Liam Delap,16/12/2024
611793,James Hill,16/12/2024
614258,Levi Colwill,16/12/2024
618494,Tyler Morton,16/12/2024
620322,Malo Gusto,16/12/2024
621193,Kasey McAteer,16/12/2024
621993,Andrew Omobamidele,16/12/2024
621997,Cieran Slicker,16/12/2024
622380,Cesare Casadei,16/12/2024
623570,Iliman Ndiaye,16/12/2024
624258,Conor Bradley,16/12/2024
626724,João Pedro,16/12/2024
628451,Roméo Lavia,16/12/2024
632349,Jarell Quansah,16/12/2024
638964,Nathan Butler-Oyedeji,16/12/2024
641458,Carlos Miguel,16/12/2024
644401,Keane Lewis-Potter,16/12/2024
645686,Lamare Bogarde,16/12/2024
646710,Sil Swinkels,16/12/2024
646738,Juan Larios,16/12/2024
648046,Evan Ferguson,16/12/2024
648195,Enzo Fernández,16/12/2024
649020,Boubacar Traoré,16/12/2024
649317,Jhon Durán,16/12/2024
654253,Toby Collyer,16/12/2024
654982,Bilal El Khannouss,16/12/2024
655488,Gabriel Martinelli,16/12/2024
658536,Simon Adingra,16/12/2024
659089,Ilya Zabarnyi,16/12/2024
659459,Carney Chukwuemeka,16/12/2024
660867,Julio Enciso,16/12/2024
661053,Jarrad Branthwaite,16/12/2024
661207,Oscar Bobb,16/12/2024
663244,Jota Silva,16/12/2024
665390,Jaden Philogene,16/12/2024
667121,Rodrigo Gomes,16/12/2024
667287,Yasin Ayari,16/12/2024
670688,Youssef Chermiti,16/12/2024
670713,Diogo Monteiro,16/12/2024
670858,Lewis Hall,16/12/2024
673492,Morato,16/12/2024
687626,Moisés Caicedo,16/12/2024
689637,Chadi Riad,16/12/2024
693095,Jacob Greaves,16/12/2024
696589,Tim Iroegbunam,16/12/2024
700106,Brajan Gruda,16/12/2024
701057,Rico Lewis,16/12/2024
706815,Harvey Davies,16/12/2024
709767,Ji-soo Kim,16/12/2024
711337,Evanilson,16/12/2024
711544,Jake O'Brien,16/12/2024
711999,Lesley Ugochukwu,16/12/2024
716276,Yerson Mosquera,16/12/2024
717411,Yegor Yarmolyuk,16/12/2024
730861,Milos Kerkez,16/12/2024
730893,Tyrick Mitchell,16/12/2024
732165,Ronnie Edwards,16/12/2024
735570,João Gomes,16/12/2024
735571,Rodrigo Muniz,16/12/2024
739443,Igor Thiago,16/12/2024
741228,Joe O'Brien-Whitmarsh,16/12/2024
741236,Matthew Cox,16/12/2024
741238,Omari Hutchinson,16/12/2024
741650,Khayon Edwards,16/12/2024
742451,Carlos Forbs,16/12/2024
743498,Wilson Odobert,16/12/2024
743591,Savinho,16/12/2024
743597,Matheus França,16/12/2024
744149,Adam Wharton,16/12/2024
745191,Ramón Sosa,16/12/2024
746695,Kamaldeen Sulemana,16/12/2024
747009,Justin Devenny,16/12/2024
776890,Nicolas Jackson,16/12/2024
800176,André,16/12/2024
805714,Renato Veiga,16/12/2024
808509,Danilo,16/12/2024
811779,Alejandro Garnacho,16/12/2024
820374,Kobbie Mainoo,16/12/2024
821522,Alfie Pond,16/12/2024
823231,Dango Ouattara,16/12/2024
843595,Max Alleyne,16/12/2024
845289,James McConnell,16/12/2024
845321,Kaelan Casey,16/12/2024
845809,Lewis Orford,16/12/2024
848682,Kosta Nedeljkovic,16/12/2024
855256,Alex Scott,16/12/2024
860078,Kaden Rodney,16/12/2024
864121,Abdul Fatawu,16/12/2024
866246,Lucas Bergvall,16/12/2024
866655,Tyler Dibling,16/12/2024
867688,Jack Hinshelwood,16/12/2024
874538,Ryan Trevitt,16/12/2024
880245,Mateus Fernandes,16/12/2024
890290,Dean Huijsen,16/12/2024
890719,Ethan Nwaneri,16/12/2024
890721,Myles Lewis-Skelly,16/12/2024
897481,Eric da Silva Moreira,16/12/2024
900601,Alex Murphy,16/12/2024
903189,Maldini Kacurri,16/12/2024
922563,Oliver Scarles,16/12/2024
922693,Archie Gray,16/12/2024
922698,Ishé Samuels-Smith,16/12/2024
922764,Ben Parkinson,16/12/2024
922769,Lewis Miley,16/12/2024
923831,Leny Yoro,16/12/2024
926135,Omari Kellyman,16/12/2024
933017,Zach Abbott,16/12/2024
933900,Samuel Amo-Ameyaw,16/12/2024
936842,Michael Golding,16/12/2024
938158,Marc Guiu,16/12/2024
942497,Jahmai Simpson-Pusey,16/12/2024
943560,Franco Umeh,16/12/2024
955253,Bastien Meupiyou,16/12/2024
967948,Garang Kuol,16/12/2024
973085,Carlos Baleba,16/12/2024
983248,Callan McKenna,16/12/2024
983702,Jacob Wright,16/12/2024
983989,Facundo Buonanotte,16/12/2024
991800,Luís Guilherme,16/12/2024
1004708,Josh Acheampong,16/12/2024
1005649,Murillo,16/12/2024
1011131,Josh King,16/12/2024
1011147,Mikey Moore,16/12/2024
1012534,Yankuba Minteh,16/12/2024
1060740,Enso González,16/12/2024
1078163,Ayden Heaven,16/12/2024
1107733,Harrison Armstrong,16/12/2024
1131973,Jack Porter,16/12/2024
1141628,Yunus Konak,16/12/2024
1193867,Pedro Lima,16/12/2024
655986,Reece Welch,20/12/2024
863741,Nathan Fraser,20/12/2024
580809,Ed Turns,27/12/2024
581675,Harvey Vale,27/12/2024
605757,Zan-Luk Leban,27/12/2024
618495,James Norris,27/12/2024
670848,Divin Mubama,27/12/2024
678641,Justin Hubner,27/12/2024
703626,Cameron Peupion,27/12/2024
882657,Noel Buck,27/12/2024
921995,Luc De Fougerolles,27/12/2024
939290,Jayden Danns,27/12/2024
940915,Alexéi Rojas,27/12/2024
945909,Rory MacLeod,27/12/2024
961642,Chris Donnell,27/12/2024
967000,Kristian Fletcher,27/12/2024
985691,Harrison Murray-Campbell,27/12/2024
990836,Romeo Akachukwu,27/12/2024
992686,Martial Godo,27/12/2024
1043634,Leon Chiwome,27/12/2024
1045123,Trey Nyoni,27/12/2024
1053908,Travis Hernes,27/12/2024
46001,Moussa Sissoko,30/12/2024
63200,Ashley Barnes,30/12/2024
95795,Václav Hladký,30/12/2024
99397,Karl Darlow,30/12/2024
121254,Adam Davies,30/12/2024
121324,John Egan,30/12/2024
121385,Grant Hanley,30/12/2024
123536,Simon Moore,30/12/2024
126600,Kenny McLean,30/12/2024
130768,Jonathan Bond,30/12/2024
194386,Alex Cairns,30/12/2024
201574,Angus Gunn,30/12/2024
214666,Connor Roberts,30/12/2024
236953,Sam Byram,30/12/2024
242606,Josh Cullen,30/12/2024
250490,Christian Fassnacht,30/12/2024
252345,Ken Sema,30/12/2024
263361,Maximilian Wöber,30/12/2024
275590,Kieffer Moore,30/12/2024
278166,Amari'i Bell,30/12/2024
282939,Luke O'Nien,30/12/2024
293569,Josh Brownhill,30/12/2024
297212,Joe Rodon,30/12/2024
298091,Harry Souttar,30/12/2024
314241,Josh Laurent,30/12/2024
319301,Daniel James,30/12/2024
338635,Hannes Delcroix,30/12/2024
346472,Tom Dele-Bashiru,30/12/2024
366729,Nazariy Rusyn,30/12/2024
369962,Joël Piroe,30/12/2024
371436,Francisco Sierralta,30/12/2024
374139,Junior Firpo,30/12/2024
375877,Vakoun Bayo,30/12/2024
377468,Anel Ahmedhodzic,30/12/2024
381753,Ilia Gruev,30/12/2024
381963,Mike Tresor,30/12/2024
387191,Daiki Hashioka,30/12/2024
390664,Jacob Lungi Sørensen,30/12/2024
392179,Hjalmar Ekdal,30/12/2024
392763,Ian Poveda,30/12/2024
392771,Ethan Ampadu,30/12/2024
393323,Brenden Aaronson,30/12/2024
393325,Josh Sargent,30/12/2024
396638,Manor Solomon,30/12/2024
403898,Jordan Beyer,30/12/2024
405687,Tom Krauß,30/12/2024
410708,Pascal Struijk,30/12/2024
411537,Zian Flemming,30/12/2024
412616,Giorgi Chakvetadze,30/12/2024
412937,Shurandy Sambo,30/12/2024
415970,Joe Worrall,30/12/2024
424900,Tom Holmes,30/12/2024
446093,Ryan Porteous,30/12/2024
449597,Isaac Schmidt,30/12/2024
465717,Jayden Bogle,30/12/2024
467623,Lyle Foster,30/12/2024
480987,Chris Mepham,30/12/2024
489359,Ao Tanaka,30/12/2024
490224,Ismaila Coulibaly,30/12/2024
494237,Wilson Isidor,30/12/2024
503686,Dan Ballard,30/12/2024
515544,Trai Hume,30/12/2024
518644,Largie Ramazani,30/12/2024
536508,Han-Noah Massengo,30/12/2024
542586,Illan Meslier,30/12/2024
543164,Rhys Norrington-Davies,30/12/2024
554251,Yasser Larouci,30/12/2024
566799,James Trafford,30/12/2024
568005,Jeremy Sarmiento,30/12/2024
568006,Dennis Cirkin,30/12/2024
581669,CJ Egan-Riley,30/12/2024
586756,Festy Ebosele,30/12/2024
586834,Jesurun Rak-Sakyi,30/12/2024
607224,Hannibal,30/12/2024
612517,Bashir Humphreys,30/12/2024
617755,Jenson Seelt,30/12/2024
627626,Wilfried Gnonto,30/12/2024
634461,Borja Sainz,30/12/2024
646658,Aaron Ramsey,30/12/2024
654412,Abdoullah Ba,30/12/2024
663581,Vini Souza,30/12/2024
684210,Jaidon Anthony,30/12/2024
688707,Salis Abdul Samed,30/12/2024
696181,Romaine Mundle,30/12/2024
696762,Jonathan Tomkinson,30/12/2024
696849,Etienne Green,30/12/2024
698415,José Córdoba,30/12/2024
704155,Andréas Hountondji,30/12/2024
715558,Marcelino Núñez,30/12/2024
741229,Rocco Vata,30/12/2024
743627,Jewison Bennette,30/12/2024
745461,Luca Koleosho,30/12/2024
746740,Daniel Jebbison,30/12/2024
796297,Jobe Bellingham,30/12/2024
800925,Oscar Schwartau,30/12/2024
803401,Ryan Andrews,30/12/2024
834742,Mateo Joseph,30/12/2024
842341,Maxime Estève,30/12/2024
874043,Louie Marsh,30/12/2024
927768,Lucas Pires,30/12/2024
933018,Tom Watson,30/12/2024
942738,Milan Aleksic,30/12/2024
947411,Chris Rigg,30/12/2024
967346,Eliezer Mayenda,30/12/2024
1015619,Ahmed Abdullahi,30/12/2024
1089609,Kayky Almeida,30/12/2024
936874,Tyrique George,6/2/2025
51471,Mateo Kovacic,18/3/2025
53622,İlkay Gündoğan,18/3/2025
73564,Jason Steele,18/3/2025
75489,Niclas Füllkrug,18/3/2025
88755,Kevin De Bruyne,18/3/2025
91845,Heung-min Son,18/3/2025
92572,Joel Ward,18/3/2025
95810,Kieran Trippier,18/3/2025
102017,Jorginho,18/3/2025
104124,Michail Antonio,18/3/2025
108725,Chris Wood,18/3/2025
134425,Raheem Sterling,18/3/2025
146310,Wataru Endo,18/3/2025
148153,Lewis Dunk,18/3/2025
148367,Christian Nørgaard,18/3/2025
170527,Timo Werner,18/3/2025
177476,Nathan Aké,18/3/2025
181579,James Ward-Prowse,18/3/2025
183288,Luke Shaw,18/3/2025
186186,Bobby De Cordova-Reid,18/3/2025
186590,John Stones,18/3/2025
192080,Nick Pope,18/3/2025
193116,John McGinn,18/3/2025
198516,Harry Toffolo,18/3/2025
199527,Jacob Murphy,18/3/2025
203460,Jack Grealish,18/3/2025
203853,Oleksandr Zinchenko,18/3/2025
209212,Solly March,18/3/2025
215876,Ricardo Pereira,18/3/2025
225122,Gonçalo Guedes,18/3/2025
226973,Harrison Reed,18/3/2025
234509,André Onana,18/3/2025
234803,Andrew Robertson,18/3/2025
236490,Ola Aina,18/3/2025
238223,Ederson,18/3/2025
241641,Bernardo Silva,18/3/2025
249089,Lewis Cook,18/3/2025
249126,Harry Winks,18/3/2025
249565,Youri Tielemans,18/3/2025
253677,Tyrone Mings,18/3/2025
256178,Joe Gomez,18/3/2025
258004,Rúben Dias,18/3/2025
258923,Marcus Rashford,18/3/2025
262980,Jefferson Lerma,18/3/2025
272622,Issa Diop,18/3/2025
272855,Paul Onuachu,18/3/2025
277033,David Brooks,18/3/2025
282429,Sergio Reguilón,18/3/2025
283628,Tomáš Souček,18/3/2025
284730,Manuel Akanji,18/3/2025
292246,Hee-chan Hwang,18/3/2025
294057,James Maddison,18/3/2025
295313,Taiwo Awoniyi,18/3/2025
306024,Dominic Calvert-Lewin,18/3/2025
309400,Kai Havertz,18/3/2025
316125,Ben Chilwell,18/3/2025
316264,Martin Ødegaard,18/3/2025
319859,Mathias Jensen,18/3/2025
324358,Ollie Watkins,18/3/2025
326029,Donyell Malen,18/3/2025
326031,Matthijs de Ligt,18/3/2025
330659,Justin Kluivert,18/3/2025
331560,Takehiro Tomiyasu,18/3/2025
332705,Tyler Adams,18/3/2025
333014,Sander Berge,18/3/2025
335721,Ben White,18/3/2025
338424,Mikel Merino,18/3/2025
339556,Rico Henry,18/3/2025
340321,Josh Dasilva,18/3/2025
340324,Eddie Nketiah,18/3/2025
340950,Diogo Jota,18/3/2025
341051,Kyle Walker-Peters,18/3/2025
341092,Federico Chiesa,18/3/2025
342385,Guido Rodríguez,18/3/2025
344152,Odsonne Édouard,18/3/2025
344381,Christopher Nkunku,18/3/2025
346314,Trevoh Chalobah,18/3/2025
346483,Mason Mount,18/3/2025
346707,Sean Longstaff,18/3/2025
349066,Alexander Isak,18/3/2025
349701,Antonee Robinson,18/3/2025
351749,Kalvin Phillips,18/3/2025
354362,Rodrigo Bentancur,18/3/2025
355915,Cristian Romero,18/3/2025
357119,Ibrahima Konaté,18/3/2025
357147,Diogo Dalot,18/3/2025
363205,Gabriel Jesus,18/3/2025
371021,Arijanet Murić,18/3/2025
378710,Richarlison,18/3/2025
386047,Axel Disasi,18/3/2025
387626,Leon Bailey,18/3/2025
388165,Yoane Wissa,18/3/2025
397033,Sandro Tonali,18/3/2025
398065,Harvey Barnes,18/3/2025
399776,Pau Torres,18/3/2025
400536,Mads Hermansen,18/3/2025
406635,Phil Foden,18/3/2025
406638,Oliver Skipp,18/3/2025
410225,Ismaïla Sarr,18/3/2025
410425,Yves Bissouma,18/3/2025
413507,Nikola Milenković,18/3/2025
414908,Marshall Munetsi,18/3/2025
415381,Mats Wieffer,18/3/2025
415912,Konstantinos Mavropanos,18/3/2025
420002,Jean-Philippe Mateta,18/3/2025
420243,Jurriën Timber,18/3/2025
425918,Jakub Kiwior,18/3/2025
427568,Aaron Ramsdale,18/3/2025
429014,Morgan Gibbs-White,18/3/2025
433188,Curtis Jones,18/3/2025
434224,Maxence Lacroix,18/3/2025
434675,Cody Gakpo,18/3/2025
435648,Joshua Zirkzee,18/3/2025
444523,Lucas Paquetá,18/3/2025
445939,Omar Marmoush,18/3/2025
451276,Dominik Szoboszlai,18/3/2025
461883,Calvin Bassey,18/3/2025
463603,Benoît Badiashile,18/3/2025
466805,Nico González,18/3/2025
473050,Kevin Schade,18/3/2025
475188,Kiernan Dewsbury-Hall,18/3/2025
475411,Wesley Fofana,18/3/2025
478573,Ryan Gravenberch,18/3/2025
480762,Lisandro Martínez,18/3/2025
483348,Djed Spence,18/3/2025
485585,Ian Maatsen,18/3/2025
486049,Jérémy Doku,18/3/2025
487465,Pedro Neto,18/3/2025
502821,Riccardo Calafiori,18/3/2025
503680,Neco Williams,18/3/2025
503733,Anthony Gordon,18/3/2025
503743,Morgan Rogers,18/3/2025
503866,Albert Grønbaek,18/3/2025
517894,Matheus Cunha,18/3/2025
525247,Maximilian Kilman,18/3/2025
534033,Alexis Mac Allister,18/3/2025
536835,Amad Diallo,18/3/2025
540941,Mikkel Damsgaard,18/3/2025
541231,Sepp van den Berg,18/3/2025
543387,Cheick Doucouré,18/3/2025
546543,Darwin Núñez,18/3/2025
559263,Fábio Carvalho,18/3/2025
567576,Elliot Anderson,18/3/2025
568693,Pape Matar Sarr,18/3/2025
571743,Armando Broja,18/3/2025
581330,Eiran Cashin,18/3/2025
583189,Anthony Elanga,18/3/2025
583199,James McAtee,18/3/2025
583255,Antoine Semenyo,18/3/2025
591949,Aaron Hickey,18/3/2025
601883,Matheus Nunes,18/3/2025
605184,Jean-Clair Todibo,18/3/2025
606718,Toti,18/3/2025
610442,Rasmus Højlund,18/3/2025
610849,Liam Delap,18/3/2025
623570,Iliman Ndiaye,18/3/2025
624258,Conor Bradley,18/3/2025
638964,Nathan Butler-Oyedeji,18/3/2025
644401,Keane Lewis-Potter,18/3/2025
645686,Lamare Bogarde,18/3/2025
648046,Evan Ferguson,18/3/2025
654253,Toby Collyer,18/3/2025
659089,Ilya Zabarnyi,18/3/2025
661053,Jarrad Branthwaite,18/3/2025
665390,Jaden Philogene,18/3/2025
667287,Yasin Ayari,18/3/2025
670848,Divin Mubama,18/3/2025
670858,Lewis Hall,18/3/2025
683895,Emmanuel Agbadou,18/3/2025
711999,Lesley Ugochukwu,18/3/2025
725912,Antonín Kinský,18/3/2025
730861,Milos Kerkez,18/3/2025
739443,Igor Thiago,18/3/2025
743413,Nico O'Reilly,18/3/2025
743597,Matheus França,18/3/2025
744149,Adam Wharton,18/3/2025
746740,Daniel Jebbison,18/3/2025
747009,Justin Devenny,18/3/2025
763079,Abdukodir Khusanov,18/3/2025
801734,Mathys Tel,18/3/2025
811779,Alejandro Garnacho,18/3/2025
823231,Dango Ouattara,18/3/2025
845289,James McConnell,18/3/2025
862297,Nasser Djiga,18/3/2025
866246,Lucas Bergvall,18/3/2025
866655,Tyler Dibling,18/3/2025
890290,Dean Huijsen,18/3/2025
890719,Ethan Nwaneri,18/3/2025
890721,Myles Lewis-Skelly,18/3/2025
922563,Oliver Scarles,18/3/2025
922693,Archie Gray,18/3/2025
926952,Patrick Dorgu,18/3/2025
936874,Tyrique George,18/3/2025
967319,Romain Esse,18/3/2025
986298,Joachim Kayi Sanda,18/3/2025
991800,Luís Guilherme,18/3/2025
996897,Diego Gómez,18/3/2025
1004708,Josh Acheampong,18/3/2025
1005575,Vitor Reis,18/3/2025
1005649,Murillo,18/3/2025
1010854,Mathis Amougou,18/3/2025
1011131,Josh King,18/3/2025
1011147,Mikey Moore,18/3/2025
1012534,Yankuba Minteh,18/3/2025
1045123,Trey Nyoni,18/3/2025
1047261,Caleb Kporha,18/3/2025
1063329,Andrés García,18/3/2025
1078163,Ayden Heaven,18/3/2025
297212,Joe Rodon,28/3/2025
319301,Daniel James,28/3/2025
369962,Joël Piroe,28/3/2025
374139,Junior Firpo,28/3/2025
381963,Mike Tresor,28/3/2025
393323,Brenden Aaronson,28/3/2025
393325,Josh Sargent,28/3/2025
396638,Manor Solomon,28/3/2025
467623,Lyle Foster,28/3/2025
489359,Ao Tanaka,28/3/2025
494237,Wilson Isidor,28/3/2025
515544,Trai Hume,28/3/2025
566799,James Trafford,28/3/2025
581669,CJ Egan-Riley,28/3/2025
612517,Bashir Humphreys,28/3/2025
646658,Aaron Ramsey,28/3/2025
647384,Thelo Aasgaard,28/3/2025
669366,Tom Cannon,28/3/2025
688707,Salis Abdul Samed,28/3/2025
696181,Romaine Mundle,28/3/2025
741229,Rocco Vata,28/3/2025
781270,Lasse Nordås,28/3/2025
796297,Jobe Bellingham,28/3/2025
842341,Maxime Estève,28/3/2025
927768,Lucas Pires,28/3/2025
947411,Chris Rigg,28/3/2025
967346,Eliezer Mayenda,28/3/2025
982097,Shumaira Mheuka,29/4/2025
1042886,Chido Obi,29/4/2025
1108049,Amara Nallo,29/4/2025
847934,Ignacio Sabatini,22/5/2025
908102,Esteban Fernández,22/5/2025
988734,Ángel Stringa,22/5/2025
1263453,Nazareno Roselli,22/5/2025
46001,Moussa Sissoko,27/5/2025
63200,Ashley Barnes,27/5/2025
71292,Jonjo Shelvey,27/5/2025
95795,Václav Hladký,27/5/2025
99397,Karl Darlow,27/5/2025
121254,Adam Davies,27/5/2025
123536,Simon Moore,27/5/2025
126600,Kenny McLean,27/5/2025
194386,Alex Cairns,27/5/2025
201574,Angus Gunn,27/5/2025
214666,Connor Roberts,27/5/2025
236953,Sam Byram,27/5/2025
242606,Josh Cullen,27/5/2025
253341,Rob Holding,27/5/2025
263361,Maximilian Wöber,27/5/2025
275590,Kieffer Moore,27/5/2025
278166,Amari'i Bell,27/5/2025
282939,Luke O'Nien,27/5/2025
293569,Josh Brownhill,27/5/2025
297212,Joe Rodon,27/5/2025
314241,Josh Laurent,27/5/2025
314367,Marcus Edwards,27/5/2025
319301,Daniel James,27/5/2025
341501,Hamza Choudhury,27/5/2025
346472,Tom Dele-Bashiru,27/5/2025
369962,Joël Piroe,27/5/2025
371436,Francisco Sierralta,27/5/2025
374139,Junior Firpo,27/5/2025
375877,Vakoun Bayo,27/5/2025
377468,Anel Ahmedhodzic,27/5/2025
380744,Egil Selvik,27/5/2025
381753,Ilia Gruev,27/5/2025
381963,Mike Tresor,27/5/2025
387191,Daiki Hashioka,27/5/2025
390664,Jacob Lungi Sørensen,27/5/2025
392763,Ian Poveda,27/5/2025
392771,Ethan Ampadu,27/5/2025
393323,Brenden Aaronson,27/5/2025
393325,Josh Sargent,27/5/2025
396638,Manor Solomon,27/5/2025
403898,Jordan Beyer,27/5/2025
410708,Pascal Struijk,27/5/2025
411537,Zian Flemming,27/5/2025
412616,Giorgi Chakvetadze,27/5/2025
412937,Shurandy Sambo,27/5/2025
415970,Joe Worrall,27/5/2025
426192,Ben Brereton Díaz,27/5/2025
449597,Isaac Schmidt,27/5/2025
465717,Jayden Bogle,27/5/2025
467623,Lyle Foster,27/5/2025
480987,Chris Mepham,27/5/2025
489359,Ao Tanaka,27/5/2025
494237,Wilson Isidor,27/5/2025
503686,Dan Ballard,27/5/2025
506470,Josh Bowler,27/5/2025
515544,Trai Hume,27/5/2025
518644,Largie Ramazani,27/5/2025
528892,Harry Clarke,27/5/2025
541628,Oliver Sonne,27/5/2025
542586,Illan Meslier,27/5/2025
543164,Rhys Norrington-Davies,27/5/2025
554251,Yasser Larouci,27/5/2025
566799,James Trafford,27/5/2025
568005,Jeremy Sarmiento,27/5/2025
568006,Dennis Cirkin,27/5/2025
581669,CJ Egan-Riley,27/5/2025
586834,Jesurun Rak-Sakyi,27/5/2025
607224,Hannibal,27/5/2025
612517,Bashir Humphreys,27/5/2025
617755,Jenson Seelt,27/5/2025
627248,Lewis Dobbin,27/5/2025
627626,Wilfried Gnonto,27/5/2025
633992,Enzo Le Fée,27/5/2025
634461,Borja Sainz,27/5/2025
646658,Aaron Ramsey,27/5/2025
647384,Thelo Aasgaard,27/5/2025
648032,James Abankwah,27/5/2025
662744,Vicente Reyes,27/5/2025
663581,Vini Souza,27/5/2025
669366,Tom Cannon,27/5/2025
670713,Diogo Monteiro,27/5/2025
684210,Jaidon Anthony,27/5/2025
688707,Salis Abdul Samed,27/5/2025
696181,Romaine Mundle,27/5/2025
696849,Etienne Green,27/5/2025
698415,José Córdoba,27/5/2025
701021,Ruairi McConville,27/5/2025
715558,Marcelino Núñez,27/5/2025
741229,Rocco Vata,27/5/2025
745461,Luca Koleosho,27/5/2025
746833,Caleb Wiley,27/5/2025
781270,Lasse Nordås,27/5/2025
796297,Jobe Bellingham,27/5/2025
800925,Oscar Schwartau,27/5/2025
803401,Ryan Andrews,27/5/2025
834742,Mateo Joseph,27/5/2025
842341,Maxime Estève,27/5/2025
927768,Lucas Pires,27/5/2025
933018,Tom Watson,27/5/2025
937840,Harrison Jones,27/5/2025
939290,Jayden Danns,27/5/2025
942738,Milan Aleksic,27/5/2025
947411,Chris Rigg,27/5/2025
967346,Eliezer Mayenda,27/5/2025
983702,Jacob Wright,27/5/2025
1015619,Ahmed Abdullahi,27/5/2025
3333,James Milner,30/5/2025
14086,Ashley Young,30/5/2025
14555,Scott Carson,30/5/2025
16306,Casemiro,30/5/2025
29692,Lukasz Fabianski,30/5/2025
29712,John Ruddy,30/5/2025
33873,Asmir Begovic,30/5/2025
34130,Tom Heaton,30/5/2025
43530,Adam Lallana,30/5/2025
45494,Wayne Hennessey,30/5/2025
51471,Mateo Kovacic,30/5/2025
52570,Fraser Forster,30/5/2025
52769,Willian,30/5/2025
53622,İlkay Gündoğan,30/5/2025
61697,Wes Foderingham,30/5/2025
61841,Adam Smith,30/5/2025
67063,Danny Welbeck,30/5/2025
68390,Séamus Coleman,30/5/2025
69633,Christian Eriksen,30/5/2025
72476,Bernd Leno,30/5/2025
73564,Jason Steele,30/5/2025
74230,Pablo Sarabia,30/5/2025
74960,Martin Dúbravka,30/5/2025
75458,Robin Olsen,30/5/2025
75489,Niclas Füllkrug,30/5/2025
85177,Nathaniel Clyne,30/5/2025
85941,Stefan Ortega,30/5/2025
88755,Kevin De Bruyne,30/5/2025
91845,Heung-min Son,30/5/2025
92571,Aaron Cresswell,30/5/2025
92572,Joel Ward,30/5/2025
95810,Kieran Trippier,30/5/2025
95976,Alex McCarthy,30/5/2025
99331,Jannik Vestergaard,30/5/2025
102017,Jorginho,30/5/2025
104124,Michail Antonio,30/5/2025
105470,Alisson,30/5/2025
108354,Jordan Ayew,30/5/2025
108725,Chris Wood,30/5/2025
110864,Sam Johnstone,30/5/2025
111195,Joël Veltman,30/5/2025
111819,Neto,30/5/2025
111873,Emiliano Martínez,30/5/2025
116648,Marcus Bettinelli,30/5/2025
118534,Michael Keane,30/5/2025
120629,Alphonse Areola,30/5/2025
121477,Craig Dawson,30/5/2025
123275,Tom Cairney,30/5/2025
123551,Sam Morsy,30/5/2025
123682,Callum Wilson,30/5/2025
124419,Odysseas Vlachodimos,30/5/2025
125714,Mark Flekken,30/5/2025
126664,Lucas Digne,30/5/2025
126665,Idrissa Gueye,30/5/2025
127187,Abdoulaye Doucouré,30/5/2025
127202,Matz Sels,30/5/2025
128901,Conor Coady,30/5/2025
130164,Jordan Pickford,30/5/2025
131978,Ross Barkley,30/5/2025
134270,Dan Burn,30/5/2025
134294,Danny Ings,30/5/2025
134425,Raheem Sterling,30/5/2025
135343,Fabian Schär,30/5/2025
136401,Daniel Bentley,30/5/2025
139208,Virgil van Dijk,30/5/2025
142310,Willy Boly,30/5/2025
142389,Mark Gillespie,30/5/2025
144028,Leandro Trossard,30/5/2025
146310,Wataru Endo,30/5/2025
146509,Conor Townsend,30/5/2025
146795,Ryan Fraser,30/5/2025
148153,Lewis Dunk,30/5/2025
148367,Christian Nørgaard,30/5/2025
148455,Mohamed Salah,30/5/2025
157672,Vladimír Coufal,30/5/2025
163744,Jack Stephens,30/5/2025
170527,Timo Werner,30/5/2025
171679,Matt Doherty,30/5/2025
173504,James Tarkowski,30/5/2025
177476,Nathan Aké,30/5/2025
177907,Harry Maguire,30/5/2025
181579,James Ward-Prowse,30/5/2025
181687,Massimo Luongo,30/5/2025
181778,Emerson,30/5/2025
183288,Luke Shaw,30/5/2025
183318,Jamaal Lascelles,30/5/2025
184528,Emil Krafth,30/5/2025
184573,Victor Lindelöf,30/5/2025
186186,Bobby De Cordova-Reid,30/5/2025
186590,John Stones,30/5/2025
188077,Ryan Christie,30/5/2025
192080,Nick Pope,30/5/2025
192279,Kepa Arrizabalaga,30/5/2025
192765,Ben Davies,30/5/2025
193098,Álex Moreno,30/5/2025
193116,John McGinn,30/5/2025
195633,Charlie Taylor,30/5/2025
196722,Remi Matthews,30/5/2025
197838,Jamie Vardy,30/5/2025
198516,Harry Toffolo,30/5/2025
199527,Jacob Murphy,30/5/2025
203026,Danny Ward,30/5/2025
203394,Andreas Pereira,30/5/2025
203460,Jack Grealish,30/5/2025
203853,Oleksandr Zinchenko,30/5/2025
204103,Adama Traoré,30/5/2025
206040,Raúl Jiménez,30/5/2025
206746,Kenny Tete,30/5/2025
207014,Will Hughes,30/5/2025
209212,Solly March,30/5/2025
212847,Adam Webster,30/5/2025
215810,Tom King,30/5/2025
215876,Ricardo Pereira,30/5/2025
225122,Gonçalo Guedes,30/5/2025
226973,Harrison Reed,30/5/2025
230784,Thomas Partey,30/5/2025
231572,Nélson Semedo,30/5/2025
233124,Kortney Hause,30/5/2025
234509,André Onana,30/5/2025
234803,Andrew Robertson,30/5/2025
236490,Ola Aina,30/5/2025
238223,Ederson,30/5/2025
240306,Bruno Fernandes,30/5/2025
241641,Bernardo Silva,30/5/2025
242631,Alex Iwobi,30/5/2025
243028,Jan Bednarek,30/5/2025
245056,Saša Lukić,30/5/2025
249089,Lewis Cook,30/5/2025
249126,Harry Winks,30/5/2025
249565,Youri Tielemans,30/5/2025
249994,José Sá,30/5/2025
250478,Matt Targett,30/5/2025
251106,Enes Ünal,30/5/2025
253677,Tyrone Mings,30/5/2025
255788,Cameron Burgess,30/5/2025
256178,Joe Gomez,30/5/2025
258004,Rúben Dias,30/5/2025
258878,Tosin Adarabioyo,30/5/2025
258889,Dominic Solanke,30/5/2025
258919,Dean Henderson,30/5/2025
258923,Marcus Rashford,30/5/2025
260827,Joachim Andersen,30/5/2025
260841,Daniel Iversen,30/5/2025
262226,Timothy Castagne,30/5/2025
262300,Ryan Manning,30/5/2025
262749,David Raya,30/5/2025
262980,Jefferson Lerma,30/5/2025
263236,Kevin Danso,30/5/2025
270171,Vitaly Janelt,30/5/2025
272622,Issa Diop,30/5/2025
272855,Paul Onuachu,30/5/2025
274839,Wilfred Ndidi,30/5/2025
277033,David Brooks,30/5/2025
279455,Harry Wilson,30/5/2025
282429,Sergio Reguilón,30/5/2025
283628,Tomáš Souček,30/5/2025
284730,Manuel Akanji,30/5/2025
284857,Marc Cucurella,30/5/2025
286047,Guglielmo Vicario,30/5/2025
289592,Orel Mangala,30/5/2025
292139,Sammie Szmodics,30/5/2025
292246,Hee-chan Hwang,30/5/2025
292808,Wout Faes,30/5/2025
294057,James Maddison,30/5/2025
295313,Taiwo Awoniyi,30/5/2025
296622,Marco Asensio,30/5/2025
298091,Harry Souttar,30/5/2025
300716,Kieran Tierney,30/5/2025
306024,Dominic Calvert-Lewin,30/5/2025
309400,Kai Havertz,30/5/2025
314353,Trent Alexander-Arnold,30/5/2025
314875,Jarrod Bowen,30/5/2025
316125,Ben Chilwell,30/5/2025
316264,Martin Ødegaard,30/5/2025
319859,Mathias Jensen,30/5/2025
324223,James Bree,30/5/2025
324358,Ollie Watkins,30/5/2025
326029,Donyell Malen,30/5/2025
326031,Matthijs de Ligt,30/5/2025
328658,Kristoffer Ajer,30/5/2025
329813,João Virgínia,30/5/2025
330659,Justin Kluivert,30/5/2025
331560,Takehiro Tomiyasu,30/5/2025
332705,Tyler Adams,30/5/2025
333014,Sander Berge,30/5/2025
333241,Joelinton,30/5/2025
335721,Ben White,30/5/2025
336077,Altay Bayındır,30/5/2025
336367,Joe Lumley,30/5/2025
338070,Konstantinos Tsimikas,30/5/2025
338424,Mikel Merino,30/5/2025
339556,Rico Henry,30/5/2025
340321,Josh Dasilva,30/5/2025
340324,Eddie Nketiah,30/5/2025
340325,Reiss Nelson,30/5/2025
340328,Stephy Mavididi,30/5/2025
340329,Joe Willock,30/5/2025
340456,Noussair Mazraoui,30/5/2025
340918,Caoimhín Kelleher,30/5/2025
340950,Diogo Jota,30/5/2025
341051,Kyle Walker-Peters,30/5/2025
341092,Federico Chiesa,30/5/2025
342046,Axel Tuanzebe,30/5/2025
342385,Guido Rodríguez,30/5/2025
343475,Ben Godfrey,30/5/2025
344009,Nathan Broadhead,30/5/2025
344152,Odsonne Édouard,30/5/2025
344381,Christopher Nkunku,30/5/2025
346018,Jamal Lewis,30/5/2025
346314,Trevoh Chalobah,30/5/2025
346483,Mason Mount,30/5/2025
346707,Sean Longstaff,30/5/2025
349066,Alexander Isak,30/5/2025
349503,Conor Chaplin,30/5/2025
349599,Pervis Estupiñán,30/5/2025
349701,Antonee Robinson,30/5/2025
351749,Kalvin Phillips,30/5/2025
354362,Rodrigo Bentancur,30/5/2025
355915,Cristian Romero,30/5/2025
356141,Daichi Kamada,30/5/2025
357119,Ibrahima Konaté,30/5/2025
357147,Diogo Dalot,30/5/2025
357565,Rodri,30/5/2025
357662,Declan Rice,30/5/2025
361093,Sven Botman,30/5/2025
363205,Gabriel Jesus,30/5/2025
369316,Ferdi Kadıoğlu,30/5/2025
369567,Sasa Kalajdzic,30/5/2025
371021,Arijanet Murić,30/5/2025
372246,Carlos Soler,30/5/2025
375885,Ibrahim Sangaré,30/5/2025
378710,Richarlison,30/5/2025
380350,Igor Julio,30/5/2025
381469,Steven Benda,30/5/2025
386047,Axel Disasi,30/5/2025
387626,Leon Bailey,30/5/2025
388165,Yoane Wissa,30/5/2025
392591,Chiedozie Ogbene,30/5/2025
392757,Marc Guéhi,30/5/2025
392765,Emile Smith Rowe,30/5/2025
392768,Callum Hudson-Odoi,30/5/2025
392775,Ryan Sessegnon,30/5/2025
394327,Boubacar Kamara,30/5/2025
397033,Sandro Tonali,30/5/2025
398065,Harvey Barnes,30/5/2025
399434,Marcus Tavernier,30/5/2025
399776,Pau Torres,30/5/2025
400536,Mads Hermansen,30/5/2025
401173,Jadon Sancho,30/5/2025
401320,Dara O'Shea,30/5/2025
401356,Edson Álvarez,30/5/2025
403151,Robert Sánchez,30/5/2025
404842,Vitaliy Mykolenko,30/5/2025
405385,Yukinari Sugawara,30/5/2025
406556,Tom McGill,30/5/2025
406634,Matt O'Riley,30/5/2025
406635,Phil Foden,30/5/2025
406638,Oliver Skipp,30/5/2025
410225,Ismaïla Sarr,30/5/2025
410425,Yves Bissouma,30/5/2025
413039,Bryan Mbeumo,30/5/2025
413220,James Justin,30/5/2025
413403,Ezri Konsa,30/5/2025
413507,Nikola Milenković,30/5/2025
414908,Marshall Munetsi,30/5/2025
415381,Mats Wieffer,30/5/2025
415912,Konstantinos Mavropanos,30/5/2025
417346,Jack Harrison,30/5/2025
418560,Erling Haaland,30/5/2025
420002,Jean-Philippe Mateta,30/5/2025
420243,Jurriën Timber,30/5/2025
420808,George Hirst,30/5/2025
424015,Nathan Patterson,30/5/2025
425306,Matt Turner,30/5/2025
425334,Matty Cash,30/5/2025
425902,Ryan Yates,30/5/2025
425918,Jakub Kiwior,30/5/2025
427568,Aaron Ramsdale,30/5/2025
428016,Brandon Austin,30/5/2025
429014,Morgan Gibbs-White,30/5/2025
429983,Jørgen Strand Larsen,30/5/2025
430310,Andrew Irving,30/5/2025
431755,Dejan Kulusevski,30/5/2025
433177,Bukayo Saka,30/5/2025
433183,Tommy Doyle,30/5/2025
433188,Curtis Jones,30/5/2025
434224,Maxence Lacroix,30/5/2025
434675,Cody Gakpo,30/5/2025
435338,Gabriel,30/5/2025
435648,Joshua Zirkzee,30/5/2025
438001,Santiago Bueno,30/5/2025
442248,Ethan Pinnock,30/5/2025
444211,Will Smallbone,30/5/2025
444523,Lucas Paquetá,30/5/2025
445939,Omar Marmoush,30/5/2025
447995,Ross Stewart,30/5/2025
450050,Jean-Ricner Bellegarde,30/5/2025
451276,Dominik Szoboszlai,30/5/2025
458178,Jack Taylor,30/5/2025
461883,Calvin Bassey,30/5/2025
463603,Benoît Badiashile,30/5/2025
466805,Nico González,30/5/2025
467563,Armel Bella-Kotchap,30/5/2025
468002,Ben Johnson,30/5/2025
468066,Jens Cajuste,30/5/2025
468198,Joe Aribo,30/5/2025
469050,Nathan Collins,30/5/2025
469781,Marcos Senesi,30/5/2025
470607,Brennan Johnson,30/5/2025
472423,Reece James,30/5/2025
473050,Kevin Schade,30/5/2025
474701,Crysencio Summerville,30/5/2025
475188,Kiernan Dewsbury-Hall,30/5/2025
475411,Wesley Fofana,30/5/2025
475959,Josko Gvardiol,30/5/2025
476701,Manuel Ugarte,30/5/2025
477758,Aaron Wan-Bissaka,30/5/2025
478573,Ryan Gravenberch,30/5/2025
479999,Eberechi Eze,30/5/2025
480692,Luis Díaz,30/5/2025
480762,Lisandro Martínez,30/5/2025
483348,Djed Spence,30/5/2025
485585,Ian Maatsen,30/5/2025
485706,Amadou Onana,30/5/2025
486049,Jérémy Doku,30/5/2025
486604,Vitezslav Jaros,30/5/2025
487465,Pedro Neto,30/5/2025
488935,Hákon Valdimarsson,30/5/2025
490606,Lucas Bergström,30/5/2025
493003,Daniel Muñoz,30/5/2025
494880,Jorge Cuenca,30/5/2025
495666,William Saliba,30/5/2025
497291,Nicolás Domínguez,30/5/2025
502821,Riccardo Calafiori,30/5/2025
503680,Neco Williams,30/5/2025
503733,Anthony Gordon,30/5/2025
503743,Morgan Rogers,30/5/2025
503749,Jacob Ramsey,30/5/2025
503866,Albert Grønbaek,30/5/2025
503977,Taylor Harwood-Bellis,30/5/2025
503981,Tino Livramento,30/5/2025
503987,Noni Madueke,30/5/2025
503990,Nathan Wood,30/5/2025
504148,Tariq Lamptey,30/5/2025
504849,Kaoru Mitoma,30/5/2025
505194,Luke Thomas,30/5/2025
505219,James Garner,30/5/2025
506189,Flynn Downes,30/5/2025
512354,Malcolm Ebiowei,30/5/2025
512385,Luis Sinisterra,30/5/2025
513245,Jesper Lindstrøm,30/5/2025
513970,Julián Araujo,30/5/2025
517894,Matheus Cunha,30/5/2025
520624,Bruno Guimarães,30/5/2025
525247,Maximilian Kilman,30/5/2025
525287,Carlos Vinícius,30/5/2025
527425,Luke Woolfenden,30/5/2025
533662,Cameron Archer,30/5/2025
534033,Alexis Mac Allister,30/5/2025
536835,Amad Diallo,30/5/2025
537860,Mykhaylo Mudryk,30/5/2025
538977,Georginio Rutter,30/5/2025
540941,Mikkel Damsgaard,30/5/2025
541231,Sepp van den Berg,30/5/2025
543387,Cheick Doucouré,30/5/2025
543499,Mohammed Kudus,30/5/2025
546543,Darwin Núñez,30/5/2025
553875,Pedro Porro,30/5/2025
555074,Oliwier Zych,30/5/2025
556385,Destiny Udogie,30/5/2025
557459,Micky van de Ven,30/5/2025
559263,Fábio Carvalho,30/5/2025
559330,Salah Oulad,30/5/2025
559794,Jack Clarke,30/5/2025
564529,Victor Kristiansen,30/5/2025
565093,Bart Verbruggen,30/5/2025
565822,Harvey Elliott,30/5/2025
567576,Elliot Anderson,30/5/2025
568177,Cole Palmer,30/5/2025
568559,Radu Drăgușin,30/5/2025
568693,Pape Matar Sarr,30/5/2025
571743,Armando Broja,30/5/2025
576314,Jan Paul van Hecke,30/5/2025
578391,Rayan Aït-Nouri,30/5/2025
578539,Chris Richards,30/5/2025
581330,Eiran Cashin,30/5/2025
582078,Will Dennis,30/5/2025
583189,Anthony Elanga,30/5/2025
583199,James McAtee,30/5/2025
583255,Antoine Semenyo,30/5/2025
584769,Dwight McNeil,30/5/2025
585323,Filip Jørgensen,30/5/2025
585550,Gavin Bazunu,30/5/2025
591949,Aaron Hickey,30/5/2025
592975,Woyo Coulibaly,30/5/2025
595809,Beto,30/5/2025
596446,Leif Davis,30/5/2025
601883,Matheus Nunes,30/5/2025
605184,Jean-Clair Todibo,30/5/2025
605757,Zan-Luk Leban,30/5/2025
606718,Toti,30/5/2025
609556,William Osula,30/5/2025
610442,Rasmus Højlund,30/5/2025
610849,Liam Delap,30/5/2025
611793,James Hill,30/5/2025
614258,Levi Colwill,30/5/2025
618494,Tyler Morton,30/5/2025
620322,Malo Gusto,30/5/2025
621193,Kasey McAteer,30/5/2025
621997,Cieran Slicker,30/5/2025
623570,Iliman Ndiaye,30/5/2025
624258,Conor Bradley,30/5/2025
626724,João Pedro,30/5/2025
628451,Roméo Lavia,30/5/2025
632349,Jarell Quansah,30/5/2025
638964,Nathan Butler-Oyedeji,30/5/2025
641458,Carlos Miguel,30/5/2025
644401,Keane Lewis-Potter,30/5/2025
645686,Lamare Bogarde,30/5/2025
646353,Carl Rushworth,30/5/2025
646738,Juan Larios,30/5/2025
648046,Evan Ferguson,30/5/2025
648195,Enzo Fernández,30/5/2025
649020,Boubacar Traoré,30/5/2025
654253,Toby Collyer,30/5/2025
654982,Bilal El Khannouss,30/5/2025
655488,Gabriel Martinelli,30/5/2025
655986,Reece Welch,30/5/2025
656316,Gabriel Slonina,30/5/2025
658536,Simon Adingra,30/5/2025
659089,Ilya Zabarnyi,30/5/2025
660867,Julio Enciso,30/5/2025
661053,Jarrad Branthwaite,30/5/2025
661207,Oscar Bobb,30/5/2025
663225,Tyler Onyango,30/5/2025
663244,Jota Silva,30/5/2025
665390,Jaden Philogene,30/5/2025
667121,Rodrigo Gomes,30/5/2025
667287,Yasin Ayari,30/5/2025
670688,Youssef Chermiti,30/5/2025
670848,Divin Mubama,30/5/2025
670858,Lewis Hall,30/5/2025
670883,Dane Scarlett,30/5/2025
673492,Morato,30/5/2025
678641,Justin Hubner,30/5/2025
683895,Emmanuel Agbadou,30/5/2025
687626,Moisés Caicedo,30/5/2025
689637,Chadi Riad,30/5/2025
693095,Jacob Greaves,30/5/2025
696589,Tim Iroegbunam,30/5/2025
700106,Brajan Gruda,30/5/2025
701057,Rico Lewis,30/5/2025
706815,Harvey Davies,30/5/2025
709767,Ji-soo Kim,30/5/2025
711337,Evanilson,30/5/2025
711544,Jake O'Brien,30/5/2025
711999,Lesley Ugochukwu,30/5/2025
716276,Yerson Mosquera,30/5/2025
717411,Yegor Yarmolyuk,30/5/2025
723835,Adrian Mazilu,30/5/2025
725912,Antonín Kinský,30/5/2025
729264,Welington,30/5/2025
730861,Milos Kerkez,30/5/2025
730893,Tyrick Mitchell,30/5/2025
735570,João Gomes,30/5/2025
735571,Rodrigo Muniz,30/5/2025
739443,Igor Thiago,30/5/2025
741238,Omari Hutchinson,30/5/2025
741650,Khayon Edwards,30/5/2025
742451,Carlos Forbs,30/5/2025
743413,Nico O'Reilly,30/5/2025
743498,Wilson Odobert,30/5/2025
743591,Savinho,30/5/2025
743597,Matheus França,30/5/2025
744149,Adam Wharton,30/5/2025
745191,Ramón Sosa,30/5/2025
745716,Killian Cahill,30/5/2025
746695,Kamaldeen Sulemana,30/5/2025
746740,Daniel Jebbison,30/5/2025
747009,Justin Devenny,30/5/2025
748319,Carlos Alcaraz,30/5/2025
763079,Abdukodir Khusanov,30/5/2025
776890,Nicolas Jackson,30/5/2025
777308,Zain Silcott-Duberry,30/5/2025
787232,David Datro Fofana,30/5/2025
795430,Ethan Amundsen-Day,30/5/2025
796024,Jack Henry-Francis,30/5/2025
796037,Charles Sagoe Jr,30/5/2025
800176,André,30/5/2025
801734,Mathys Tel,30/5/2025
808509,Danilo,30/5/2025
811779,Alejandro Garnacho,30/5/2025
814820,Ademola Ola-Adebomi,30/5/2025
820374,Kobbie Mainoo,30/5/2025
821522,Alfie Pond,30/5/2025
823231,Dango Ouattara,30/5/2025
823486,Michael Kayode,30/5/2025
843595,Max Alleyne,30/5/2025
845289,James McConnell,30/5/2025
845321,Kaelan Casey,30/5/2025
845809,Lewis Orford,30/5/2025
854721,Ben Winterburn,30/5/2025
854930,Jacob Slater,30/5/2025
855256,Alex Scott,30/5/2025
856479,Roman Dixon,30/5/2025
860078,Kaden Rodney,30/5/2025
862297,Nasser Djiga,30/5/2025
863741,Nathan Fraser,30/5/2025
864121,Abdul Fatawu,30/5/2025
866246,Lucas Bergvall,30/5/2025
866655,Tyler Dibling,30/5/2025
867688,Jack Hinshelwood,30/5/2025
880245,Mateus Fernandes,30/5/2025
890290,Dean Huijsen,30/5/2025
890719,Ethan Nwaneri,30/5/2025
890721,Myles Lewis-Skelly,30/5/2025
897481,Eric da Silva Moreira,30/5/2025
906214,Sam Rak-Sakyi,30/5/2025
911424,Tyler Fredricson,30/5/2025
921662,Charlie Tasker,30/5/2025
921995,Luc De Fougerolles,30/5/2025
922563,Oliver Scarles,30/5/2025
922693,Archie Gray,30/5/2025
922698,Ishé Samuels-Smith,30/5/2025
922764,Ben Parkinson,30/5/2025
922769,Lewis Miley,30/5/2025
923831,Leny Yoro,30/5/2025
926135,Omari Kellyman,30/5/2025
926952,Patrick Dorgu,30/5/2025
933017,Zach Abbott,30/5/2025
936842,Michael Golding,30/5/2025
936874,Tyrique George,30/5/2025
936901,Dominic Sadi,30/5/2025
938158,Marc Guiu,30/5/2025
940915,Alexéi Rojas,30/5/2025
942497,Jahmai Simpson-Pusey,30/5/2025
943560,Franco Umeh,30/5/2025
945909,Rory MacLeod,30/5/2025
954105,Jamaldeen Jimoh-Aloba,30/5/2025
955253,Bastien Meupiyou,30/5/2025
961642,Chris Donnell,30/5/2025
963878,Daniel Adu-Adjei,30/5/2025
963879,Archie Harris,30/5/2025
967319,Romain Esse,30/5/2025
967948,Garang Kuol,30/5/2025
973085,Carlos Baleba,30/5/2025
982097,Shumaira Mheuka,30/5/2025
983248,Callan McKenna,30/5/2025
983989,Facundo Buonanotte,30/5/2025
985546,Callum Olusesi,30/5/2025
985691,Harrison Murray-Campbell,30/5/2025
986298,Joachim Kayi Sanda,30/5/2025
990836,Romeo Akachukwu,30/5/2025
991800,Luís Guilherme,30/5/2025
992686,Martial Godo,30/5/2025
994536,Claudio Echeverri,30/5/2025
994604,Matai Akinmboni,30/5/2025
996897,Diego Gómez,30/5/2025
1004708,Josh Acheampong,30/5/2025
1005575,Vitor Reis,30/5/2025
1005649,Murillo,30/5/2025
1009658,Julio Soler,30/5/2025
1010854,Mathis Amougou,30/5/2025
1011131,Josh King,30/5/2025
1011147,Mikey Moore,30/5/2025
1011738,Harry Amass,30/5/2025
1012534,Yankuba Minteh,30/5/2025
1042886,Chido Obi,30/5/2025
1043634,Leon Chiwome,30/5/2025
1045121,Genesis Antwi,30/5/2025
1045123,Trey Nyoni,30/5/2025
1047261,Caleb Kporha,30/5/2025
1060740,Enso González,30/5/2025
1063329,Andrés García,30/5/2025
1071138,Benjamin Fredrick,30/5/2025
1078163,Ayden Heaven,30/5/2025
1089802,Remy Rees-Dottin,30/5/2025
1108049,Amara Nallo,30/5/2025
1131973,Jack Porter,30/5/2025
1141628,Yunus Konak,30/5/2025
1145504,Aarón Anselmino,30/5/2025
1157420,Victor Udoh,30/5/2025
1193867,Pedro Lima,30/5/2025
1230661,Mateus Mané,30/5/2025
743600,Andrey Santos,3/6/2025
834397,Mike Penders,12/6/2025
460939,Tijjani Reijnders,17/6/2025
805714,Renato Veiga,17/6/2025
503975,Joe Hodge,18/6/2025
614603,Chem Campbell,18/6/2025
624267,Dale Taylor,18/6/2025
670840,Joe Whitworth,18/6/2025
670880,Jadel Katongo,18/6/2025
712099,Dexter Lembikisa,18/6/2025
724536,Josh Keeley,18/6/2025
724783,Tawanda Chirewa,18/6/2025
741236,Matthew Cox,18/6/2025
796305,Jamie Donley,18/6/2025
874538,Ryan Trevitt,18/6/2025
895074,Mahamadou Susoho,18/6/2025
900601,Alex Murphy,18/6/2025
925105,Ben Perry,18/6/2025
953135,Callum Marshall,18/6/2025
503679,Rhys Williams,30/6/2025
614811,Joe White,30/6/2025
667508,Chris Popov,30/6/2025
694901,Jamie McDonnell,30/6/2025
726859,Joe Hugill,30/6/2025
741228,Joe O'Brien-Whitmarsh,30/6/2025
814526,Brandon Cover,30/6/2025
814848,Owen Goodman,30/6/2025
855890,Jenson Metcalfe,30/6/2025
874043,Louie Marsh,30/6/2025
883539,Charlie Crew,30/6/2025
896526,Patrick Kelly,30/6/2025
903189,Maldini Kacurri,30/6/2025
935082,Ethan Williams,30/6/2025
1047256,Asher Agbinone,30/6/2025
1085296,Miguel Freckleton,30/6/2025
1298557,Ashley Hay,30/6/2025
1047257,Rio Cardines,4/7/2025
1045124,Jay Robinson,11/8/2025
1108466,Rio Ngumoha,26/8/2025
877945,Henry Gray,25/9/2025
1154164,James Overy,25/9/2025
46001,Moussa Sissoko,6/10/2025
108354,Jordan Ayew,6/10/2025
111051,Nampalys Mendy,6/10/2025
134294,Danny Ings,6/10/2025
146509,Conor Townsend,6/10/2025
157506,Jeffrey Schlupp,6/10/2025
186186,Bobby De Cordova-Reid,6/10/2025
215876,Ricardo Pereira,6/10/2025
249126,Harry Winks,6/10/2025
250426,Adam Armstrong,6/10/2025
292139,Sammie Szmodics,6/10/2025
292808,Wout Faes,6/10/2025
315145,Azor Matusiwa,6/10/2025
340328,Stephy Mavididi,6/10/2025
341501,Hamza Choudhury,6/10/2025
393325,Josh Sargent,6/10/2025
401320,Dara O'Shea,6/10/2025
406638,Oliver Skipp,6/10/2025
420808,George Hirst,6/10/2025
429070,Vladan Kovacevic,6/10/2025
447995,Ross Stewart,6/10/2025
468066,Jens Cajuste,6/10/2025
468198,Joe Aribo,6/10/2025
503990,Nathan Wood,6/10/2025
532858,Jérémy Petris,6/10/2025
569663,Mathias Kvistgaarden,6/10/2025
587298,Pelle Mattsson,6/10/2025
621193,Kasey McAteer,6/10/2025
648032,James Abankwah,6/10/2025
661253,Hector Kyprianou,6/10/2025
715558,Marcelino Núñez,6/10/2025
747951,Shea Charles,6/10/2025
804219,Léo Scienza,6/10/2025
820241,Damion Downs,6/10/2025
843595,Max Alleyne,6/10/2025
864121,Abdul Fatawu,6/10/2025
956920,Nestory Irankunda,6/10/2025
983702,Jacob Wright,6/10/2025
1007720,Tyler Bindon,6/10/2025
1045124,Jay Robinson,6/10/2025
73564,Jason Steele,17/10/2025
85177,Nathaniel Clyne,17/10/2025
85941,Stefan Ortega,17/10/2025
95424,Kyle Walker,17/10/2025
111873,Emiliano Martínez,17/10/2025
123275,Tom Cairney,17/10/2025
123682,Callum Wilson,17/10/2025
131996,Bertrand Traoré,17/10/2025
134425,Raheem Sterling,17/10/2025
142310,Willy Boly,17/10/2025
148455,Mohamed Salah,17/10/2025
177476,Nathan Aké,17/10/2025
183318,Jamaal Lascelles,17/10/2025
186590,John Stones,17/10/2025
192279,Kepa Arrizabalaga,17/10/2025
203853,Oleksandr Zinchenko,17/10/2025
209212,Solly March,17/10/2025
212847,Adam Webster,17/10/2025
214666,Connor Roberts,17/10/2025
226973,Harrison Reed,17/10/2025
234803,Andrew Robertson,17/10/2025
240306,Bruno Fernandes,17/10/2025
241641,Bernardo Silva,17/10/2025
256178,Joe Gomez,17/10/2025
258004,Rúben Dias,17/10/2025
258919,Dean Henderson,17/10/2025
272622,Issa Diop,17/10/2025
277033,David Brooks,17/10/2025
279455,Harry Wilson,17/10/2025
283628,Tomáš Souček,17/10/2025
284857,Marc Cucurella,17/10/2025
294057,James Maddison,17/10/2025
295313,Taiwo Awoniyi,17/10/2025
296802,Walter Benítez,17/10/2025
309400,Kai Havertz,17/10/2025
314241,Josh Laurent,17/10/2025
314288,Lukas Nmecha,17/10/2025
314367,Marcus Edwards,17/10/2025
316264,Martin Ødegaard,17/10/2025
319301,Daniel James,17/10/2025
324358,Ollie Watkins,17/10/2025
328658,Kristoffer Ajer,17/10/2025
332705,Tyler Adams,17/10/2025
335721,Ben White,17/10/2025
338635,Hannes Delcroix,17/10/2025
340329,Joe Willock,17/10/2025
341092,Federico Chiesa,17/10/2025
342385,Guido Rodríguez,17/10/2025
344069,Anton Stach,17/10/2025
345911,Ladislav Krejci,17/10/2025
346314,Trevoh Chalobah,17/10/2025
346707,Sean Longstaff,17/10/2025
346890,Noah Okafor,17/10/2025
349066,Alexander Isak,17/10/2025
351749,Kalvin Phillips,17/10/2025
352041,Lucas Perri,17/10/2025
353032,Omar Alderete,17/10/2025
355915,Cristian Romero,17/10/2025
357119,Ibrahima Konaté,17/10/2025
357147,Diogo Dalot,17/10/2025
357565,Rodri,17/10/2025
361093,Sven Botman,17/10/2025
362108,Gabriel Gudmundsson,17/10/2025
363205,Gabriel Jesus,17/10/2025
365108,Dan Ndoye,17/10/2025
378710,Richarlison,17/10/2025
380350,Igor Julio,17/10/2025
381753,Ilia Gruev,17/10/2025
386047,Axel Disasi,17/10/2025
388165,Yoane Wissa,17/10/2025
392757,Marc Guéhi,17/10/2025
392765,Emile Smith Rowe,17/10/2025
392768,Callum Hudson-Odoi,17/10/2025
392775,Ryan Sessegnon,17/10/2025
397033,Sandro Tonali,17/10/2025
399776,Pau Torres,17/10/2025
400536,Mads Hermansen,17/10/2025
401173,Jadon Sancho,17/10/2025
403898,Jordan Beyer,17/10/2025
404842,Vitaliy Mykolenko,17/10/2025
406635,Phil Foden,17/10/2025
410225,Ismaïla Sarr,17/10/2025
410425,Yves Bissouma,17/10/2025
410708,Pascal Struijk,17/10/2025
411537,Zian Flemming,17/10/2025
413039,Bryan Mbeumo,17/10/2025
417346,Jack Harrison,17/10/2025
420002,Jean-Philippe Mateta,17/10/2025
420243,Jurriën Timber,17/10/2025
423440,Martín Zubimendi,17/10/2025
424015,Nathan Patterson,17/10/2025
427568,Aaron Ramsdale,17/10/2025
429014,Morgan Gibbs-White,17/10/2025
429915,Maxim De Cuyper,17/10/2025
429983,Jørgen Strand Larsen,17/10/2025
432164,Igor Jesus,17/10/2025
433177,Bukayo Saka,17/10/2025
434224,Maxence Lacroix,17/10/2025
435648,Joshua Zirkzee,17/10/2025
444523,Lucas Paquetá,17/10/2025
451276,Dominik Szoboszlai,17/10/2025
455661,Nick Woltemade,17/10/2025
460939,Tijjani Reijnders,17/10/2025
461883,Calvin Bassey,17/10/2025
463603,Benoît Badiashile,17/10/2025
463605,Bafodé Diakité,17/10/2025
465555,Djordje Petrovic,17/10/2025
465717,Jayden Bogle,17/10/2025
467623,Lyle Foster,17/10/2025
469050,Nathan Collins,17/10/2025
472423,Reece James,17/10/2025
473169,Brian Brobbey,17/10/2025
475188,Kiernan Dewsbury-Hall,17/10/2025
476701,Manuel Ugarte,17/10/2025
478573,Ryan Gravenberch,17/10/2025
479999,Eberechi Eze,17/10/2025
480762,Lisandro Martínez,17/10/2025
483348,Djed Spence,17/10/2025
484547,Jeremie Frimpong,17/10/2025
485585,Ian Maatsen,17/10/2025
485706,Amadou Onana,17/10/2025
486049,Jérémy Doku,17/10/2025
487465,Pedro Neto,17/10/2025
494237,Wilson Isidor,17/10/2025
500689,Evann Guessand,17/10/2025
502676,Giorgi Mamardashvili,17/10/2025
502821,Riccardo Calafiori,17/10/2025
503680,Neco Williams,17/10/2025
503686,Dan Ballard,17/10/2025
503743,Morgan Rogers,17/10/2025
503749,Jacob Ramsey,17/10/2025
503883,Senne Lammens,17/10/2025
503987,Noni Madueke,17/10/2025
504849,Kaoru Mitoma,17/10/2025
505219,James Garner,17/10/2025
515544,Trai Hume,17/10/2025
517894,Matheus Cunha,17/10/2025
521964,Malick Thiaw,17/10/2025
532776,Amine Adli,17/10/2025
536835,Amad Diallo,17/10/2025
540664,Dilane Bakwa,17/10/2025
540941,Mikkel Damsgaard,17/10/2025
541231,Sepp van den Berg,17/10/2025
541628,Oliver Sonne,17/10/2025
542586,Illan Meslier,17/10/2025
543387,Cheick Doucouré,17/10/2025
543499,Mohammed Kudus,17/10/2025
548729,Zeki Amdouni,17/10/2025
553875,Pedro Porro,17/10/2025
557459,Micky van de Ven,17/10/2025
565093,Bart Verbruggen,17/10/2025
565822,Harvey Elliott,17/10/2025
566799,James Trafford,17/10/2025
567576,Elliot Anderson,17/10/2025
568693,Pape Matar Sarr,17/10/2025
571743,Armando Broja,17/10/2025
576314,Jan Paul van Hecke,17/10/2025
578391,Rayan Aït-Nouri,17/10/2025
578539,Chris Richards,17/10/2025
583189,Anthony Elanga,17/10/2025
583199,James McAtee,17/10/2025
583255,Antoine Semenyo,17/10/2025
584769,Dwight McNeil,17/10/2025
585959,Arnaud Kalimuendo,17/10/2025
591949,Aaron Hickey,17/10/2025
598577,Florian Wirtz,17/10/2025
607226,Loum Tchaouna,17/10/2025
608832,Merlin Röhl,17/10/2025
609556,William Osula,17/10/2025
611793,James Hill,17/10/2025
612517,Bashir Humphreys,17/10/2025
623570,Iliman Ndiaye,17/10/2025
626724,João Pedro,17/10/2025
628451,Roméo Lavia,17/10/2025
633992,Enzo Le Fée,17/10/2025
644401,Keane Lewis-Potter,17/10/2025
645686,Lamare Bogarde,17/10/2025
646750,Cristhian Mosquera,17/10/2025
646991,Robin Roefs,17/10/2025
648195,Enzo Fernández,17/10/2025
655488,Gabriel Martinelli,17/10/2025
658536,Simon Adingra,17/10/2025
661207,Oscar Bobb,17/10/2025
661427,David Møller Wolfe,17/10/2025
667287,Yasin Ayari,17/10/2025
670882,Jamie Gittens,17/10/2025
671108,Kota Takai,17/10/2025
683571,Tolu Arokodare,17/10/2025
683620,Antoni Milambo,17/10/2025
684210,Jaidon Anthony,17/10/2025
687626,Moisés Caicedo,17/10/2025
689637,Chadi Riad,17/10/2025
696589,Tim Iroegbunam,17/10/2025
698164,Freddie Potts,17/10/2025
700106,Brajan Gruda,17/10/2025
709726,Hugo Ekitiké,17/10/2025
711337,Evanilson,17/10/2025
711999,Lesley Ugochukwu,17/10/2025
716276,Yerson Mosquera,17/10/2025
717411,Yegor Yarmolyuk,17/10/2025
719673,Ben Gannon-Doak,17/10/2025
727089,Noah Sadiki,17/10/2025
735571,Rodrigo Muniz,17/10/2025
739443,Igor Thiago,17/10/2025
741238,Omari Hutchinson,17/10/2025
743384,Chemsdine Talbi,17/10/2025
743413,Nico O'Reilly,17/10/2025
744149,Adam Wharton,17/10/2025
745181,Soungoutou Magassa,17/10/2025
747009,Justin Devenny,17/10/2025
748319,Carlos Alcaraz,17/10/2025
820374,Kobbie Mainoo,17/10/2025
823231,Dango Ouattara,17/10/2025
823486,Michael Kayode,17/10/2025
842341,Maxime Estève,17/10/2025
848509,Jackson Tchatchoua,17/10/2025
855256,Alex Scott,17/10/2025
866246,Lucas Bergvall,17/10/2025
866655,Tyler Dibling,17/10/2025
876631,Habib Diarra,17/10/2025
880245,Mateus Fernandes,17/10/2025
890719,Ethan Nwaneri,17/10/2025
900195,Kevin,17/10/2025
904802,Jorrel Hato,17/10/2025
922693,Archie Gray,17/10/2025
933018,Tom Watson,17/10/2025
936874,Tyrique George,17/10/2025
937941,Thierno Barry,17/10/2025
938146,Adam Aznou,17/10/2025
947411,Chris Rigg,17/10/2025
967346,Eliezer Mayenda,17/10/2025
973085,Carlos Baleba,17/10/2025
989112,Veljko Milosavljevic,17/10/2025
991800,Luís Guilherme,17/10/2025
996897,Diego Gómez,17/10/2025
1004708,Josh Acheampong,17/10/2025
1006411,Jaydee Canvot,17/10/2025
1011131,Josh King,17/10/2025
1012534,Yankuba Minteh,17/10/2025
1045123,Trey Nyoni,17/10/2025
1060087,Charalampos Kostoulas,17/10/2025
1064471,Fer López,17/10/2025
1069512,Jonah Kusi-Asare,17/10/2025
1078163,Ayden Heaven,17/10/2025
1086619,Giovanni Leoni,17/10/2025
1091562,Romelle Donovan,17/10/2025
1108466,Rio Ngumoha,17/10/2025
1111589,El Hadji Malick Diouf,17/10/2025
1202361,Bradley Burrowes,17/10/2025
241481,Jaïro Riedewald,21/10/2025
141573,George Saville,26/11/2025
610581,Ali Al-Hamadi,26/11/2025
724536,Josh Keeley,26/11/2025
727023,Shayden Morris,26/11/2025
781270,Lasse Nordås,26/11/2025
847934,Ignacio Sabatini,26/11/2025
908102,Esteban Fernández,26/11/2025
989579,Tomás González,26/11/2025
1263453,Nazareno Roselli,26/11/2025
14086,Ashley Young,3/12/2025
33873,Asmir Begovic,3/12/2025
46001,Moussa Sissoko,3/12/2025
66100,Oriol Romeu,3/12/2025
95976,Alex McCarthy,3/12/2025
99331,Jannik Vestergaard,3/12/2025
108354,Jordan Ayew,3/12/2025
111051,Nampalys Mendy,3/12/2025
121254,Adam Davies,3/12/2025
126600,Kenny McLean,3/12/2025
134294,Danny Ings,3/12/2025
146509,Conor Townsend,3/12/2025
146795,Ryan Fraser,3/12/2025
157506,Jeffrey Schlupp,3/12/2025
163744,Jack Stephens,3/12/2025
186186,Bobby De Cordova-Reid,3/12/2025
197642,Chuba Akpom,3/12/2025
215876,Ricardo Pereira,3/12/2025
241481,Jaïro Riedewald,3/12/2025
249126,Harry Winks,3/12/2025
250426,Adam Armstrong,3/12/2025
262300,Ryan Manning,3/12/2025
292139,Sammie Szmodics,3/12/2025
292808,Wout Faes,3/12/2025
298091,Harry Souttar,3/12/2025
315145,Azor Matusiwa,3/12/2025
340310,Marc Bola,3/12/2025
340328,Stephy Mavididi,3/12/2025
341501,Hamza Choudhury,3/12/2025
343475,Ben Godfrey,3/12/2025
380744,Egil Selvik,3/12/2025
391005,Mads Roerslev,3/12/2025
392591,Chiedozie Ogbene,3/12/2025
393325,Josh Sargent,3/12/2025
401320,Dara O'Shea,3/12/2025
406638,Oliver Skipp,3/12/2025
412616,Giorgi Chakvetadze,3/12/2025
420808,George Hirst,3/12/2025
429070,Vladan Kovacevic,3/12/2025
447995,Ross Stewart,3/12/2025
458178,Jack Taylor,3/12/2025
468002,Ben Johnson,3/12/2025
468066,Jens Cajuste,3/12/2025
468198,Joe Aribo,3/12/2025
480723,Finn Azaz,3/12/2025
488755,Jakov Medic,3/12/2025
491707,Julián Carranza,3/12/2025
503977,Taylor Harwood-Bellis,3/12/2025
503990,Nathan Wood,3/12/2025
505194,Luke Thomas,3/12/2025
506189,Flynn Downes,3/12/2025
528892,Harry Clarke,3/12/2025
532858,Jérémy Petris,3/12/2025
533662,Cameron Archer,3/12/2025
559794,Jack Clarke,3/12/2025
564529,Victor Kristiansen,3/12/2025
569663,Mathias Kvistgaarden,3/12/2025
585550,Gavin Bazunu,3/12/2025
587298,Pelle Mattsson,3/12/2025
596446,Leif Davis,3/12/2025
615302,Mirko Topić,3/12/2025
621193,Kasey McAteer,3/12/2025
633306,Iván Azón,3/12/2025
646658,Aaron Ramsey,3/12/2025
648032,James Abankwah,3/12/2025
661253,Hector Kyprianou,3/12/2025
665390,Jaden Philogene,3/12/2025
667517,Jordan James,3/12/2025
669366,Tom Cannon,3/12/2025
680806,Samuel Edozie,3/12/2025
693095,Jacob Greaves,3/12/2025
698415,José Córdoba,3/12/2025
701021,Ruairi McConville,3/12/2025
714458,Ben Nelson,3/12/2025
715558,Marcelino Núñez,3/12/2025
729264,Welington,3/12/2025
732165,Ronnie Edwards,3/12/2025
741229,Rocco Vata,3/12/2025
741267,Sam Curtis,3/12/2025
746833,Caleb Wiley,3/12/2025
747951,Shea Charles,3/12/2025
800925,Oscar Schwartau,3/12/2025
804219,Léo Scienza,3/12/2025
820241,Damion Downs,3/12/2025
843595,Max Alleyne,3/12/2025
864121,Abdul Fatawu,3/12/2025
874043,Louie Marsh,3/12/2025
902021,Kuryu Matsuki,3/12/2025
936842,Michael Golding,3/12/2025
956920,Nestory Irankunda,3/12/2025
974327,Jack Grieves,3/12/2025
983702,Jacob Wright,3/12/2025
1007720,Tyler Bindon,3/12/2025
1041532,Djibril Soumaré,3/12/2025
1045124,Jay Robinson,3/12/2025
1191520,Nils Zätterström,3/12/2025
1225900,Ehije Ukaki,3/12/2025
3333,James Milner,9/12/2025
16306,Casemiro,9/12/2025
29692,Lukasz Fabianski,9/12/2025
29712,John Ruddy,9/12/2025
34130,Tom Heaton,9/12/2025
51471,Mateo Kovacic,9/12/2025
61651,Jordan Henderson,9/12/2025
61841,Adam Smith,9/12/2025
63200,Ashley Barnes,9/12/2025
67063,Danny Welbeck,9/12/2025
68390,Séamus Coleman,9/12/2025
72476,Bernd Leno,9/12/2025
73564,Jason Steele,9/12/2025
74960,Martin Dúbravka,9/12/2025
75489,Niclas Füllkrug,9/12/2025
85177,Nathaniel Clyne,9/12/2025
85941,Stefan Ortega,9/12/2025
95424,Kyle Walker,9/12/2025
95795,Václav Hladký,9/12/2025
95810,Kieran Trippier,9/12/2025
99397,Karl Darlow,9/12/2025
105470,Alisson,9/12/2025
108725,Chris Wood,9/12/2025
110864,Sam Johnstone,9/12/2025
111195,Joël Veltman,9/12/2025
111455,Granit Xhaka,9/12/2025
111873,Emiliano Martínez,9/12/2025
116648,Marcus Bettinelli,9/12/2025
118534,Michael Keane,9/12/2025
120629,Alphonse Areola,9/12/2025
123275,Tom Cairney,9/12/2025
123536,Simon Moore,9/12/2025
123682,Callum Wilson,9/12/2025
124884,Marco Bizot,9/12/2025
126664,Lucas Digne,9/12/2025
126665,Idrissa Gueye,9/12/2025
127181,Benjamin Lecomte,9/12/2025
127202,Matz Sels,9/12/2025
130164,Jordan Pickford,9/12/2025
131978,Ross Barkley,9/12/2025
131996,Bertrand Traoré,9/12/2025
134270,Dan Burn,9/12/2025
134425,Raheem Sterling,9/12/2025
135343,Fabian Schär,9/12/2025
136401,Daniel Bentley,9/12/2025
139208,Virgil van Dijk,9/12/2025
142310,Willy Boly,9/12/2025
142389,Mark Gillespie,9/12/2025
144028,Leandro Trossard,9/12/2025
146310,Wataru Endo,9/12/2025
148153,Lewis Dunk,9/12/2025
148367,Christian Nørgaard,9/12/2025
148455,Mohamed Salah,9/12/2025
171679,Matt Doherty,9/12/2025
173504,James Tarkowski,9/12/2025
177476,Nathan Aké,9/12/2025
177907,Harry Maguire,9/12/2025
181380,Arthur Masuaku,9/12/2025
181579,James Ward-Prowse,9/12/2025
183288,Luke Shaw,9/12/2025
183318,Jamaal Lascelles,9/12/2025
184528,Emil Krafth,9/12/2025
184573,Victor Lindelöf,9/12/2025
186590,John Stones,9/12/2025
188077,Ryan Christie,9/12/2025
192080,Nick Pope,9/12/2025
192279,Kepa Arrizabalaga,9/12/2025
192765,Ben Davies,9/12/2025
193116,John McGinn,9/12/2025
194386,Alex Cairns,9/12/2025
196722,Remi Matthews,9/12/2025
199527,Jacob Murphy,9/12/2025
201574,Angus Gunn,9/12/2025
203460,Jack Grealish,9/12/2025
203853,Oleksandr Zinchenko,9/12/2025
204103,Adama Traoré,9/12/2025
206040,Raúl Jiménez,9/12/2025
206746,Kenny Tete,9/12/2025
207014,Will Hughes,9/12/2025
209212,Solly March,9/12/2025
212847,Adam Webster,9/12/2025
214666,Connor Roberts,9/12/2025
215810,Tom King,9/12/2025
226049,Freddie Woodman,9/12/2025
226973,Harrison Reed,9/12/2025
234803,Andrew Robertson,9/12/2025
236490,Ola Aina,9/12/2025
236953,Sam Byram,9/12/2025
240306,Bruno Fernandes,9/12/2025
240692,Reinildo Mandava,9/12/2025
241641,Bernardo Silva,9/12/2025
242606,Josh Cullen,9/12/2025
242631,Alex Iwobi,9/12/2025
245056,Saša Lukić,9/12/2025
249089,Lewis Cook,9/12/2025
249565,Youri Tielemans,9/12/2025
249994,José Sá,9/12/2025
251106,Enes Ünal,9/12/2025
253677,Tyrone Mings,9/12/2025
256178,Joe Gomez,9/12/2025
257455,João Palhinha,9/12/2025
258004,Rúben Dias,9/12/2025
258878,Tosin Adarabioyo,9/12/2025
258889,Dominic Solanke,9/12/2025
258919,Dean Henderson,9/12/2025
260827,Joachim Andersen,9/12/2025
262226,Timothy Castagne,9/12/2025
262749,David Raya,9/12/2025
262980,Jefferson Lerma,9/12/2025
263236,Kevin Danso,9/12/2025
270171,Vitaly Janelt,9/12/2025
272622,Issa Diop,9/12/2025
277033,David Brooks,9/12/2025
279455,Harry Wilson,9/12/2025
282939,Luke O'Nien,9/12/2025
283628,Tomáš Souček,9/12/2025
284857,Marc Cucurella,9/12/2025
286047,Guglielmo Vicario,9/12/2025
292246,Hee-chan Hwang,9/12/2025
293194,Borna Sosa,9/12/2025
293281,Jacob Bruun Larsen,9/12/2025
294057,James Maddison,9/12/2025
295313,Taiwo Awoniyi,9/12/2025
296802,Walter Benítez,9/12/2025
297212,Joe Rodon,9/12/2025
306024,Dominic Calvert-Lewin,9/12/2025
309400,Kai Havertz,9/12/2025
314241,Josh Laurent,9/12/2025
314288,Lukas Nmecha,9/12/2025
314367,Marcus Edwards,9/12/2025
314875,Jarrod Bowen,9/12/2025
315858,Gianluigi Donnarumma,9/12/2025
316264,Martin Ødegaard,9/12/2025
318508,Olivier Boscagli,9/12/2025
319301,Daniel James,9/12/2025
319859,Mathias Jensen,9/12/2025
321247,Emiliano Buendía,9/12/2025
324358,Ollie Watkins,9/12/2025
325443,Viktor Gyökeres,9/12/2025
326029,Donyell Malen,9/12/2025
326031,Matthijs de Ligt,9/12/2025
328658,Kristoffer Ajer,9/12/2025
330659,Justin Kluivert,9/12/2025
332705,Tyler Adams,9/12/2025
333014,Sander Berge,9/12/2025
333241,Joelinton,9/12/2025
335721,Ben White,9/12/2025
336077,Altay Bayındır,9/12/2025
338424,Mikel Merino,9/12/2025
338629,Sebastiaan Bornauw,9/12/2025
338635,Hannes Delcroix,9/12/2025
339340,Tyrell Malacia,9/12/2025
339556,Rico Henry,9/12/2025
340321,Josh Dasilva,9/12/2025
340324,Eddie Nketiah,9/12/2025
340325,Reiss Nelson,9/12/2025
340329,Joe Willock,9/12/2025
340456,Noussair Mazraoui,9/12/2025
340918,Caoimhín Kelleher,9/12/2025
341051,Kyle Walker-Peters,9/12/2025
341092,Federico Chiesa,9/12/2025
342046,Axel Tuanzebe,9/12/2025
342385,Guido Rodríguez,9/12/2025
344069,Anton Stach,9/12/2025
345911,Ladislav Krejci,9/12/2025
346314,Trevoh Chalobah,9/12/2025
346483,Mason Mount,9/12/2025
346707,Sean Longstaff,9/12/2025
346890,Noah Okafor,9/12/2025
348026,Nordi Mukiele,9/12/2025
349066,Alexander Isak,9/12/2025
349701,Antonee Robinson,9/12/2025
351749,Kalvin Phillips,9/12/2025
352041,Lucas Perri,9/12/2025
353032,Omar Alderete,9/12/2025
354362,Rodrigo Bentancur,9/12/2025
355915,Cristian Romero,9/12/2025
356141,Daichi Kamada,9/12/2025
357119,Ibrahima Konaté,9/12/2025
357147,Diogo Dalot,9/12/2025
357162,Florentino,9/12/2025
357565,Rodri,9/12/2025
357658,Mark Travers,9/12/2025
357662,Declan Rice,9/12/2025
361093,Sven Botman,9/12/2025
362108,Gabriel Gudmundsson,9/12/2025
363205,Gabriel Jesus,9/12/2025
365108,Dan Ndoye,9/12/2025
369316,Ferdi Kadıoğlu,9/12/2025
369962,Joël Piroe,9/12/2025
371851,Jaka Bijol,9/12/2025
375885,Ibrahim Sangaré,9/12/2025
378710,Richarlison,9/12/2025
380350,Igor Julio,9/12/2025
381753,Ilia Gruev,9/12/2025
381963,Mike Tresor,9/12/2025
386047,Axel Disasi,9/12/2025
388165,Yoane Wissa,9/12/2025
392179,Hjalmar Ekdal,9/12/2025
392757,Marc Guéhi,9/12/2025
392763,Ian Poveda,9/12/2025
392765,Emile Smith Rowe,9/12/2025
392768,Callum Hudson-Odoi,9/12/2025
392771,Ethan Ampadu,9/12/2025
392775,Ryan Sessegnon,9/12/2025
393323,Brenden Aaronson,9/12/2025
394327,Boubacar Kamara,9/12/2025
397033,Sandro Tonali,9/12/2025
398065,Harvey Barnes,9/12/2025
399434,Marcus Tavernier,9/12/2025
399776,Pau Torres,9/12/2025
400536,Mads Hermansen,9/12/2025
401173,Jadon Sancho,9/12/2025
401922,Samuel Chukwueze,9/12/2025
403151,Robert Sánchez,9/12/2025
403898,Jordan Beyer,9/12/2025
404842,Vitaliy Mykolenko,9/12/2025
406556,Tom McGill,9/12/2025
406635,Phil Foden,9/12/2025
410225,Ismaïla Sarr,9/12/2025
410425,Yves Bissouma,9/12/2025
410708,Pascal Struijk,9/12/2025
411537,Zian Flemming,9/12/2025
413039,Bryan Mbeumo,9/12/2025
413220,James Justin,9/12/2025
413403,Ezri Konsa,9/12/2025
413507,Nikola Milenković,9/12/2025
414908,Marshall Munetsi,9/12/2025
415381,Mats Wieffer,9/12/2025
415912,Konstantinos Mavropanos,9/12/2025
415970,Joe Worrall,9/12/2025
417346,Jack Harrison,9/12/2025
418560,Erling Haaland,9/12/2025
420002,Jean-Philippe Mateta,9/12/2025
420210,Lutsharel Geertruida,9/12/2025
420243,Jurriën Timber,9/12/2025
421637,Frank Onyeka,9/12/2025
423440,Martín Zubimendi,9/12/2025
424015,Nathan Patterson,9/12/2025
425334,Matty Cash,9/12/2025
425902,Ryan Yates,9/12/2025
427568,Aaron Ramsdale,9/12/2025
428016,Brandon Austin,9/12/2025
429014,Morgan Gibbs-White,9/12/2025
429915,Maxim De Cuyper,9/12/2025
429983,Jørgen Strand Larsen,9/12/2025
430310,Andrew Irving,9/12/2025
431755,Dejan Kulusevski,9/12/2025
432164,Igor Jesus,9/12/2025
432914,John Victor,9/12/2025
433177,Bukayo Saka,9/12/2025
433188,Curtis Jones,9/12/2025
434224,Maxence Lacroix,9/12/2025
434675,Cody Gakpo,9/12/2025
435338,Gabriel,9/12/2025
435648,Joshua Zirkzee,9/12/2025
438001,Santiago Bueno,9/12/2025
442248,Ethan Pinnock,9/12/2025
444523,Lucas Paquetá,9/12/2025
445939,Omar Marmoush,9/12/2025
447661,Douglas Luiz,9/12/2025
450050,Jean-Ricner Bellegarde,9/12/2025
451276,Dominik Szoboszlai,9/12/2025
455661,Nick Woltemade,9/12/2025
456292,Ellery Balcombe,9/12/2025
460939,Tijjani Reijnders,9/12/2025
461883,Calvin Bassey,9/12/2025
463603,Benoît Badiashile,9/12/2025
463605,Bafodé Diakité,9/12/2025
465555,Djordje Petrovic,9/12/2025
465717,Jayden Bogle,9/12/2025
466805,Nico González,9/12/2025
467623,Lyle Foster,9/12/2025
469050,Nathan Collins,9/12/2025
469781,Marcos Senesi,9/12/2025
470607,Brennan Johnson,9/12/2025
472423,Reece James,9/12/2025
473050,Kevin Schade,9/12/2025
473169,Brian Brobbey,9/12/2025
474701,Crysencio Summerville,9/12/2025
475188,Kiernan Dewsbury-Hall,9/12/2025
475411,Wesley Fofana,9/12/2025
475959,Josko Gvardiol,9/12/2025
476701,Manuel Ugarte,9/12/2025
477758,Aaron Wan-Bissaka,9/12/2025
478573,Ryan Gravenberch,9/12/2025
479999,Eberechi Eze,9/12/2025
480762,Lisandro Martínez,9/12/2025
483348,Djed Spence,9/12/2025
484547,Jeremie Frimpong,9/12/2025
485583,Ki-Jana Hoever,9/12/2025
485585,Ian Maatsen,9/12/2025
485706,Amadou Onana,9/12/2025
486049,Jérémy Doku,9/12/2025
487465,Pedro Neto,9/12/2025
487969,Randal Kolo Muani,9/12/2025
488935,Hákon Valdimarsson,9/12/2025
489359,Ao Tanaka,9/12/2025
493003,Daniel Muñoz,9/12/2025
494237,Wilson Isidor,9/12/2025
494880,Jorge Cuenca,9/12/2025
495666,William Saliba,9/12/2025
497291,Nicolás Domínguez,9/12/2025
500689,Evann Guessand,9/12/2025
502676,Giorgi Mamardashvili,9/12/2025
502821,Riccardo Calafiori,9/12/2025
503679,Rhys Williams,9/12/2025
503680,Neco Williams,9/12/2025
503686,Dan Ballard,9/12/2025
503733,Anthony Gordon,9/12/2025
503743,Morgan Rogers,9/12/2025
503749,Jacob Ramsey,9/12/2025
503883,Senne Lammens,9/12/2025
503981,Tino Livramento,9/12/2025
503987,Noni Madueke,9/12/2025
504849,Kaoru Mitoma,9/12/2025
505219,James Garner,9/12/2025
513970,Julián Araujo,9/12/2025
514285,Quilindschy Hartman,9/12/2025
515544,Trai Hume,9/12/2025
517894,Matheus Cunha,9/12/2025
520624,Bruno Guimarães,9/12/2025
521964,Malick Thiaw,9/12/2025
525247,Maximilian Kilman,9/12/2025
532776,Amine Adli,9/12/2025
534033,Alexis Mac Allister,9/12/2025
536835,Amad Diallo,9/12/2025
538971,Naouirou Ahamada,9/12/2025
538977,Georginio Rutter,9/12/2025
538998,Timothée Pembélé,9/12/2025
540664,Dilane Bakwa,9/12/2025
540941,Mikkel Damsgaard,9/12/2025
541231,Sepp van den Berg,9/12/2025
541628,Oliver Sonne,9/12/2025
542586,Illan Meslier,9/12/2025
543387,Cheick Doucouré,9/12/2025
543499,Mohammed Kudus,9/12/2025
548729,Zeki Amdouni,9/12/2025
553875,Pedro Porro,9/12/2025
556385,Destiny Udogie,9/12/2025
557459,Micky van de Ven,9/12/2025
559130,Harrison Ashby,9/12/2025
559263,Fábio Carvalho,9/12/2025
565093,Bart Verbruggen,9/12/2025
565822,Harvey Elliott,9/12/2025
566799,James Trafford,9/12/2025
566931,Xavi Simons,9/12/2025
567576,Elliot Anderson,9/12/2025
568006,Dennis Cirkin,9/12/2025
568157,Yéremy Pino,9/12/2025
568177,Cole Palmer,9/12/2025
568559,Radu Drăgușin,9/12/2025
568693,Pape Matar Sarr,9/12/2025
571743,Armando Broja,9/12/2025
576314,Jan Paul van Hecke,9/12/2025
578391,Rayan Aït-Nouri,9/12/2025
578539,Chris Richards,9/12/2025
582078,Will Dennis,9/12/2025
583189,Anthony Elanga,9/12/2025
583199,James McAtee,9/12/2025
583255,Antoine Semenyo,9/12/2025
584769,Dwight McNeil,9/12/2025
585323,Filip Jørgensen,9/12/2025
585959,Arnaud Kalimuendo,9/12/2025
587002,Myles Peart-Harris,9/12/2025
588989,Jhon Arias,9/12/2025
591949,Aaron Hickey,9/12/2025
595809,Beto,9/12/2025
598577,Florian Wirtz,9/12/2025
601883,Matheus Nunes,9/12/2025
605184,Jean-Clair Todibo,9/12/2025
606718,Toti,9/12/2025
607223,Rayan Cherki,9/12/2025
607224,Hannibal,9/12/2025
607226,Loum Tchaouna,9/12/2025
608832,Merlin Röhl,9/12/2025
609556,William Osula,9/12/2025
610849,Liam Delap,9/12/2025
611793,James Hill,9/12/2025
612517,Bashir Humphreys,9/12/2025
614258,Levi Colwill,9/12/2025
620322,Malo Gusto,9/12/2025
623570,Iliman Ndiaye,9/12/2025
624258,Conor Bradley,9/12/2025
626724,João Pedro,9/12/2025
627442,Benjamin Sesko,9/12/2025
627626,Wilfried Gnonto,9/12/2025
628451,Roméo Lavia,9/12/2025
633992,Enzo Le Fée,9/12/2025
644401,Keane Lewis-Potter,9/12/2025
645686,Lamare Bogarde,9/12/2025
646750,Cristhian Mosquera,9/12/2025
646991,Robin Roefs,9/12/2025
648195,Enzo Fernández,9/12/2025
654412,Abdoullah Ba,9/12/2025
654539,Adrien Truffert,9/12/2025
655488,Gabriel Martinelli,9/12/2025
656316,Gabriel Slonina,9/12/2025
658536,Simon Adingra,9/12/2025
659813,Piero Hincapié,9/12/2025
660860,Diego Coppola,9/12/2025
661053,Jarrad Branthwaite,9/12/2025
661207,Oscar Bobb,9/12/2025
661427,David Møller Wolfe,9/12/2025
667121,Rodrigo Gomes,9/12/2025
667287,Yasin Ayari,9/12/2025
670717,Dário Essugo,9/12/2025
670858,Lewis Hall,9/12/2025
670882,Jamie Gittens,9/12/2025
670883,Dane Scarlett,9/12/2025
671108,Kota Takai,9/12/2025
673492,Morato,9/12/2025
683571,Tolu Arokodare,9/12/2025
683620,Antoni Milambo,9/12/2025
683895,Emmanuel Agbadou,9/12/2025
684210,Jaidon Anthony,9/12/2025
687626,Moisés Caicedo,9/12/2025
689637,Chadi Riad,9/12/2025
696181,Romaine Mundle,9/12/2025
696589,Tim Iroegbunam,9/12/2025
698164,Freddie Potts,9/12/2025
698678,Hugo Bueno,9/12/2025
700106,Brajan Gruda,9/12/2025
701057,Rico Lewis,9/12/2025
708072,Nicolò Savona,9/12/2025
709726,Hugo Ekitiké,9/12/2025
711337,Evanilson,9/12/2025
711544,Jake O'Brien,9/12/2025
711999,Lesley Ugochukwu,9/12/2025
716276,Yerson Mosquera,9/12/2025
717411,Yegor Yarmolyuk,9/12/2025
719673,Ben Gannon-Doak,9/12/2025
724783,Tawanda Chirewa,9/12/2025
725912,Antonín Kinský,9/12/2025
727089,Noah Sadiki,9/12/2025
730861,Milos Kerkez,9/12/2025
730893,Tyrick Mitchell,9/12/2025
735570,João Gomes,9/12/2025
735571,Rodrigo Muniz,9/12/2025
739443,Igor Thiago,9/12/2025
741236,Matthew Cox,9/12/2025
741238,Omari Hutchinson,9/12/2025
741257,Álex Jiménez,9/12/2025
743384,Chemsdine Talbi,9/12/2025
743413,Nico O'Reilly,9/12/2025
743498,Wilson Odobert,9/12/2025
743591,Savinho,9/12/2025
743600,Andrey Santos,9/12/2025
744149,Adam Wharton,9/12/2025
745181,Soungoutou Magassa,9/12/2025
747009,Justin Devenny,9/12/2025
747598,Elijah Campbell,9/12/2025
748319,Carlos Alcaraz,9/12/2025
763079,Abdukodir Khusanov,9/12/2025
800176,André,9/12/2025
801734,Mathys Tel,9/12/2025
811779,Alejandro Garnacho,9/12/2025
820374,Kobbie Mainoo,9/12/2025
823231,Dango Ouattara,9/12/2025
823486,Michael Kayode,9/12/2025
829299,Max Weiß,9/12/2025
842341,Maxime Estève,9/12/2025
848509,Jackson Tchatchoua,9/12/2025
855256,Alex Scott,9/12/2025
860078,Kaden Rodney,9/12/2025
863741,Nathan Fraser,9/12/2025
864799,Stefan Bajcetic,9/12/2025
866246,Lucas Bergvall,9/12/2025
866655,Tyler Dibling,9/12/2025
867688,Jack Hinshelwood,9/12/2025
876631,Habib Diarra,9/12/2025
880245,Mateus Fernandes,9/12/2025
890719,Ethan Nwaneri,9/12/2025
890721,Myles Lewis-Skelly,9/12/2025
900195,Kevin,9/12/2025
900601,Alex Murphy,9/12/2025
904802,Jorrel Hato,9/12/2025
911424,Tyler Fredricson,9/12/2025
922563,Oliver Scarles,9/12/2025
922693,Archie Gray,9/12/2025
922769,Lewis Miley,9/12/2025
923831,Leny Yoro,9/12/2025
926952,Patrick Dorgu,9/12/2025
927768,Lucas Pires,9/12/2025
933017,Zach Abbott,9/12/2025
933018,Tom Watson,9/12/2025
936874,Tyrique George,9/12/2025
937840,Harrison Jones,9/12/2025
937941,Thierno Barry,9/12/2025
938146,Adam Aznou,9/12/2025
938158,Marc Guiu,9/12/2025
947411,Chris Rigg,9/12/2025
950091,Stefanos Tzimas,9/12/2025
953135,Callum Marshall,9/12/2025
954105,Jamaldeen Jimoh-Aloba,9/12/2025
955357,Junior Kroupi,9/12/2025
967319,Romain Esse,9/12/2025
967346,Eliezer Mayenda,9/12/2025
973085,Carlos Baleba,9/12/2025
978668,Joe Knight,9/12/2025
983989,Facundo Buonanotte,9/12/2025
984096,Jair Cunha,9/12/2025
989112,Veljko Milosavljevic,9/12/2025
991800,Luís Guilherme,9/12/2025
994604,Matai Akinmboni,9/12/2025
996897,Diego Gómez,9/12/2025
1004708,Josh Acheampong,9/12/2025
1005649,Murillo,9/12/2025
1006411,Jaydee Canvot,9/12/2025
1009658,Julio Soler,9/12/2025
1011131,Josh King,9/12/2025
1012534,Yankuba Minteh,9/12/2025
1015619,Ahmed Abdullahi,9/12/2025
1042886,Chido Obi,9/12/2025
1045123,Trey Nyoni,9/12/2025
1047257,Rio Cardines,9/12/2025
1047261,Caleb Kporha,9/12/2025
1056993,Estêvão,9/12/2025
1060087,Charalampos Kostoulas,9/12/2025
1060740,Enso González,9/12/2025
1063329,Andrés García,9/12/2025
1064471,Fer López,9/12/2025
1069512,Jonah Kusi-Asare,9/12/2025
1078163,Ayden Heaven,9/12/2025
1086619,Giovanni Leoni,9/12/2025
1089802,Remy Rees-Dottin,9/12/2025
1091562,Romelle Donovan,9/12/2025
1108464,Reggie Walsh,9/12/2025
1108466,Rio Ngumoha,9/12/2025
1111589,El Hadji Malick Diouf,9/12/2025
1124005,Christantus Uche,9/12/2025
1141628,Yunus Konak,9/12/2025
1202361,Bradley Burrowes,9/12/2025
1230661,Mateus Mané,9/12/2025
1283997,Diego León,9/12/2025
633652,Calvin Ramsay,17/12/2025
655986,Reece Welch,17/12/2025
667508,Chris Popov,17/12/2025
670880,Jadel Katongo,17/12/2025
741228,Joe O'Brien-Whitmarsh,17/12/2025
796037,Charles Sagoe Jr,17/12/2025
814526,Brandon Cover,17/12/2025
821522,Alfie Pond,17/12/2025
845809,Lewis Orford,17/12/2025
856479,Roman Dixon,17/12/2025
877945,Henry Gray,17/12/2025
887433,Kadan Young,17/12/2025
906214,Sam Rak-Sakyi,17/12/2025
908890,Miodrag Pivaš,17/12/2025
921662,Charlie Tasker,17/12/2025
922764,Ben Parkinson,17/12/2025
939290,Jayden Danns,17/12/2025
940915,Alexéi Rojas,17/12/2025
982097,Shumaira Mheuka,17/12/2025
985546,Callum Olusesi,17/12/2025
985691,Harrison Murray-Campbell,17/12/2025
990836,Romeo Akachukwu,17/12/2025
1043634,Leon Chiwome,17/12/2025
1045121,Genesis Antwi,17/12/2025
1047256,Asher Agbinone,17/12/2025
1049889,Rory Whittaker,17/12/2025
1067168,Harry Howell,17/12/2025
1069449,Emmanuel Adegboyega,17/12/2025
1081995,Mohamadou Kanté,17/12/2025
1108049,Amara Nallo,17/12/2025
1131973,Jack Porter,17/12/2025
1145455,Nils Ramming,17/12/2025
1147385,Fletcher Boyd,17/12/2025
1154164,James Overy,17/12/2025
1011140,Jack Fletcher,29/12/2025
1187629,Max Dowman,31/12/2025
1085591,Bendito Mantato,22/1/2026
1107726,Ezra Mayers,22/1/2026
186186,Bobby De Cordova-Reid,3/3/2026
351749,Kalvin Phillips,3/3/2026
391005,Mads Roerslev,3/3/2026
392591,Chiedozie Ogbene,3/3/2026
468198,Joe Aribo,3/3/2026
564529,Victor Kristiansen,3/3/2026
569663,Mathias Kvistgaarden,3/3/2026
621193,Kasey McAteer,3/3/2026
667517,Jordan James,3/3/2026
701021,Ruairi McConville,3/3/2026
715558,Marcelino Núñez,3/3/2026
742770,Mohamed Touré,3/3/2026
1020267,Dujuan Richards,3/3/2026
51471,Mateo Kovacic,9/3/2026
108725,Chris Wood,9/3/2026
110864,Sam Johnstone,9/3/2026
120629,Alphonse Areola,9/3/2026
127202,Matz Sels,9/3/2026
142310,Willy Boly,9/3/2026
148367,Christian Nørgaard,9/3/2026
177476,Nathan Aké,9/3/2026
184528,Emil Krafth,9/3/2026
186590,John Stones,9/3/2026
209212,Solly March,9/3/2026
212847,Adam Webster,9/3/2026
214666,Connor Roberts,9/3/2026
234803,Andrew Robertson,9/3/2026
242606,Josh Cullen,9/3/2026
250426,Adam Armstrong,9/3/2026
257455,João Palhinha,9/3/2026
258878,Tosin Adarabioyo,9/3/2026
263236,Kevin Danso,9/3/2026
277033,David Brooks,9/3/2026
279455,Harry Wilson,9/3/2026
282939,Luke O'Nien,9/3/2026
286047,Guglielmo Vicario,9/3/2026
292246,Hee-chan Hwang,9/3/2026
294057,James Maddison,9/3/2026
295313,Taiwo Awoniyi,9/3/2026
297212,Joe Rodon,9/3/2026
306024,Dominic Calvert-Lewin,9/3/2026
309400,Kai Havertz,9/3/2026
314288,Lukas Nmecha,9/3/2026
316264,Martin Ødegaard,9/3/2026
318508,Olivier Boscagli,9/3/2026
319301,Daniel James,9/3/2026
325443,Viktor Gyökeres,9/3/2026
328658,Kristoffer Ajer,9/3/2026
330659,Justin Kluivert,9/3/2026
331726,Tammy Abraham,9/3/2026
338629,Sebastiaan Bornauw,9/3/2026
340321,Josh Dasilva,9/3/2026
340324,Eddie Nketiah,9/3/2026
340325,Reiss Nelson,9/3/2026
340456,Noussair Mazraoui,9/3/2026
340918,Caoimhín Kelleher,9/3/2026
341092,Federico Chiesa,9/3/2026
344069,Anton Stach,9/3/2026
346314,Trevoh Chalobah,9/3/2026
346483,Mason Mount,9/3/2026
346707,Sean Longstaff,9/3/2026
348026,Nordi Mukiele,9/3/2026
349066,Alexander Isak,9/3/2026
349701,Antonee Robinson,9/3/2026
352041,Lucas Perri,9/3/2026
353032,Omar Alderete,9/3/2026
354362,Rodrigo Bentancur,9/3/2026
355915,Cristian Romero,9/3/2026
357147,Diogo Dalot,9/3/2026
357162,Florentino,9/3/2026
357565,Rodri,9/3/2026
362108,Gabriel Gudmundsson,9/3/2026
365108,Dan Ndoye,9/3/2026
369316,Ferdi Kadıoğlu,9/3/2026
369962,Joël Piroe,9/3/2026
380350,Igor Julio,9/3/2026
381753,Ilia Gruev,9/3/2026
381963,Mike Tresor,9/3/2026
387626,Leon Bailey,9/3/2026
388165,Yoane Wissa,9/3/2026
392757,Marc Guéhi,9/3/2026
392770,Angel Gomes,9/3/2026
392771,Ethan Ampadu,9/3/2026
393323,Brenden Aaronson,9/3/2026
397033,Sandro Tonali,9/3/2026
399434,Marcus Tavernier,9/3/2026
399776,Pau Torres,9/3/2026
401922,Samuel Chukwueze,9/3/2026
403898,Jordan Beyer,9/3/2026
410425,Yves Bissouma,9/3/2026
410708,Pascal Struijk,9/3/2026
411537,Zian Flemming,9/3/2026
413039,Bryan Mbeumo,9/3/2026
413403,Ezri Konsa,9/3/2026
415970,Joe Worrall,9/3/2026
420002,Jean-Philippe Mateta,9/3/2026
423440,Martín Zubimendi,9/3/2026
425902,Ryan Yates,9/3/2026
429014,Morgan Gibbs-White,9/3/2026
429983,Jørgen Strand Larsen,9/3/2026
431755,Dejan Kulusevski,9/3/2026
432164,Igor Jesus,9/3/2026
433177,Bukayo Saka,9/3/2026
433188,Curtis Jones,9/3/2026
434224,Maxence Lacroix,9/3/2026
434675,Cody Gakpo,9/3/2026
435648,Joshua Zirkzee,9/3/2026
445939,Omar Marmoush,9/3/2026
447661,Douglas Luiz,9/3/2026
451276,Dominik Szoboszlai,9/3/2026
455661,Nick Woltemade,9/3/2026
460939,Tijjani Reijnders,9/3/2026
463605,Bafodé Diakité,9/3/2026
465717,Jayden Bogle,9/3/2026
469050,Nathan Collins,9/3/2026
472423,Reece James,9/3/2026
473169,Brian Brobbey,9/3/2026
474701,Crysencio Summerville,9/3/2026
475188,Kiernan Dewsbury-Hall,9/3/2026
479999,Eberechi Eze,9/3/2026
480762,Lisandro Martínez,9/3/2026
481675,Christos Mandas,9/3/2026
483348,Djed Spence,9/3/2026
484547,Jeremie Frimpong,9/3/2026
485585,Ian Maatsen,9/3/2026
485706,Amadou Onana,9/3/2026
487969,Randal Kolo Muani,9/3/2026
494880,Jorge Cuenca,9/3/2026
503686,Dan Ballard,9/3/2026
503743,Morgan Rogers,9/3/2026
503883,Senne Lammens,9/3/2026
504849,Kaoru Mitoma,9/3/2026
505219,James Garner,9/3/2026
515544,Trai Hume,9/3/2026
521964,Malick Thiaw,9/3/2026
522784,Taty Castellanos,9/3/2026
525247,Maximilian Kilman,9/3/2026
534033,Alexis Mac Allister,9/3/2026
538977,Georginio Rutter,9/3/2026
540664,Dilane Bakwa,9/3/2026
541231,Sepp van den Berg,9/3/2026
542586,Illan Meslier,9/3/2026
543387,Cheick Doucouré,9/3/2026
556385,Destiny Udogie,9/3/2026
559263,Fábio Carvalho,9/3/2026
565093,Bart Verbruggen,9/3/2026
565822,Harvey Elliott,9/3/2026
566931,Xavi Simons,9/3/2026
568177,Cole Palmer,9/3/2026
568559,Radu Drăgușin,9/3/2026
568693,Pape Matar Sarr,9/3/2026
571743,Armando Broja,9/3/2026
583189,Anthony Elanga,9/3/2026
583199,James McAtee,9/3/2026
583255,Antoine Semenyo,9/3/2026
601883,Matheus Nunes,9/3/2026
605426,Melker Ellborg,9/3/2026
606718,Toti,9/3/2026
607223,Rayan Cherki,9/3/2026
607224,Hannibal,9/3/2026
610849,Liam Delap,9/3/2026
611793,James Hill,9/3/2026
612517,Bashir Humphreys,9/3/2026
623570,Iliman Ndiaye,9/3/2026
626724,João Pedro,9/3/2026
627442,Benjamin Sesko,9/3/2026
627626,Wilfried Gnonto,9/3/2026
628451,Roméo Lavia,9/3/2026
633992,Enzo Le Fée,9/3/2026
644401,Keane Lewis-Potter,9/3/2026
645686,Lamare Bogarde,9/3/2026
646991,Robin Roefs,9/3/2026
648195,Enzo Fernández,9/3/2026
654539,Adrien Truffert,9/3/2026
661207,Oscar Bobb,9/3/2026
670717,Dário Essugo,9/3/2026
670858,Lewis Hall,9/3/2026
670882,Jamie Gittens,9/3/2026
684210,Jaidon Anthony,9/3/2026
696181,Romaine Mundle,9/3/2026
696589,Tim Iroegbunam,9/3/2026
698164,Freddie Potts,9/3/2026
698678,Hugo Bueno,9/3/2026
701057,Rico Lewis,9/3/2026
708072,Nicolò Savona,9/3/2026
709726,Hugo Ekitiké,9/3/2026
711337,Evanilson,9/3/2026
711544,Jake O'Brien,9/3/2026
716276,Yerson Mosquera,9/3/2026
717411,Yegor Yarmolyuk,9/3/2026
719673,Ben Gannon-Doak,9/3/2026
727089,Noah Sadiki,9/3/2026
735570,João Gomes,9/3/2026
739443,Igor Thiago,9/3/2026
741257,Álex Jiménez,9/3/2026
743384,Chemsdine Talbi,9/3/2026
743413,Nico O'Reilly,9/3/2026
743498,Wilson Odobert,9/3/2026
743591,Savinho,9/3/2026
743600,Andrey Santos,9/3/2026
747009,Justin Devenny,9/3/2026
800176,André,9/3/2026
801734,Mathys Tel,9/3/2026
811779,Alejandro Garnacho,9/3/2026
817665,Pablo,9/3/2026
820374,Kobbie Mainoo,9/3/2026
823486,Michael Kayode,9/3/2026
843595,Max Alleyne,9/3/2026
855256,Alex Scott,9/3/2026
864799,Stefan Bajcetic,9/3/2026
866655,Tyler Dibling,9/3/2026
880245,Mateus Fernandes,9/3/2026
890721,Myles Lewis-Skelly,9/3/2026
900601,Alex Murphy,9/3/2026
903611,Nilson Angulo,9/3/2026
922563,Oliver Scarles,9/3/2026
922769,Lewis Miley,9/3/2026
923831,Leny Yoro,9/3/2026
926952,Patrick Dorgu,9/3/2026
933017,Zach Abbott,9/3/2026
950091,Stefanos Tzimas,9/3/2026
955357,Junior Kroupi,9/3/2026
973085,Carlos Baleba,9/3/2026
983989,Facundo Buonanotte,9/3/2026
998101,Alex Tóth,9/3/2026
1004708,Josh Acheampong,9/3/2026
1005583,Alysson,9/3/2026
1005649,Murillo,9/3/2026
1011936,Kaye Furo,9/3/2026
1012564,Rayan,9/3/2026
1060740,Enso González,9/3/2026
1078163,Ayden Heaven,9/3/2026
1086258,Souza,9/3/2026
1107726,Ezra Mayers,9/3/2026
1107733,Harrison Armstrong,9/3/2026
1108466,Rio Ngumoha,9/3/2026
1226357,Brian Madjo,9/3/2026
1230661,Mateus Mané,9/3/2026
1322090,Jocelin Ta Bi,9/3/2026
141573,George Saville,12/5/2026
258216,Kasey Palmer,12/5/2026
610581,Ali Al-Hamadi,12/5/2026
724536,Josh Keeley,12/5/2026
99331,Jannik Vestergaard,28/5/2026
111051,Nampalys Mendy,28/5/2026
121254,Adam Davies,28/5/2026
126600,Kenny McLean,28/5/2026
186186,Bobby De Cordova-Reid,28/5/2026
262300,Ryan Manning,28/5/2026
341501,Hamza Choudhury,28/5/2026
351749,Kalvin Phillips,28/5/2026
380744,Egil Selvik,28/5/2026
391005,Mads Roerslev,28/5/2026
392591,Chiedozie Ogbene,28/5/2026
401320,Dara O'Shea,28/5/2026
412616,Giorgi Chakvetadze,28/5/2026
420808,George Hirst,28/5/2026
458178,Jack Taylor,28/5/2026
468198,Joe Aribo,28/5/2026
468539,Daniel Peretz,28/5/2026
480723,Finn Azaz,28/5/2026
485583,Ki-Jana Hoever,28/5/2026
564529,Victor Kristiansen,28/5/2026
569663,Mathias Kvistgaarden,28/5/2026
615302,Mirko Topić,28/5/2026
621193,Kasey McAteer,28/5/2026
646658,Aaron Ramsey,28/5/2026
648032,James Abankwah,28/5/2026
661253,Hector Kyprianou,28/5/2026
662744,Vicente Reyes,28/5/2026
667517,Jordan James,28/5/2026
698415,José Córdoba,28/5/2026
701021,Ruairi McConville,28/5/2026
715558,Marcelino Núñez,28/5/2026
741229,Rocco Vata,28/5/2026
742770,Mohamed Touré,28/5/2026
747951,Shea Charles,28/5/2026
906160,Saba Goglichidze,28/5/2026
956920,Nestory Irankunda,28/5/2026
1007720,Tyler Bindon,28/5/2026
1020267,Dujuan Richards,28/5/2026
3333,James Milner,3/6/2026
16306,Casemiro,3/6/2026
29692,Lukasz Fabianski,3/6/2026
29712,John Ruddy,3/6/2026
34130,Tom Heaton,3/6/2026
51471,Mateo Kovacic,3/6/2026
52570,Fraser Forster,3/6/2026
61651,Jordan Henderson,3/6/2026
61841,Adam Smith,3/6/2026
63200,Ashley Barnes,3/6/2026
67063,Danny Welbeck,3/6/2026
68390,Séamus Coleman,3/6/2026
72476,Bernd Leno,3/6/2026
73564,Jason Steele,3/6/2026
74960,Martin Dúbravka,3/6/2026
82873,Pascal Groß,3/6/2026
85177,Nathaniel Clyne,3/6/2026
85941,Stefan Ortega,3/6/2026
95424,Kyle Walker,3/6/2026
95795,Václav Hladký,3/6/2026
95810,Kieran Trippier,3/6/2026
99397,Karl Darlow,3/6/2026
105470,Alisson,3/6/2026
108725,Chris Wood,3/6/2026
110864,Sam Johnstone,3/6/2026
111195,Joël Veltman,3/6/2026
111455,Granit Xhaka,3/6/2026
111873,Emiliano Martínez,3/6/2026
116648,Marcus Bettinelli,3/6/2026
118534,Michael Keane,3/6/2026
120629,Alphonse Areola,3/6/2026
123275,Tom Cairney,3/6/2026
123536,Simon Moore,3/6/2026
123682,Callum Wilson,3/6/2026
124884,Marco Bizot,3/6/2026
126664,Lucas Digne,3/6/2026
126665,Idrissa Gueye,3/6/2026
127181,Benjamin Lecomte,3/6/2026
127202,Matz Sels,3/6/2026
130164,Jordan Pickford,3/6/2026
131978,Ross Barkley,3/6/2026
131996,Bertrand Traoré,3/6/2026
134270,Dan Burn,3/6/2026
135343,Fabian Schär,3/6/2026
136401,Daniel Bentley,3/6/2026
139208,Virgil van Dijk,3/6/2026
142310,Willy Boly,3/6/2026
142389,Mark Gillespie,3/6/2026
144028,Leandro Trossard,3/6/2026
146310,Wataru Endo,3/6/2026
148153,Lewis Dunk,3/6/2026
148367,Christian Nørgaard,3/6/2026
148455,Mohamed Salah,3/6/2026
171679,Matt Doherty,3/6/2026
173504,James Tarkowski,3/6/2026
177476,Nathan Aké,3/6/2026
177907,Harry Maguire,3/6/2026
181579,James Ward-Prowse,3/6/2026
183288,Luke Shaw,3/6/2026
184528,Emil Krafth,3/6/2026
184573,Victor Lindelöf,3/6/2026
186590,John Stones,3/6/2026
188077,Ryan Christie,3/6/2026
192080,Nick Pope,3/6/2026
192279,Kepa Arrizabalaga,3/6/2026
192765,Ben Davies,3/6/2026
193116,John McGinn,3/6/2026
194386,Alex Cairns,3/6/2026
196722,Remi Matthews,3/6/2026
199527,Jacob Murphy,3/6/2026
201574,Angus Gunn,3/6/2026
203460,Jack Grealish,3/6/2026
204103,Adama Traoré,3/6/2026
206040,Raúl Jiménez,3/6/2026
206746,Kenny Tete,3/6/2026
207014,Will Hughes,3/6/2026
209212,Solly March,3/6/2026
212847,Adam Webster,3/6/2026
214666,Connor Roberts,3/6/2026
215810,Tom King,3/6/2026
226049,Freddie Woodman,3/6/2026
226973,Harrison Reed,3/6/2026
234803,Andrew Robertson,3/6/2026
236490,Ola Aina,3/6/2026
236953,Sam Byram,3/6/2026
240306,Bruno Fernandes,3/6/2026
240692,Reinildo Mandava,3/6/2026
241641,Bernardo Silva,3/6/2026
242606,Josh Cullen,3/6/2026
242631,Alex Iwobi,3/6/2026
245056,Saša Lukić,3/6/2026
249089,Lewis Cook,3/6/2026
249565,Youri Tielemans,3/6/2026
249994,José Sá,3/6/2026
250426,Adam Armstrong,3/6/2026
251106,Enes Ünal,3/6/2026
253677,Tyrone Mings,3/6/2026
256178,Joe Gomez,3/6/2026
257455,João Palhinha,3/6/2026
258004,Rúben Dias,3/6/2026
258878,Tosin Adarabioyo,3/6/2026
258889,Dominic Solanke,3/6/2026
258919,Dean Henderson,3/6/2026
260827,Joachim Andersen,3/6/2026
262226,Timothy Castagne,3/6/2026
262749,David Raya,3/6/2026
262980,Jefferson Lerma,3/6/2026
263236,Kevin Danso,3/6/2026
270171,Vitaly Janelt,3/6/2026
272622,Issa Diop,3/6/2026
277033,David Brooks,3/6/2026
279455,Harry Wilson,3/6/2026
282939,Luke O'Nien,3/6/2026
283628,Tomáš Souček,3/6/2026
284857,Marc Cucurella,3/6/2026
286047,Guglielmo Vicario,3/6/2026
292246,Hee-chan Hwang,3/6/2026
293194,Borna Sosa,3/6/2026
293281,Jacob Bruun Larsen,3/6/2026
294057,James Maddison,3/6/2026
295313,Taiwo Awoniyi,3/6/2026
296802,Walter Benítez,3/6/2026
297212,Joe Rodon,3/6/2026
306024,Dominic Calvert-Lewin,3/6/2026
309400,Kai Havertz,3/6/2026
314241,Josh Laurent,3/6/2026
314288,Lukas Nmecha,3/6/2026
314367,Marcus Edwards,3/6/2026
314875,Jarrod Bowen,3/6/2026
315858,Gianluigi Donnarumma,3/6/2026
316264,Martin Ødegaard,3/6/2026
318508,Olivier Boscagli,3/6/2026
319301,Daniel James,3/6/2026
319859,Mathias Jensen,3/6/2026
321247,Emiliano Buendía,3/6/2026
324358,Ollie Watkins,3/6/2026
325443,Viktor Gyökeres,3/6/2026
326031,Matthijs de Ligt,3/6/2026
328658,Kristoffer Ajer,3/6/2026
330659,Justin Kluivert,3/6/2026
331726,Tammy Abraham,3/6/2026
332705,Tyler Adams,3/6/2026
333014,Sander Berge,3/6/2026
333241,Joelinton,3/6/2026
335721,Ben White,3/6/2026
336077,Altay Bayındır,3/6/2026
338424,Mikel Merino,3/6/2026
338629,Sebastiaan Bornauw,3/6/2026
339340,Tyrell Malacia,3/6/2026
339556,Rico Henry,3/6/2026
340321,Josh Dasilva,3/6/2026
340324,Eddie Nketiah,3/6/2026
340325,Reiss Nelson,3/6/2026
340329,Joe Willock,3/6/2026
340456,Noussair Mazraoui,3/6/2026
340918,Caoimhín Kelleher,3/6/2026
341051,Kyle Walker-Peters,3/6/2026
341092,Federico Chiesa,3/6/2026
342046,Axel Tuanzebe,3/6/2026
344069,Anton Stach,3/6/2026
345911,Ladislav Krejci,3/6/2026
346314,Trevoh Chalobah,3/6/2026
346483,Mason Mount,3/6/2026
346707,Sean Longstaff,3/6/2026
346890,Noah Okafor,3/6/2026
348026,Nordi Mukiele,3/6/2026
349066,Alexander Isak,3/6/2026
349701,Antonee Robinson,3/6/2026
352041,Lucas Perri,3/6/2026
353032,Omar Alderete,3/6/2026
354362,Rodrigo Bentancur,3/6/2026
355915,Cristian Romero,3/6/2026
356141,Daichi Kamada,3/6/2026
357119,Ibrahima Konaté,3/6/2026
357147,Diogo Dalot,3/6/2026
357162,Florentino,3/6/2026
357565,Rodri,3/6/2026
357658,Mark Travers,3/6/2026
357662,Declan Rice,3/6/2026
361093,Sven Botman,3/6/2026
362108,Gabriel Gudmundsson,3/6/2026
363205,Gabriel Jesus,3/6/2026
365108,Dan Ndoye,3/6/2026
369316,Ferdi Kadıoğlu,3/6/2026
369962,Joël Piroe,3/6/2026
371851,Jaka Bijol,3/6/2026
375885,Ibrahim Sangaré,3/6/2026
378710,Richarlison,3/6/2026
380350,Igor Julio,3/6/2026
381753,Ilia Gruev,3/6/2026
381963,Mike Tresor,3/6/2026
386047,Axel Disasi,3/6/2026
387626,Leon Bailey,3/6/2026
388165,Yoane Wissa,3/6/2026
392179,Hjalmar Ekdal,3/6/2026
392757,Marc Guéhi,3/6/2026
392765,Emile Smith Rowe,3/6/2026
392768,Callum Hudson-Odoi,3/6/2026
392770,Angel Gomes,3/6/2026
392771,Ethan Ampadu,3/6/2026
392775,Ryan Sessegnon,3/6/2026
393323,Brenden Aaronson,3/6/2026
394327,Boubacar Kamara,3/6/2026
397033,Sandro Tonali,3/6/2026
398065,Harvey Barnes,3/6/2026
399434,Marcus Tavernier,3/6/2026
399776,Pau Torres,3/6/2026
400536,Mads Hermansen,3/6/2026
401173,Jadon Sancho,3/6/2026
401922,Samuel Chukwueze,3/6/2026
403151,Robert Sánchez,3/6/2026
403898,Jordan Beyer,3/6/2026
404842,Vitaliy Mykolenko,3/6/2026
406556,Tom McGill,3/6/2026
406634,Matt O'Riley,3/6/2026
406635,Phil Foden,3/6/2026
410225,Ismaïla Sarr,3/6/2026
410425,Yves Bissouma,3/6/2026
410708,Pascal Struijk,3/6/2026
411537,Zian Flemming,3/6/2026
413039,Bryan Mbeumo,3/6/2026
413220,James Justin,3/6/2026
413403,Ezri Konsa,3/6/2026
413507,Nikola Milenković,3/6/2026
415381,Mats Wieffer,3/6/2026
415912,Konstantinos Mavropanos,3/6/2026
415970,Joe Worrall,3/6/2026
418560,Erling Haaland,3/6/2026
420002,Jean-Philippe Mateta,3/6/2026
420210,Lutsharel Geertruida,3/6/2026
420243,Jurriën Timber,3/6/2026
423440,Martín Zubimendi,3/6/2026
424015,Nathan Patterson,3/6/2026
425334,Matty Cash,3/6/2026
425902,Ryan Yates,3/6/2026
427568,Aaron Ramsdale,3/6/2026
428016,Brandon Austin,3/6/2026
429014,Morgan Gibbs-White,3/6/2026
429915,Maxim De Cuyper,3/6/2026
429983,Jørgen Strand Larsen,3/6/2026
431755,Dejan Kulusevski,3/6/2026
432164,Igor Jesus,3/6/2026
432914,John Victor,3/6/2026
433177,Bukayo Saka,3/6/2026
433188,Curtis Jones,3/6/2026
434224,Maxence Lacroix,3/6/2026
434675,Cody Gakpo,3/6/2026
435338,Gabriel,3/6/2026
435648,Joshua Zirkzee,3/6/2026
438001,Santiago Bueno,3/6/2026
442248,Ethan Pinnock,3/6/2026
445939,Omar Marmoush,3/6/2026
447661,Douglas Luiz,3/6/2026
450050,Jean-Ricner Bellegarde,3/6/2026
451276,Dominik Szoboszlai,3/6/2026
455661,Nick Woltemade,3/6/2026
456292,Ellery Balcombe,3/6/2026
460939,Tijjani Reijnders,3/6/2026
461883,Calvin Bassey,3/6/2026
463603,Benoît Badiashile,3/6/2026
463605,Bafodé Diakité,3/6/2026
465555,Djordje Petrovic,3/6/2026
465717,Jayden Bogle,3/6/2026
466805,Nico González,3/6/2026
467623,Lyle Foster,3/6/2026
469050,Nathan Collins,3/6/2026
469781,Marcos Senesi,3/6/2026
470607,Brennan Johnson,3/6/2026
472423,Reece James,3/6/2026
473050,Kevin Schade,3/6/2026
473169,Brian Brobbey,3/6/2026
474701,Crysencio Summerville,3/6/2026
475188,Kiernan Dewsbury-Hall,3/6/2026
475411,Wesley Fofana,3/6/2026
475959,Josko Gvardiol,3/6/2026
476701,Manuel Ugarte,3/6/2026
477758,Aaron Wan-Bissaka,3/6/2026
478573,Ryan Gravenberch,3/6/2026
479999,Eberechi Eze,3/6/2026
480762,Lisandro Martínez,3/6/2026
481675,Christos Mandas,3/6/2026
483348,Djed Spence,3/6/2026
484547,Jeremie Frimpong,3/6/2026
485585,Ian Maatsen,3/6/2026
485706,Amadou Onana,3/6/2026
486049,Jérémy Doku,3/6/2026
487465,Pedro Neto,3/6/2026
487969,Randal Kolo Muani,3/6/2026
488362,Conor Gallagher,3/6/2026
488935,Hákon Valdimarsson,3/6/2026
489359,Ao Tanaka,3/6/2026
493003,Daniel Muñoz,3/6/2026
494237,Wilson Isidor,3/6/2026
494880,Jorge Cuenca,3/6/2026
495666,William Saliba,3/6/2026
497291,Nicolás Domínguez,3/6/2026
500689,Evann Guessand,3/6/2026
502676,Giorgi Mamardashvili,3/6/2026
502821,Riccardo Calafiori,3/6/2026
503679,Rhys Williams,3/6/2026
503680,Neco Williams,3/6/2026
503686,Dan Ballard,3/6/2026
503733,Anthony Gordon,3/6/2026
503743,Morgan Rogers,3/6/2026
503749,Jacob Ramsey,3/6/2026
503883,Senne Lammens,3/6/2026
503981,Tino Livramento,3/6/2026
503987,Noni Madueke,3/6/2026
504849,Kaoru Mitoma,3/6/2026
505219,James Garner,3/6/2026
514285,Quilindschy Hartman,3/6/2026
515544,Trai Hume,3/6/2026
517894,Matheus Cunha,3/6/2026
520624,Bruno Guimarães,3/6/2026
521964,Malick Thiaw,3/6/2026
522784,Taty Castellanos,3/6/2026
524285,Luca Netz,3/6/2026
525247,Maximilian Kilman,3/6/2026
532776,Amine Adli,3/6/2026
534033,Alexis Mac Allister,3/6/2026
536835,Amad Diallo,3/6/2026
538977,Georginio Rutter,3/6/2026
540664,Dilane Bakwa,3/6/2026
540941,Mikkel Damsgaard,3/6/2026
541231,Sepp van den Berg,3/6/2026
542586,Illan Meslier,3/6/2026
543387,Cheick Doucouré,3/6/2026
543499,Mohammed Kudus,3/6/2026
548729,Zeki Amdouni,3/6/2026
553875,Pedro Porro,3/6/2026
556385,Destiny Udogie,3/6/2026
557459,Micky van de Ven,3/6/2026
559263,Fábio Carvalho,3/6/2026
565093,Bart Verbruggen,3/6/2026
565822,Harvey Elliott,3/6/2026
566799,James Trafford,3/6/2026
566931,Xavi Simons,3/6/2026
567576,Elliot Anderson,3/6/2026
568006,Dennis Cirkin,3/6/2026
568157,Yéremy Pino,3/6/2026
568177,Cole Palmer,3/6/2026
568559,Radu Drăgușin,3/6/2026
568693,Pape Matar Sarr,3/6/2026
571743,Armando Broja,3/6/2026
572265,Lorenzo Lucca,3/6/2026
576314,Jan Paul van Hecke,3/6/2026
578391,Rayan Aït-Nouri,3/6/2026
578539,Chris Richards,3/6/2026
583189,Anthony Elanga,3/6/2026
583199,James McAtee,3/6/2026
583255,Antoine Semenyo,3/6/2026
584769,Dwight McNeil,3/6/2026
585323,Filip Jørgensen,3/6/2026
591949,Aaron Hickey,3/6/2026
595809,Beto,3/6/2026
598577,Florian Wirtz,3/6/2026
601883,Matheus Nunes,3/6/2026
605184,Jean-Clair Todibo,3/6/2026
605426,Melker Ellborg,3/6/2026
606718,Toti,3/6/2026
607223,Rayan Cherki,3/6/2026
607224,Hannibal,3/6/2026
607226,Loum Tchaouna,3/6/2026
608832,Merlin Röhl,3/6/2026
609556,William Osula,3/6/2026
610849,Liam Delap,3/6/2026
611793,James Hill,3/6/2026
612517,Bashir Humphreys,3/6/2026
614258,Levi Colwill,3/6/2026
620322,Malo Gusto,3/6/2026
623570,Iliman Ndiaye,3/6/2026
624258,Conor Bradley,3/6/2026
626724,João Pedro,3/6/2026
627442,Benjamin Sesko,3/6/2026
627626,Wilfried Gnonto,3/6/2026
628451,Roméo Lavia,3/6/2026
633652,Calvin Ramsay,3/6/2026
633992,Enzo Le Fée,3/6/2026
644401,Keane Lewis-Potter,3/6/2026
645686,Lamare Bogarde,3/6/2026
646750,Cristhian Mosquera,3/6/2026
646991,Robin Roefs,3/6/2026
648195,Enzo Fernández,3/6/2026
654412,Abdoullah Ba,3/6/2026
654539,Adrien Truffert,3/6/2026
655488,Gabriel Martinelli,3/6/2026
656316,Gabriel Slonina,3/6/2026
659813,Piero Hincapié,3/6/2026
661053,Jarrad Branthwaite,3/6/2026
661207,Oscar Bobb,3/6/2026
661427,David Møller Wolfe,3/6/2026
667121,Rodrigo Gomes,3/6/2026
667287,Yasin Ayari,3/6/2026
670717,Dário Essugo,3/6/2026
670858,Lewis Hall,3/6/2026
670882,Jamie Gittens,3/6/2026
673492,Morato,3/6/2026
683571,Tolu Arokodare,3/6/2026
683620,Antoni Milambo,3/6/2026
684210,Jaidon Anthony,3/6/2026
687626,Moisés Caicedo,3/6/2026
689637,Chadi Riad,3/6/2026
696181,Romaine Mundle,3/6/2026
696589,Tim Iroegbunam,3/6/2026
698164,Freddie Potts,3/6/2026
698678,Hugo Bueno,3/6/2026
701057,Rico Lewis,3/6/2026
706815,Harvey Davies,3/6/2026
708072,Nicolò Savona,3/6/2026
709726,Hugo Ekitiké,3/6/2026
711337,Evanilson,3/6/2026
711544,Jake O'Brien,3/6/2026
711999,Lesley Ugochukwu,3/6/2026
712099,Dexter Lembikisa,3/6/2026
716276,Yerson Mosquera,3/6/2026
717411,Yegor Yarmolyuk,3/6/2026
719673,Ben Gannon-Doak,3/6/2026
725912,Antonín Kinský,3/6/2026
727089,Noah Sadiki,3/6/2026
730861,Milos Kerkez,3/6/2026
730893,Tyrick Mitchell,3/6/2026
731466,Teddy Sharman-Lowe,3/6/2026
735570,João Gomes,3/6/2026
735571,Rodrigo Muniz,3/6/2026
739443,Igor Thiago,3/6/2026
741238,Omari Hutchinson,3/6/2026
741257,Álex Jiménez,3/6/2026
743384,Chemsdine Talbi,3/6/2026
743413,Nico O'Reilly,3/6/2026
743498,Wilson Odobert,3/6/2026
743591,Savinho,3/6/2026
743600,Andrey Santos,3/6/2026
744149,Adam Wharton,3/6/2026
745181,Soungoutou Magassa,3/6/2026
746833,Caleb Wiley,3/6/2026
747009,Justin Devenny,3/6/2026
748319,Carlos Alcaraz,3/6/2026
763079,Abdukodir Khusanov,3/6/2026
800176,André,3/6/2026
801734,Mathys Tel,3/6/2026
811779,Alejandro Garnacho,3/6/2026
817665,Pablo,3/6/2026
820374,Kobbie Mainoo,3/6/2026
823231,Dango Ouattara,3/6/2026
823486,Michael Kayode,3/6/2026
829299,Max Weiß,3/6/2026
842341,Maxime Estève,3/6/2026
843595,Max Alleyne,3/6/2026
848509,Jackson Tchatchoua,3/6/2026
848753,Tommy Setford,3/6/2026
855256,Alex Scott,3/6/2026
860078,Kaden Rodney,3/6/2026
863741,Nathan Fraser,3/6/2026
864799,Stefan Bajcetic,3/6/2026
866246,Lucas Bergvall,3/6/2026
866655,Tyler Dibling,3/6/2026
867688,Jack Hinshelwood,3/6/2026
876631,Habib Diarra,3/6/2026
880245,Mateus Fernandes,3/6/2026
883539,Charlie Crew,3/6/2026
890721,Myles Lewis-Skelly,3/6/2026
897481,Eric da Silva Moreira,3/6/2026
900195,Kevin,3/6/2026
900601,Alex Murphy,3/6/2026
903611,Nilson Angulo,3/6/2026
904802,Jorrel Hato,3/6/2026
910905,Mamadou Sarr,3/6/2026
911424,Tyler Fredricson,3/6/2026
911736,Sverre Nypan,3/6/2026
922563,Oliver Scarles,3/6/2026
922693,Archie Gray,3/6/2026
922769,Lewis Miley,3/6/2026
923831,Leny Yoro,3/6/2026
926952,Patrick Dorgu,3/6/2026
927768,Lucas Pires,3/6/2026
933017,Zach Abbott,3/6/2026
936874,Tyrique George,3/6/2026
937840,Harrison Jones,3/6/2026
937941,Thierno Barry,3/6/2026
938146,Adam Aznou,3/6/2026
938158,Marc Guiu,3/6/2026
942738,Milan Aleksic,3/6/2026
947411,Chris Rigg,3/6/2026
950091,Stefanos Tzimas,3/6/2026
955357,Junior Kroupi,3/6/2026
967346,Eliezer Mayenda,3/6/2026
973085,Carlos Baleba,3/6/2026
983248,Callan McKenna,3/6/2026
983989,Facundo Buonanotte,3/6/2026
984096,Jair Cunha,3/6/2026
989112,Veljko Milosavljevic,3/6/2026
994604,Matai Akinmboni,3/6/2026
996897,Diego Gómez,3/6/2026
998101,Alex Tóth,3/6/2026
1004203,Keiber Lamadrid,3/6/2026
1004708,Josh Acheampong,3/6/2026
1005583,Alysson,3/6/2026
1005649,Murillo,3/6/2026
1006411,Jaydee Canvot,3/6/2026
1009658,Julio Soler,3/6/2026
1011131,Josh King,3/6/2026
1011936,Kaye Furo,3/6/2026
1012534,Yankuba Minteh,3/6/2026
1012564,Rayan,3/6/2026
1015619,Ahmed Abdullahi,3/6/2026
1041600,James Wilson,3/6/2026
1042886,Chido Obi,3/6/2026
1045123,Trey Nyoni,3/6/2026
1047257,Rio Cardines,3/6/2026
1047261,Caleb Kporha,3/6/2026
1056993,Estêvão,3/6/2026
1060087,Charalampos Kostoulas,3/6/2026
1060740,Enso González,3/6/2026
1063329,Andrés García,3/6/2026
1069512,Jonah Kusi-Asare,3/6/2026
1078163,Ayden Heaven,3/6/2026
1081995,Mohamadou Kanté,3/6/2026
1086258,Souza,3/6/2026
1086619,Giovanni Leoni,3/6/2026
1091562,Romelle Donovan,3/6/2026
1107726,Ezra Mayers,3/6/2026
1107733,Harrison Armstrong,3/6/2026
1108466,Rio Ngumoha,3/6/2026
1111589,El Hadji Malick Diouf,3/6/2026
1124005,Christantus Uche,3/6/2026
1187629,Max Dowman,3/6/2026
1193867,Pedro Lima,3/6/2026
1230661,Mateus Mané,3/6/2026
1283997,Diego León,3/6/2026
1322090,Jocelin Ta Bi,3/6/2026
